building_id,Production_réelle,Production_prédite,Erreur,ErreurAbs
1,1.8,1.9892249,-0.18922491073608394,0.18922491073608394
1,2.7,2.9356294,-0.23562936782836896,0.23562936782836896
1,0.9,0.54504,0.3549599885940552,0.3549599885940552
1,2.9,3.0080786,-0.10807857513427743,0.10807857513427743
1,3.1,3.4161556,-0.31615557670593253,0.31615557670593253
1,4.4,3.8866377,0.5133623123168949,0.5133623123168949
1,1.4,0.7992383,0.6007616758346557,0.6007616758346557
1,22.3,26.292767,-3.992766571044921,3.992766571044921
1,4.6,3.0703804,1.5296195507049557,1.5296195507049557
1,18.6,23.633207,-5.033207321166991,5.033207321166991
1,1.1,0.7394215,0.36057851314544687,0.36057851314544687
1,16.1,19.160172,-3.060171508789061,3.060171508789061
1,2.0,1.8217552,0.17824482917785645,0.17824482917785645
1,38.2,42.67725,-4.477249908447263,4.477249908447263
1,42.1,43.246468,-1.1464675903320298,1.1464675903320298
1,39.9,43.51187,-3.6118713378906264,3.6118713378906264
1,1.5000000000000002,2.3131108,-0.813110828399658,0.813110828399658
1,22.9,17.944511,4.95548858642578,4.95548858642578
1,7.3,3.6315084,3.6684916496276854,3.6684916496276854
1,1.7,1.6886644,0.011335563659667924,0.011335563659667924
1,9.3,9.777539,-0.47753925323486257,0.47753925323486257
1,16.3,15.51402,0.7859800338745124,0.7859800338745124
1,45.3,46.167683,-0.867682647705081,0.867682647705081
1,46.9,43.366142,3.53385772705078,3.53385772705078
1,46.7,41.46344,5.236560058593753,5.236560058593753
1,46.1,45.480186,0.6198135375976577,0.6198135375976577
1,46.9,45.53688,1.363119506835936,1.363119506835936
1,46.599999999999994,43.69706,2.902940368652338,2.902940368652338
1,3.8,2.8195186,0.980481433868408,0.980481433868408
1,35.0,27.566803,7.433197021484375,7.433197021484375
1,38.0,31.013985,6.986015319824219,6.986015319824219
1,10.6,10.528008,0.07199153900146449,0.07199153900146449
1,42.9,37.418823,5.481176757812499,5.481176757812499
1,50.800000000000004,50.233936,0.5660636901855511,0.5660636901855511
1,49.6,47.033936,2.5660644531250014,2.5660644531250014
1,46.3,47.233475,-0.9334747314453153,0.9334747314453153
1,48.00000000000001,48.388943,-0.38894271850585227,0.38894271850585227
1,42.9,41.492268,1.4077323913574205,1.4077323913574205
1,2.5,1.0223744,1.4776256084442139,1.4776256084442139
1,8.2,7.403988,0.7960121154785149,0.7960121154785149
1,4.7,3.1455839,1.5544161319732668,1.5544161319732668
1,12.9,12.6593485,0.24065151214599645,0.24065151214599645
1,4.3,3.2371883,1.0628116607666014,1.0628116607666014
1,25.0,22.190641,2.809358596801758,2.809358596801758
1,22.2,24.839977,-2.6399772644042976,2.6399772644042976
1,25.5,25.574675,-0.07467460632324219,0.07467460632324219
1,3.2,3.3461537,-0.14615373611450178,0.14615373611450178
1,23.9,30.518274,-6.618274307250978,6.618274307250978
1,21.4,25.190104,-3.7901035308837905,3.7901035308837905
1,27.9,24.910698,2.98930206298828,2.98930206298828
1,26.3,26.500105,-0.20010490417480398,0.20010490417480398
1,1.8,1.9030327,-0.10303266048431392,0.10303266048431392
1,1.3,1.5183856,-0.21838564872741695,0.21838564872741695
1,26.3,28.65329,-2.3532897949218743,2.3532897949218743
1,13.5,12.256882,1.2431182861328125,1.2431182861328125
1,14.7,15.043746,-0.3437459945678718,0.3437459945678718
1,40.0,38.82625,1.1737518310546875,1.1737518310546875
1,49.7,46.294422,3.4055778503417997,3.4055778503417997
1,49.9,47.42643,2.4735702514648423,2.4735702514648423
1,45.7,46.384567,-0.6845672607421847,0.6845672607421847
1,47.300000000000004,45.36948,1.9305198669433636,1.9305198669433636
1,42.4,41.4536,0.9463981628417955,0.9463981628417955
1,25.400000000000002,28.508926,-3.1089263916015604,3.1089263916015604
1,27.8,23.437479,4.362520980834962,4.362520980834962
1,41.1,38.75471,2.3452888488769545,2.3452888488769545
1,47.7,46.575523,1.124476623535159,1.124476623535159
1,47.5,46.6146,0.8853988647460938,0.8853988647460938
1,46.3,45.138775,1.1612251281738253,1.1612251281738253
1,45.6,45.78278,-0.1827796936035142,0.1827796936035142
1,44.6,46.20082,-1.600820922851561,1.600820922851561
1,32.4,27.74184,4.6581596374511705,4.6581596374511705
1,1.3,-0.9629889,2.2629889130592344,2.2629889130592344
1,2.8,2.906714,-0.10671396255493182,0.10671396255493182
1,9.9,9.441415,0.4585851669311527,0.4585851669311527
1,28.2,28.205105,-0.0051048278808600855,0.0051048278808600855
1,15.0,16.986065,-1.9860649108886719,1.9860649108886719
1,10.6,10.035066,0.5649343490600582,0.5649343490600582
1,3.0000000000000004,4.304832,-1.304831981658935,1.304831981658935
1,7.2,6.4021177,0.7978822708129885,0.7978822708129885
1,47.1,46.643837,0.45616302490234517,0.45616302490234517
1,40.3,37.891777,2.4082229614257784,2.4082229614257784
1,12.4,13.127222,-0.7272220611572262,0.7272220611572262
1,10.3,9.728281,0.5717189788818366,0.5717189788818366
1,42.8,43.29106,-0.49106140136719034,0.49106140136719034
1,23.8,23.82879,-0.028790664672850852,0.028790664672850852
1,33.7,29.149145,4.550854873657229,4.550854873657229
1,41.5,38.624096,2.875904083251953,2.875904083251953
1,41.2,39.723377,1.4766227722167997,1.4766227722167997
1,40.9,40.00068,0.8993209838867173,0.8993209838867173
1,41.0,38.277008,2.722991943359375,2.722991943359375
1,39.2,36.628433,2.5715667724609403,2.5715667724609403
1,28.3,27.359835,0.9401653289794929,0.9401653289794929
1,28.3,31.266733,-2.9667331695556634,2.9667331695556634
1,24.9,23.478941,1.4210590362548814,1.4210590362548814
1,9.7,9.067493,0.6325065612792962,0.6325065612792962
1,8.5,8.127498,0.37250232696533203,0.37250232696533203
1,25.400000000000002,25.386335,0.013664627075197444,0.013664627075197444
1,24.3,22.061121,2.238879013061524,2.238879013061524
1,17.5,17.553396,-0.05339622497558594,0.05339622497558594
1,38.2,37.060635,1.1393653869628935,1.1393653869628935
1,19.0,18.439016,0.5609836578369141,0.5609836578369141
1,17.9,16.6573,1.242699050903319,1.242699050903319
1,4.7,5.4031286,-0.7031286239624022,0.7031286239624022
1,19.5,24.000072,-4.500072479248047,4.500072479248047
1,21.7,19.999626,1.7003738403320305,1.7003738403320305
1,37.0,36.739544,0.2604560852050781,0.2604560852050781
1,5.3,5.4763618,-0.17636175155639666,0.17636175155639666
1,7.2,4.883389,2.3166110038757326,2.3166110038757326
1,20.8,19.746738,1.05326156616211,1.05326156616211
1,16.2,16.355808,-0.15580825805664134,0.15580825805664134
1,26.3,29.66694,-3.3669406890869134,3.3669406890869134
1,35.9,35.922375,-0.022374725341798296,0.022374725341798296
1,35.5,34.032642,1.4673576354980469,1.4673576354980469
1,35.3,32.57877,2.7212303161621065,2.7212303161621065
1,32.1,28.425972,3.67402801513672,3.67402801513672
1,27.9,27.810146,0.0898536682128892,0.0898536682128892
1,25.3,26.782036,-1.482035827636718,1.482035827636718
1,12.6,15.266045,-2.666044616699219,2.666044616699219
1,15.3,18.733252,-3.4332515716552727,3.4332515716552727
1,3.7,2.3875556,1.3124444007873537,1.3124444007873537
1,30.1,29.45845,0.6415496826171889,0.6415496826171889
1,32.3,30.922806,1.3771942138671847,1.3771942138671847
1,23.4,19.532665,3.8673347473144517,3.8673347473144517
1,24.6,22.949976,1.6500240325927749,1.6500240325927749
1,26.8,25.834175,0.9658248901367195,0.9658248901367195
1,11.0,14.578686,-3.578685760498047,3.578685760498047
1,21.5,22.526442,-1.0264415740966797,1.0264415740966797
1,21.1,24.100353,-3.0003532409667955,3.0003532409667955
1,23.7,26.371058,-2.6710575103759773,2.6710575103759773
1,26.1,25.786032,0.3139682769775405,0.3139682769775405
1,28.6,29.501175,-0.9011749267578111,0.9011749267578111
1,28.2,27.377378,0.8226215362548821,0.8226215362548821
1,16.0,18.783518,-2.783517837524414,2.783517837524414
1,28.4,27.756521,0.6434787750244126,0.6434787750244126
1,26.5,26.152819,0.3471813201904297,0.3471813201904297
1,6.8,9.068318,-2.2683183670043947,2.2683183670043947
1,25.2,23.143267,2.056733322143554,2.056733322143554
1,28.6,29.382145,-0.7821449279785142,0.7821449279785142
1,15.7,16.147572,-0.44757156372070384,0.44757156372070384
1,7.4,6.847306,0.5526942253112797,0.5526942253112797
1,11.9,12.978817,-1.078816986083984,1.078816986083984
1,17.7,20.973083,-3.2730834960937507,3.2730834960937507
1,27.2,26.173588,1.0264122009277337,1.0264122009277337
1,8.8,9.675122,-0.8751222610473626,0.8751222610473626
1,22.9,25.028114,-2.1281143188476577,2.1281143188476577
1,19.9,20.125902,-0.22590217590332173,0.22590217590332173
1,27.1,29.628525,-2.528524780273436,2.528524780273436
1,24.700000000000003,25.065285,-0.3652847290039034,0.3652847290039034
1,26.1,26.238335,-0.13833465576171733,0.13833465576171733
1,15.6,14.3082075,1.2917924880981442,1.2917924880981442
1,24.3,21.434044,2.865956115722657,2.865956115722657
1,7.0,7.4584975,-0.4584975242614746,0.4584975242614746
1,25.8,28.033516,-2.2335159301757805,2.2335159301757805
1,26.3,26.337711,-0.037711334228514914,0.037711334228514914
1,25.3,25.325312,-0.025311660766600852,0.025311660766600852
1,26.7,27.005102,-0.30510215759277415,0.30510215759277415
1,27.1,26.093657,1.0063434600830092,1.0063434600830092
1,27.3,26.74602,0.5539806365966804,0.5539806365966804
1,27.2,26.108074,1.0919258117675774,1.0919258117675774
1,26.3,26.36623,-0.06623001098632741,0.06623001098632741
1,27.5,26.24238,1.257619857788086,1.257619857788086
1,28.3,25.9054,2.394600677490235,2.394600677490235
1,29.7,28.476368,1.2236320495605462,1.2236320495605462
1,28.0,25.690897,2.309103012084961,2.309103012084961
1,27.7,24.394604,3.3053962707519524,3.3053962707519524
1,25.0,22.937386,2.0626144409179688,2.0626144409179688
1,17.7,14.131596,3.5684043884277337,3.5684043884277337
1,22.3,22.312716,-0.012715530395507102,0.012715530395507102
1,29.3,28.509144,0.7908561706542976,0.7908561706542976
1,29.2,28.479511,0.7204887390136712,0.7204887390136712
1,12.9,12.108998,0.7910017013549808,0.7910017013549808
1,19.4,21.241026,-1.8410259246826186,1.8410259246826186
1,21.6,22.199125,-0.5991252899169908,0.5991252899169908
1,12.9,12.268234,0.6317657470703129,0.6317657470703129
1,26.5,25.113733,1.3862667083740234,1.3862667083740234
1,30.5,30.753712,-0.2537117004394531,0.2537117004394531
1,30.4,29.701735,0.6982654571533189,0.6982654571533189
1,26.7,24.242111,2.457888793945312,2.457888793945312
1,17.9,19.530876,-1.6308761596679702,1.6308761596679702
1,25.2,25.444956,-0.24495582580566477,0.24495582580566477
1,22.9,25.602545,-2.7025447845459,2.7025447845459
1,26.9,29.341047,-2.441047286987306,2.441047286987306
1,29.6,31.846659,-2.2466587066650376,2.2466587066650376
1,29.5,32.187096,-2.6870956420898438,2.6870956420898438
1,29.5,30.405924,-0.9059238433837891,0.9059238433837891
1,27.8,27.666082,0.13391761779785227,0.13391761779785227
1,17.5,13.815995,3.684004783630371,3.684004783630371
1,5.7,4.326207,1.3737928390502931,1.3737928390502931
1,31.3,34.351383,-3.051383209228515,3.051383209228515
1,22.2,21.806929,0.3930713653564446,0.3930713653564446
1,23.9,23.489172,0.41082801818847514,0.41082801818847514
1,32.3,33.748917,-1.4489166259765653,1.4489166259765653
1,27.6,28.15356,-0.553560638427733,0.553560638427733
1,24.6,29.189127,-4.589126968383788,4.589126968383788
1,33.7,34.210606,-0.5106056213378878,0.5106056213378878
1,23.1,24.665997,-1.5659965515136705,1.5659965515136705
1,28.7,29.927835,-1.2278354644775398,1.2278354644775398
1,4.1,6.017972,-1.9179719924926761,1.9179719924926761
1,32.6,37.18741,-4.587408447265624,4.587408447265624
1,25.400000000000002,24.563322,0.8366779327392599,0.8366779327392599
1,32.1,31.492031,0.607968902587892,0.607968902587892
1,25.2,23.900293,1.2997066497802727,1.2997066497802727
1,25.9,27.482977,-1.5829769134521499,1.5829769134521499
1,29.7,30.245226,-0.545225906372071,0.545225906372071
1,28.0,27.62298,0.37701988220214844,0.37701988220214844
1,17.3,18.729593,-1.4295932769775384,1.4295932769775384
1,34.2,34.1873,0.012698364257815342,0.012698364257815342
1,8.7,9.260409,-0.5604093551635749,0.5604093551635749
1,26.7,26.765083,-0.06508331298828196,0.06508331298828196
1,24.5,23.48148,1.0185203552246094,1.0185203552246094
1,3.2,0.7932687,2.4067313194274904,2.4067313194274904
1,39.2,41.509396,-2.3093955993652315,2.3093955993652315
1,39.0,40.7606,-1.7606010437011719,1.7606010437011719
1,39.1,40.386406,-1.2864059448242173,1.2864059448242173
1,38.6,38.151505,0.4484954833984389,0.4484954833984389
1,38.7,39.60817,-0.9081695556640597,0.9081695556640597
1,37.9,39.94424,-2.044240570068361,2.044240570068361
1,38.0,39.545494,-1.5454940795898438,1.5454940795898438
1,28.6,25.285835,3.31416473388672,3.31416473388672
1,24.6,22.725855,1.8741451263427749,1.8741451263427749
1,38.9,40.987152,-2.0871520996093764,2.0871520996093764
1,39.5,40.199806,-0.6998062133789062,0.6998062133789062
1,26.8,27.501894,-0.7018939971923821,0.7018939971923821
1,37.7,38.304638,-0.604637908935544,0.604637908935544
1,40.9,43.668938,-2.76893768310547,2.76893768310547
1,41.9,42.74753,-0.847531890869142,0.847531890869142
1,21.2,25.012058,-3.8120582580566413,3.8120582580566413
1,34.7,33.373672,1.3263275146484403,1.3263275146484403
1,19.4,19.703234,-0.30323371887207173,0.30323371887207173
1,4.7,5.1647234,-0.46472339630126935,0.46472339630126935
1,17.4,20.79056,-3.3905597686767592,3.3905597686767592
1,38.4,43.899548,-5.499547576904298,5.499547576904298
1,25.3,24.386683,0.9133174896240241,0.9133174896240241
1,37.4,36.872406,0.5275939941406236,0.5275939941406236
1,37.1,39.03734,-1.937338256835936,1.937338256835936
1,38.0,39.72826,-1.7282600402832031,1.7282600402832031
1,42.6,42.041496,0.5585037231445327,0.5585037231445327
1,35.1,34.221714,0.8782859802246108,0.8782859802246108
1,16.0,15.482718,0.5172815322875977,0.5172815322875977
1,46.2,43.759403,2.440596771240237,2.440596771240237
1,46.1,46.335556,-0.23555603027343608,0.23555603027343608
1,45.8,46.51293,-0.7129318237304716,0.7129318237304716
1,45.3,45.470398,-0.17039794921875284,0.17039794921875284
1,19.4,18.416187,0.9838127136230455,0.9838127136230455
1,16.9,13.3356695,3.5643304824829087,3.5643304824829087
1,9.0,8.300796,0.6992044448852539,0.6992044448852539
1,7.6,5.8994565,1.7005434989929196,1.7005434989929196
1,4.3,3.5007796,0.7992203712463377,0.7992203712463377
1,2.8,2.9401803,-0.14018030166625994,0.14018030166625994
1,12.3,13.756218,-1.456217956542968,1.456217956542968
1,29.8,28.006752,1.7932479858398445,1.7932479858398445
1,18.4,15.858618,2.541382217407225,2.541382217407225
1,13.8,15.4727,-1.672700119018554,1.672700119018554
1,7.0,8.273399,-1.2733993530273438,1.2733993530273438
1,28.5,29.434765,-0.9347648620605469,0.9347648620605469
1,6.5,7.8493648,-1.3493647575378418,1.3493647575378418
1,3.9,3.0187604,0.8812395572662353,0.8812395572662353
1,2.7,2.7253408,-0.025340843200683416,0.025340843200683416
1,10.3,10.253442,0.046558189392090554,0.046558189392090554
1,3.2,3.4137564,-0.21375637054443342,0.21375637054443342
1,6.2,5.1384573,1.0615427017211916,1.0615427017211916
1,13.3,11.238947,2.061053085327149,2.061053085327149
1,35.1,36.28306,-1.1830581665039048,1.1830581665039048
1,22.9,18.129128,4.770872497558592,4.770872497558592
1,25.5,24.74229,0.7577095031738281,0.7577095031738281
1,42.3,43.51734,-1.217341613769534,1.217341613769534
1,4.5,2.6655388,1.8344612121582031,1.8344612121582031
1,37.3,32.75778,4.542221832275388,4.542221832275388
1,13.1,12.384571,0.7154289245605465,0.7154289245605465
1,6.4,5.434082,0.9659179687500004,0.9659179687500004
1,2.1,2.463412,-0.36341204643249503,0.36341204643249503
1,13.1,16.696003,-3.5960029602050785,3.5960029602050785
1,1.5000000000000002,1.3063585,0.19364154338836692,0.19364154338836692
1,3.5,3.2355673,0.2644326686859131,0.2644326686859131
1,3.4,2.78024,0.6197599411010741,0.6197599411010741
1,27.5,26.978048,0.5219516754150391,0.5219516754150391
1,28.4,28.283524,0.11647644042968608,0.11647644042968608
1,42.1,42.76551,-0.6655105590820298,0.6655105590820298
1,12.4,11.23466,1.1653398513793949,1.1653398513793949
1,1.8,1.0249596,0.7750404357910157,0.7750404357910157
1,1.4,1.3073417,0.09265830516815177,0.09265830516815177
1,5.7,4.5654383,1.1345617294311525,1.1345617294311525
1,23.8,21.857841,1.942158508300782,1.942158508300782
1,1.1,0.2613379,0.8386620938777924,0.8386620938777924
1,15.2,16.517416,-1.3174160003662116,1.3174160003662116
1,5.1,3.8103461,1.2896538734436032,1.2896538734436032
1,12.9,11.345468,1.5545324325561527,1.5545324325561527
1,15.2,15.811206,-0.6112058639526374,0.6112058639526374
1,7.0,4.1642656,2.8357343673706055,2.8357343673706055
1,2.5,1.926089,0.5739109516143799,0.5739109516143799
1,1.2,1.3270314,-0.12703137397766118,0.12703137397766118
1,13.2,17.161232,-3.961231994628907,3.961231994628907
1,2.1,1.8504844,0.24951562881469735,0.24951562881469735
1,1.1,1.6306489,-0.5306488513946532,0.5306488513946532
1,11.9,11.566157,0.3338426589965824,0.3338426589965824
1,7.2,4.068811,3.131189060211182,3.131189060211182
1,12.9,11.926685,0.9733146667480472,0.9733146667480472
1,4.9,5.1494637,-0.24946365356445277,0.24946365356445277
1,21.0,25.073517,-4.073516845703125,4.073516845703125
1,0.6,-1.0022638,1.6022637844085694,1.6022637844085694
1,2.8,1.8232145,0.9767854690551756,0.9767854690551756
1,1.8,1.7875037,0.01249628067016606,0.01249628067016606
1,0.8,0.9795249,-0.17952491044998165,0.17952491044998165
1,4.3,5.7611585,-1.4611584663391115,1.4611584663391115
1,7.6,10.0550995,-2.455099487304688,2.455099487304688
1,3.3,4.0838137,-0.7838136672973635,0.7838136672973635
1,12.8,11.561921,1.2380788803100593,1.2380788803100593
1,3.0000000000000004,2.9140217,0.08597826957702681,0.08597826957702681
1,14.9,12.814123,2.085876846313477,2.085876846313477
1,11.6,10.278685,1.3213153839111325,1.3213153839111325
1,3.0000000000000004,2.3197455,0.680254459381104,0.680254459381104
1,1.0,1.5583504,-0.5583504438400269,0.5583504438400269
1,33.1,34.63007,-1.5300697326660142,1.5300697326660142
1,2.7,2.647146,0.05285401344299334,0.05285401344299334
1,34.3,33.40993,0.890068817138669,0.890068817138669
1,36.1,37.73862,-1.6386207580566392,1.6386207580566392
1,34.3,35.222954,-0.9229537963867216,0.9229537963867216
1,12.1,18.899933,-6.799932861328125,6.799932861328125
1,19.4,17.95989,1.4401096343994126,1.4401096343994126
1,2.3,2.5346577,-0.2346577167510988,0.2346577167510988
1,1.2,0.83528703,0.3647129654884338,0.3647129654884338
1,2.1,1.4850374,0.6149625539779664,0.6149625539779664
1,31.5,35.894707,-4.394706726074219,4.394706726074219
1,0.5,-0.15585756,0.6558575630187988,0.6558575630187988
1,8.2,7.72544,0.47455997467040945,0.47455997467040945
1,3.4,2.9111605,0.48883953094482413,0.48883953094482413
1,11.7,10.489987,1.2100126266479485,1.2100126266479485
1,0.3,0.3772697,-0.07726968526840211,0.07726968526840211
1,14.5,10.499737,4.000263214111328,4.000263214111328
1,8.5,6.382096,2.1179041862487793,2.1179041862487793
1,7.1,9.91615,-2.8161500930786136,2.8161500930786136
1,1.5000000000000002,1.1685387,0.33146131038665794,0.33146131038665794
1,0.2,-0.6668755,0.8668754816055297,0.8668754816055297
1,19.2,24.69506,-5.4950607299804695,5.4950607299804695
1,0.9,0.16119573,0.7388042747974396,0.7388042747974396
1,1.7,2.9772096,-1.2772095680236817,1.2772095680236817
1,4.9,3.0157325,1.8842674732208256,1.8842674732208256
1,6.2,10.417753,-4.217753219604492,4.217753219604492
1,5.6,5.373391,0.226608848571777,0.226608848571777
1,2.9,3.0592213,-0.1592212677001954,0.1592212677001954
1,23.7,29.497948,-5.7979476928710945,5.7979476928710945
1,3.4,2.6560614,0.7439385890960692,0.7439385890960692
1,1.6,2.2534637,-0.6534637451171874,0.6534637451171874
1,21.1,23.32051,-2.220510864257811,2.220510864257811
1,0.3,0.2958558,0.004144209623336781,0.004144209623336781
1,0.9,0.6712211,0.22877892255783083,0.22877892255783083
1,5.2,3.8936992,1.3063008308410646,1.3063008308410646
1,16.7,16.466743,0.23325653076171804,0.23325653076171804
1,3.0000000000000004,3.1890554,-0.18905544281005815,0.18905544281005815
1,12.9,14.709329,-1.8093286514282223,1.8093286514282223
1,3.3,2.4674258,0.8325741767883299,0.8325741767883299
1,1.4,0.76308686,0.6369131445884704,0.6369131445884704
1,3.1,3.838188,-0.7381879329681396,0.7381879329681396
1,2.3,1.7505263,0.5494736909866331,0.5494736909866331
1,15.1,14.53172,0.5682798385620114,0.5682798385620114
1,11.5,10.090459,1.409541130065918,1.409541130065918
1,7.7,8.16785,-0.46784954071044904,0.46784954071044904
1,4.6,4.3451996,0.25480041503906214,0.25480041503906214
1,36.2,42.039604,-5.839604187011716,5.839604187011716
1,30.9,31.700048,-0.8000484466552749,0.8000484466552749
1,1.9,1.057104,0.842896008491516,0.842896008491516
1,7.8,5.454504,2.3454959869384764,2.3454959869384764
1,5.1,3.174735,1.9252649307250973,1.9252649307250973
1,40.1,40.934,-0.8339981079101548,0.8339981079101548
1,34.9,30.573711,4.326288604736327,4.326288604736327
1,0.6,2.847637,-2.2476369380950927,2.2476369380950927
1,2.4,2.5349183,-0.13491830825805673,0.13491830825805673
1,30.2,30.862091,-0.6620910644531257,0.6620910644531257
1,17.3,24.364553,-7.064553451538085,7.064553451538085
1,19.9,18.208294,1.6917060852050767,1.6917060852050767
1,2.2,2.2978802,-0.09788017272949201,0.09788017272949201
1,12.8,12.199672,0.6003282546997077,0.6003282546997077
1,6.2,4.3265324,1.8734676361083986,1.8734676361083986
1,20.8,23.765188,-2.9651882171630852,2.9651882171630852
1,2.1,1.0872308,1.0127691984176637,1.0127691984176637
1,1.5000000000000002,0.3303747,1.1696253120899203,1.1696253120899203
1,1.2,-0.25957167,1.4595716714859008,1.4595716714859008
1,0.8,3.2751737,-2.4751736640930178,2.4751736640930178
1,13.3,12.525678,0.7743223190307624,0.7743223190307624
1,34.3,32.676426,1.6235740661621065,1.6235740661621065
1,42.8,42.296867,0.5031326293945284,0.5031326293945284
1,34.1,29.5947,4.505300140380861,4.505300140380861
1,33.2,30.540985,2.659014892578128,2.659014892578128
1,28.3,24.030935,4.269064712524415,4.269064712524415
1,36.3,33.11254,3.1874588012695284,3.1874588012695284
1,22.3,20.547503,1.7524974822998054,1.7524974822998054
1,21.1,16.358145,4.7418552398681655,4.7418552398681655
1,2.4,2.446942,-0.04694209098815927,0.04694209098815927
1,6.8,4.831743,1.9682572364807127,1.9682572364807127
1,39.5,42.630848,-3.130847930908203,3.130847930908203
1,13.6,16.48524,-2.8852409362792972,2.8852409362792972
1,0.7,-1.3835839,2.0835839033126833,2.0835839033126833
1,11.8,9.941635,1.8583648681640632,1.8583648681640632
1,28.1,29.292877,-1.1928771972656236,1.1928771972656236
1,15.1,16.045591,-0.9455913543701175,0.9455913543701175
1,33.7,31.581911,2.11808891296387,2.11808891296387
1,37.6,38.0673,-0.46729888916015483,0.46729888916015483
1,2.5,2.2313452,0.26865482330322266,0.26865482330322266
1,26.7,25.1932,1.5068008422851555,1.5068008422851555
1,3.1,2.7460778,0.3539222240447999,0.3539222240447999
1,12.000000000000002,17.373514,-5.373514175415037,5.373514175415037
1,2.3,2.0348027,0.26519732475280744,0.26519732475280744
1,41.1,40.824078,0.27592239379882955,0.27592239379882955
1,9.4,7.526936,1.873063945770264,1.873063945770264
1,22.599999999999998,22.647974,-0.047974014282228694,0.047974014282228694
1,2.5,2.7746897,-0.2746896743774414,0.2746896743774414
1,14.3,14.966837,-0.6668369293212884,0.6668369293212884
1,14.5,10.095571,4.4044294357299805,4.4044294357299805
1,1.7,1.5059576,0.1940423965454101,0.1940423965454101
1,1.2,0.72283196,0.4771680355072021,0.4771680355072021
1,8.4,7.182844,1.2171558380126957,1.2171558380126957
1,27.5,25.335087,2.1649131774902344,2.1649131774902344
1,26.4,25.97394,0.42606010437011577,0.42606010437011577
1,1.8,0.79244554,1.0075544595718384,1.0075544595718384
1,17.7,16.585884,1.114115905761718,1.114115905761718
1,8.1,3.1794107,4.920589303970337,4.920589303970337
1,40.4,38.16792,2.2320808410644517,2.2320808410644517
1,18.3,20.509584,-2.209584426879882,2.209584426879882
1,46.9,46.422283,0.4777168273925767,0.4777168273925767
1,37.0,36.256924,0.7430763244628906,0.7430763244628906
1,25.1,29.9332,-4.833200836181639,4.833200836181639
1,45.199999999999996,42.47394,2.72605819702148,2.72605819702148
1,45.3,41.495056,3.804943847656247,3.804943847656247
1,42.2,41.350975,0.8490249633789091,0.8490249633789091
1,1.5000000000000002,4.579706,-3.0797061920166016,3.0797061920166016
1,51.4,47.329937,4.070063018798827,4.070063018798827
1,52.1,46.415447,5.6845527648925795,5.6845527648925795
1,51.1,47.858585,3.241414642333986,3.241414642333986
1,49.5,46.279476,3.2205238342285156,3.2205238342285156
1,37.7,37.57091,0.12908859252929972,0.12908859252929972
1,45.7,46.38686,-0.6868598937988253,0.6868598937988253
1,45.3,46.499306,-1.199305725097659,1.199305725097659
1,5.3,3.1487134,2.1512866497039793,2.1512866497039793
1,51.3,47.174133,4.125866699218747,4.125866699218747
1,48.5,50.743748,-2.2437477111816406,2.2437477111816406
1,48.3,49.95222,-1.6522209167480497,1.6522209167480497
1,47.0,45.287567,1.712432861328125,1.712432861328125
1,24.1,23.828001,0.27199897766113423,0.27199897766113423
1,46.7,43.350285,3.349715423583987,3.349715423583987
1,46.599999999999994,48.623985,-2.0239852905273494,2.0239852905273494
1,44.8,46.568836,-1.768836212158206,1.768836212158206
1,43.4,42.81068,0.5893196105957017,0.5893196105957017
1,43.0,44.308857,-1.3088569641113281,1.3088569641113281
1,42.4,42.53956,-0.13955841064453267,0.13955841064453267
1,41.9,43.698254,-1.7982536315917983,1.7982536315917983
1,43.2,42.9483,0.25170059204101847,0.25170059204101847
1,28.1,29.391518,-1.2915176391601548,1.2915176391601548
1,27.2,23.249966,3.95003433227539,3.95003433227539
1,45.900000000000006,46.71131,-0.8113113403320256,0.8113113403320256
1,42.5,43.88762,-1.3876190185546875,1.3876190185546875
1,34.4,32.82045,1.579550170898436,1.579550170898436
1,36.9,35.430412,1.4695877075195298,1.4695877075195298
1,32.5,27.729248,4.770751953125,4.770751953125
1,40.3,38.91082,1.3891799926757784,1.3891799926757784
1,41.3,42.837494,-1.5374938964843778,1.5374938964843778
1,35.9,36.412586,-0.5125862121582045,0.5125862121582045
1,41.3,41.06797,0.2320297241210909,0.2320297241210909
1,40.5,40.097923,0.40207672119140625,0.40207672119140625
1,37.3,37.853386,-0.5533859252929716,0.5533859252929716
1,40.7,40.725616,-0.025616455078122158,0.025616455078122158
1,34.5,34.17754,0.3224601745605469,0.3224601745605469
1,32.1,30.331114,1.7688861846923842,1.7688861846923842
1,19.1,20.189674,-1.0896743774414048,1.0896743774414048
1,21.8,21.36879,0.4312103271484382,0.4312103271484382
1,6.8,9.577384,-2.7773839950561525,2.7773839950561525
1,13.0,16.747183,-3.747182846069336,3.747182846069336
1,15.3,14.638695,0.661305236816407,0.661305236816407
1,31.1,31.917221,-0.8172210693359361,0.8172210693359361
1,21.9,21.758678,0.1413215637207017,0.1413215637207017
1,5.4,5.856546,-0.4565459251403805,0.4565459251403805
1,37.2,37.695137,-0.4951370239257784,0.4951370239257784
1,36.1,36.821117,-0.7211174011230455,0.7211174011230455
1,31.1,33.066887,-1.9668869018554673,1.9668869018554673
1,24.1,22.323505,1.7764945983886733,1.7764945983886733
1,24.3,23.954395,0.3456047058105476,0.3456047058105476
1,2.1,1.6657904,0.4342095613479615,0.4342095613479615
1,30.5,33.254364,-2.754364013671875,2.754364013671875
1,7.5,6.862183,0.6378169059753418,0.6378169059753418
1,13.5,11.53082,1.9691801071166992,1.9691801071166992
1,29.9,31.12787,-1.2278705596923842,1.2278705596923842
1,33.8,32.64325,1.1567504882812472,1.1567504882812472
1,33.3,31.000708,2.2992923736572237,2.2992923736572237
1,32.0,32.411106,-0.4111061096191406,0.4111061096191406
1,31.5,33.31698,-1.8169784545898438,1.8169784545898438
1,31.4,32.439358,-1.0393577575683608,1.0393577575683608
1,31.2,30.947409,0.25259132385253835,0.25259132385253835
1,16.4,18.64221,-2.2422100067138686,2.2422100067138686
1,3.7,1.7246902,1.9753098011016847,1.9753098011016847
1,29.7,36.3383,-6.638298797607423,6.638298797607423
1,17.5,16.526539,0.9734611511230469,0.9734611511230469
1,30.6,29.12806,1.4719406127929702,1.4719406127929702
1,30.8,28.375633,2.424366760253907,2.424366760253907
1,31.0,30.425196,0.5748043060302734,0.5748043060302734
1,25.400000000000002,27.023842,-1.6238418579101541,1.6238418579101541
1,28.6,28.24454,0.3554607391357436,0.3554607391357436
1,30.8,28.69287,2.1071308135986335,2.1071308135986335
1,29.2,28.00732,1.192679595947265,1.192679595947265
1,28.6,26.928549,1.6714511871337905,1.6714511871337905
1,18.5,16.470062,2.029937744140625,2.029937744140625
1,11.9,11.115289,0.7847112655639652,0.7847112655639652
1,6.8,5.7241306,1.0758693695068358,1.0758693695068358
1,6.3,7.6361814,-1.3361813545227053,1.3361813545227053
1,17.7,19.577114,-1.87711410522461,1.87711410522461
1,25.9,27.505236,-1.6052356719970717,1.6052356719970717
1,7.3,7.1986647,0.10133533477783185,0.10133533477783185
1,9.5,10.844217,-1.344217300415039,1.344217300415039
1,20.9,20.483295,0.41670455932617045,0.41670455932617045
1,27.5,27.370058,0.1299419403076172,0.1299419403076172
1,20.6,19.345568,1.254432296752931,1.254432296752931
1,7.3,8.890192,-1.5901920318603517,1.5901920318603517
1,14.7,15.727563,-1.0275629043579109,1.0275629043579109
1,17.1,19.888515,-2.788515472412108,2.788515472412108
1,6.3,5.3616147,0.9383852958679197,0.9383852958679197
1,14.0,14.848545,-0.8485450744628906,0.8485450744628906
1,16.1,19.023296,-2.9232963562011705,2.9232963562011705
1,11.9,11.274872,0.6251281738281254,0.6251281738281254
1,23.1,23.112286,-0.012285614013670454,0.012285614013670454
1,27.1,25.619768,1.480231857299806,1.480231857299806
1,27.1,24.73133,2.36866912841797,2.36866912841797
1,26.8,24.68292,2.1170795440673835,2.1170795440673835
1,26.6,24.5588,2.0412002563476577,2.0412002563476577
1,19.0,17.596437,1.4035625457763672,1.4035625457763672
1,20.9,20.783382,0.1166175842285142,0.1166175842285142
1,17.0,18.990246,-1.9902458190917969,1.9902458190917969
1,20.5,22.529573,-2.029573440551758,2.029573440551758
1,15.1,17.877634,-2.7776340484619144,2.7776340484619144
1,22.1,21.058096,1.0419040679931655,1.0419040679931655
1,14.4,13.88827,0.5117296218872074,0.5117296218872074
1,19.5,18.943287,0.5567131042480469,0.5567131042480469
1,26.7,25.959013,0.7409870147705071,0.7409870147705071
1,16.2,16.787386,-0.5873859405517585,0.5873859405517585
1,26.4,27.251482,-0.8514820098876967,0.8514820098876967
1,28.1,27.082884,1.0171161651611342,1.0171161651611342
1,23.5,25.186398,-1.6863975524902344,1.6863975524902344
1,24.4,21.921797,2.478203201293944,2.478203201293944
1,19.4,18.350952,1.0490478515624986,1.0490478515624986
1,27.5,30.153013,-2.653013229370117,2.653013229370117
1,29.4,29.401892,-0.0018917083740248586,0.0018917083740248586
1,29.5,31.755484,-2.255483627319336,2.255483627319336
1,24.8,26.206417,-1.4064170837402337,1.4064170837402337
1,10.6,10.641176,-0.04117622375488317,0.04117622375488317
1,2.5,1.5546945,0.9453054666519165,0.9453054666519165
1,19.5,23.73864,-4.238639831542969,4.238639831542969
1,28.3,28.064787,0.23521308898925852,0.23521308898925852
1,26.5,23.001299,3.4987010955810547,3.4987010955810547
1,25.0,26.887922,-1.8879222869873047,1.8879222869873047
1,30.8,26.807072,3.992928314208985,3.992928314208985
1,29.1,31.378082,-2.2780822753906236,2.2780822753906236
1,30.1,32.55789,-2.4578918457031236,2.4578918457031236
1,16.2,15.702472,0.49752826690673757,0.49752826690673757
1,23.299999999999997,23.290987,0.009012985229489345,0.009012985229489345
1,19.4,21.717913,-2.3179126739501967,2.3179126739501967
1,30.4,31.79695,-1.396949386596681,1.396949386596681
1,20.1,21.397348,-1.2973484039306626,1.2973484039306626
1,31.5,31.849785,-0.34978485107421875,0.34978485107421875
1,31.7,31.562704,0.13729591369628835,0.13729591369628835
1,31.2,31.388529,-0.18852882385253977,0.18852882385253977
1,22.7,21.440775,1.2592250823974602,1.2592250823974602
1,7.3,6.705742,0.5942581176757811,0.5942581176757811
1,14.7,18.92488,-4.22487907409668,4.22487907409668
1,21.4,23.326357,-1.9263568878173842,1.9263568878173842
1,34.0,35.12474,-1.1247406005859375,1.1247406005859375
1,33.6,33.40986,0.19014129638672017,0.19014129638672017
1,32.6,32.543922,0.05607757568359517,0.05607757568359517
1,32.9,30.69749,2.2025093078613267,2.2025093078613267
1,32.8,32.550747,0.24925308227538778,0.24925308227538778
1,32.1,29.742598,2.3574024200439467,2.3574024200439467
1,24.3,22.503927,1.7960727691650398,1.7960727691650398
1,22.7,20.182556,2.5174438476562493,2.5174438476562493
1,10.3,21.90743,-11.60743064880371,11.60743064880371
1,12.4,13.57385,-1.1738496780395504,1.1738496780395504
1,33.0,34.499023,-1.4990234375,1.4990234375
1,26.7,24.868872,1.8311283111572259,1.8311283111572259
1,23.1,23.633919,-0.5339187622070298,0.5339187622070298
1,20.5,18.59641,1.9035892486572266,1.9035892486572266
1,28.0,29.049952,-1.0499515533447266,1.0499515533447266
1,36.3,34.785397,1.5146034240722628,1.5146034240722628
1,31.6,32.70023,-1.1002296447753892,1.1002296447753892
1,27.4,28.347883,-0.9478832244873061,0.9478832244873061
1,23.4,21.791513,1.6084865570068345,1.6084865570068345
1,26.6,28.814829,-2.2148288726806626,2.2148288726806626
1,14.0,16.44019,-2.4401893615722656,2.4401893615722656
1,40.3,43.350933,-3.0509330749511747,3.0509330749511747
1,29.8,30.440586,-0.6405860900878899,0.6405860900878899
1,6.2,4.5217047,1.6782953262329103,1.6782953262329103
1,13.9,14.209641,-0.30964145660400355,0.30964145660400355
1,2.2,1.289567,0.9104330062866213,0.9104330062866213
1,18.3,22.725014,-4.4250137329101555,4.4250137329101555
1,20.6,21.472424,-0.8724235534667955,0.8724235534667955
1,41.3,41.382072,-0.08207244873047159,0.08207244873047159
1,30.3,34.27493,-3.9749290466308587,3.9749290466308587
1,31.6,31.179918,0.4200817108154311,0.4200817108154311
1,22.2,24.146578,-1.9465778350830085,1.9465778350830085
1,16.6,17.682138,-1.0821384429931626,1.0821384429931626
1,43.0,44.173573,-1.1735725402832031,1.1735725402832031
1,42.7,42.829456,-0.12945632934570028,0.12945632934570028
1,42.3,42.55584,-0.2558395385742216,0.2558395385742216
1,31.5,31.66377,-0.1637706756591797,0.1637706756591797
1,37.3,38.020298,-0.7202980041503935,0.7202980041503935
1,37.3,37.128887,0.17111282348632528,0.17111282348632528
1,41.3,41.55096,-0.2509605407714872,0.2509605407714872
1,40.3,39.894142,0.4058578491210909,0.4058578491210909
1,40.5,39.819412,0.6805877685546875,0.6805877685546875
1,27.4,37.8836,-10.48359832763672,10.48359832763672
1,38.1,37.836704,0.2632957458496108,0.2632957458496108
1,40.2,43.03435,-2.8343513488769503,2.8343513488769503
1,37.8,40.17625,-2.3762504577636747,2.3762504577636747
1,39.7,40.176323,-0.4763229370117159,0.4763229370117159
1,41.4,40.7557,0.6443008422851548,0.6443008422851548
1,40.1,39.877693,0.22230682373047017,0.22230682373047017
1,21.2,18.577923,2.6220771789550774,2.6220771789550774
1,6.6,7.20411,-0.604110145568848,0.604110145568848
1,7.8,6.660093,1.1399071693420408,1.1399071693420408
1,1.5000000000000002,0.27751034,1.222489655017853,1.222489655017853
1,14.8,15.790083,-0.990082931518554,0.990082931518554
1,33.1,31.9141,1.1858993530273452,1.1858993530273452
1,3.0000000000000004,3.440906,-0.4409060478210445,0.4409060478210445
1,43.0,46.153515,-3.153514862060547,3.153514862060547
1,14.1,12.094517,2.005483245849609,2.005483245849609
1,5.5,4.248666,1.2513341903686523,1.2513341903686523
1,24.6,33.528538,-8.92853775024414,8.92853775024414
1,24.8,25.526394,-0.7263938903808587,0.7263938903808587
1,4.3,3.878679,0.4213209629058836,0.4213209629058836
1,10.1,10.201802,-0.10180225372314489,0.10180225372314489
1,17.1,21.25474,-4.154739761352538,4.154739761352538
1,7.3,9.816556,-2.516555976867676,2.516555976867676
1,10.8,11.546603,-0.7466032028198235,0.7466032028198235
1,18.7,23.211771,-4.51177101135254,4.51177101135254
1,4.6,3.6663883,0.9336117267608639,0.9336117267608639
1,11.8,9.316146,2.4838541030883796,2.4838541030883796
1,25.1,27.584305,-2.484304809570311,2.484304809570311
1,38.3,36.99077,1.3092315673828097,1.3092315673828097
1,1.8,1.9059318,-0.10593183040618892,0.10593183040618892
1,2.3,2.8939736,-0.5939735889434816,0.5939735889434816
1,6.5,7.8819604,-1.381960391998291,1.381960391998291
1,17.7,22.224129,-4.524128723144532,4.524128723144532
1,31.9,35.487972,-3.587972259521486,3.587972259521486
1,17.0,12.86387,4.136130332946777,4.136130332946777
1,4.5,5.4564266,-0.9564266204833984,0.9564266204833984
1,5.1,4.579706,0.5202938079833981,0.5202938079833981
1,0.8,1.474862,-0.6748619794845581,0.6748619794845581
1,29.6,28.578913,1.0210872650146499,1.0210872650146499
1,25.6,18.670713,6.929286575317384,6.929286575317384
1,1.6,1.7431923,-0.14319231510162345,0.14319231510162345
1,14.0,17.351765,-3.351764678955078,3.351764678955078
1,12.700000000000001,11.897681,0.8023187637329112,0.8023187637329112
1,2.9,3.6110878,-0.7110877990722657,0.7110877990722657
1,3.1,3.087661,0.012338972091674894,0.012338972091674894
1,40.8,42.10256,-1.302558135986331,1.302558135986331
1,1.0,0.17734866,0.8226513415575027,0.8226513415575027
1,3.6,4.8050113,-1.2050112724304198,1.2050112724304198
1,1.8,1.7164875,0.08351247310638432,0.08351247310638432
1,23.5,25.918701,-2.418701171875,2.418701171875
1,41.8,44.598186,-2.7981864929199247,2.7981864929199247
1,36.4,35.423397,0.9766029357910142,0.9766029357910142
1,4.2,4.579706,-0.3797061920166014,0.3797061920166014
1,6.3,4.35305,1.946949768066406,1.946949768066406
1,33.5,30.789879,2.7101211547851562,2.7101211547851562
1,1.0,0.012717188,0.9872828116640449,0.9872828116640449
1,1.2,0.76210403,0.43789596557617183,0.43789596557617183
1,4.6,3.1198404,1.4801596164703366,1.4801596164703366
1,7.4,6.5567,0.843299770355225,0.843299770355225
1,34.1,32.924957,1.1750427246093764,1.1750427246093764
1,33.4,29.032562,4.367437744140624,4.367437744140624
1,7.2,6.6046095,0.5953905105590822,0.5953905105590822
1,15.3,15.136477,0.1635225296020515,0.1635225296020515
1,37.4,39.60137,-2.20137176513672,2.20137176513672
1,9.3,6.562443,2.737557220458985,2.737557220458985
1,25.1,16.165129,8.93487129211426,8.93487129211426
1,23.6,21.878742,1.7212577819824233,1.7212577819824233
1,31.8,33.869965,-2.0699645996093743,2.0699645996093743
1,4.1,3.3018146,0.7981854438781735,0.7981854438781735
1,0.7,0.7215398,-0.021539795398712203,0.021539795398712203
1,1.7,1.6454968,0.05450315475463863,0.05450315475463863
1,4.7,3.3480778,1.3519222259521486,1.3519222259521486
1,25.6,26.323465,-0.7234653472900376,0.7234653472900376
1,5.7,7.1560974,-1.4560974121093748,1.4560974121093748
1,4.8,3.2935095,1.5064905166625975,1.5064905166625975
1,12.3,15.838234,-3.5382339477539055,3.5382339477539055
1,1.0,1.3938496,-0.39384961128234863,0.39384961128234863
1,1.5000000000000002,1.9281917,-0.4281916618347166,0.4281916618347166
1,8.3,6.6395507,1.6604493141174324,1.6604493141174324
1,0.5,0.88661134,-0.38661134243011475,0.38661134243011475
1,5.0,4.3488107,0.6511893272399902,0.6511893272399902
1,1.0,0.3756364,0.6243636012077332,0.6243636012077332
1,3.4,3.367262,0.032738113403320224,0.032738113403320224
1,10.2,13.210231,-3.0102308273315437,3.0102308273315437
1,0.7,0.21606421,0.48393578529357906,0.48393578529357906
1,0.3,0.05001287,0.24998712837696074,0.24998712837696074
1,0.7,2.022604,-1.322603988647461,1.322603988647461
1,0.1,0.061529834,0.038470166176557546,0.038470166176557546
1,0.6,4.5161495,-3.9161495208740233,3.9161495208740233
1,1.4,13.17429,-11.77428970336914,11.77428970336914
1,0.1,0.18675403,-0.08675403296947479,0.08675403296947479
1,1.3,3.4034612,-2.103461217880249,2.103461217880249
1,0.1,0.922901,-0.8229009747505188,0.8229009747505188
1,0.5,4.2519727,-3.7519726753234863,3.7519726753234863
1,0.5,1.6422693,-1.142269253730774,1.142269253730774
1,0.1,0.50356966,-0.4035696625709534,0.4035696625709534
1,0.3,1.7541865,-1.4541865110397338,1.4541865110397338
1,0.6,0.5237114,0.07628861665725706,0.07628861665725706
1,1.7,2.009177,-0.3091769695281983,0.3091769695281983
1,0.1,1.8647593,-1.76475932598114,1.76475932598114
1,0.4,1.4247214,-1.024721360206604,1.024721360206604
1,1.0,2.7877812,-1.7877812385559082,1.7877812385559082
1,0.3,1.3590276,-1.059027624130249,1.059027624130249
1,0.3,0.22197263,0.07802737057209014,0.07802737057209014
1,0.6,3.0167954,-2.4167953968048095,2.4167953968048095
1,0.1,-1.142259,1.2422590017318726,1.2422590017318726
1,1.5000000000000002,1.3563095,0.14369046688079856,0.14369046688079856
1,2.9,2.1316876,0.7683123588562011,0.7683123588562011
1,3.6,2.5078828,1.0921171665191651,1.0921171665191651
1,3.4,3.8978424,-0.4978424072265626,0.4978424072265626
1,1.9,0.54206985,1.3579301476478576,1.3579301476478576
1,0.1,-0.72548234,0.8254823446273803,0.8254823446273803
1,3.9,0.75132525,3.148674750328064,3.148674750328064
1,0.6,0.56793076,0.03206924200057981,0.03206924200057981
1,0.4,0.26685598,0.13314401507377627,0.13314401507377627
1,0.9,0.2014781,0.6985219061374665,0.6985219061374665
1,0.3,0.80057573,-0.5005757331848144,0.5005757331848144
1,1.3,1.435098,-0.13509805202484126,0.13509805202484126
1,0.6,-0.40040356,1.0004035592079163,1.0004035592079163
1,0.3,-1.1679387,1.4679387092590332,1.4679387092590332
1,1.5000000000000002,0.5541538,0.9458461999893191,0.9458461999893191
1,2.4,2.3136556,0.08634438514709464,0.08634438514709464
1,0.5,0.06415269,0.43584731221199036,0.43584731221199036
1,3.1,1.7205237,1.379476284980774,1.379476284980774
1,0.3,-0.8439575,1.1439574837684632,1.1439574837684632
1,0.7,1.6841366,-0.9841366291046143,0.9841366291046143
1,0.5,1.4521506,-0.9521505832672119,0.9521505832672119
1,0.1,0.7806582,-0.6806581854820252,0.6806581854820252
1,2.2,1.1222445,1.0777555227279665,1.0777555227279665
1,0.1,0.13796839,-0.03796839118003845,0.03796839118003845
1,0.1,0.7233745,-0.6233744859695435,0.6233744859695435
1,0.1,-0.47319523,0.5731952250003814,0.5731952250003814
1,1.6,2.2669327,-0.666932725906372,0.666932725906372
1,6.6,4.651458,1.948542213439941,1.948542213439941
1,6.6,1.6542284,4.945771551132202,4.945771551132202
1,6.3,3.9225185,2.3774815082550047,2.3774815082550047
1,5.9,4.5062475,1.393752479553223,1.393752479553223
1,0.9,-0.8231776,1.7231775760650634,1.7231775760650634
1,2.7,1.5846719,1.1153281450271608,1.1153281450271608
1,2.6,2.3404138,0.25958619117736825,0.25958619117736825
1,2.8,1.9392883,0.8607117414474486,0.8607117414474486
1,2.9,2.7194738,0.18052616119384757,0.18052616119384757
1,4.3,2.4302576,1.869742441177368,1.869742441177368
1,5.2,4.6309648,0.5690352439880373,0.5690352439880373
1,3.4,3.36265,0.03735008239746085,0.03735008239746085
1,5.1,3.4615145,1.6384855270385739,1.6384855270385739
1,5.1,4.556489,0.5435110092163082,0.5435110092163082
1,5.5,4.579706,0.9202938079833984,0.9202938079833984
1,2.1,4.579706,-2.4797061920166015,2.4797061920166015
1,5.9,4.579706,1.3202938079833988,1.3202938079833988
1,5.8,6.400527,-0.6005270004272463,0.6005270004272463
1,5.5,5.1164083,0.3835916519165039,0.3835916519165039
1,5.8,5.470053,0.3299468040466307,0.3299468040466307
1,1.5000000000000002,2.044673,-0.5446729660034177,0.5446729660034177
1,3.2,2.1611695,1.0388304710388185,1.0388304710388185
1,0.6,-0.33101892,0.9310189247131347,0.9310189247131347
1,6.000000000000001,6.0937533,-0.09375333786010653,0.09375333786010653
1,5.8,3.627675,2.1723249435424803,2.1723249435424803
1,6.000000000000001,4.372643,1.627357006072999,1.627357006072999
1,4.8,3.86303,0.9369700431823729,0.9369700431823729
1,3.1,2.7581298,0.3418701648712159,0.3418701648712159
1,0.4,-0.4190449,0.8190449118614197,0.8190449118614197
1,3.5,2.813631,0.6863689422607422,0.6863689422607422
1,0.2,0.33615318,-0.13615317940711974,0.13615317940711974
1,0.8,2.1707945,-1.3707944869995117,1.3707944869995117
1,3.0000000000000004,1.9032638,1.0967361927032475,1.0967361927032475
1,2.6,1.8005675,0.7994324922561646,0.7994324922561646
1,1.5000000000000002,1.3969293,0.1030707359313967,0.1030707359313967
1,5.0,5.312662,-0.31266212463378906,0.31266212463378906
1,2.0,3.3207674,-1.3207674026489258,1.3207674026489258
1,5.7,7.219619,-1.519618797302246,1.519618797302246
1,1.0,0.73362553,0.26637446880340576,0.26637446880340576
1,0.6,-0.439423,1.0394229948520661,1.0394229948520661
1,5.0,3.8971584,1.1028416156768799,1.1028416156768799
1,46.2,27.813444,18.38655586242676,18.38655586242676
1,29.8,27.779474,2.020525741577149,2.020525741577149
1,39.0,35.98964,3.0103607177734375,3.0103607177734375
1,21.2,22.18888,-0.988880920410157,0.988880920410157
1,44.6,35.301723,9.298276519775392,9.298276519775392
1,44.9,41.096054,3.803945922851561,3.803945922851561
1,44.0,39.825314,4.174686431884766,4.174686431884766
1,42.8,41.082966,1.717034149169919,1.717034149169919
1,39.8,40.559578,-0.7595779418945341,0.7595779418945341
1,46.8,45.33029,1.4697082519531222,1.4697082519531222
1,40.1,39.951717,0.14828262329101705,0.14828262329101705
1,45.5,43.863934,1.6360664367675781,1.6360664367675781
1,12.6,13.243919,-0.6439193725585941,0.6439193725585941
1,29.7,23.031723,6.668276977539062,6.668276977539062
1,7.7,8.364716,-0.6647155761718748,0.6647155761718748
1,31.6,34.414093,-2.8140930175781236,2.8140930175781236
1,25.0,20.429356,4.570644378662109,4.570644378662109
1,14.2,13.50884,0.6911603927612298,0.6911603927612298
1,7.9,7.6622357,0.23776426315307653,0.23776426315307653
1,23.299999999999997,25.939083,-2.639083099365237,2.639083099365237
1,39.5,41.61498,-2.114978790283203,2.114978790283203
1,27.3,25.65648,1.6435192108154304,1.6435192108154304
1,35.6,35.60668,-0.006681823730467329,0.006681823730467329
1,18.0,18.512403,-0.5124034881591797,0.5124034881591797
1,34.7,34.382896,0.3171035766601591,0.3171035766601591
1,12.000000000000002,11.0455675,0.9544324874877947,0.9544324874877947
1,3.0000000000000004,3.253725,-0.25372505187988237,0.25372505187988237
1,37.1,39.392345,-2.2923454284667955,2.2923454284667955
1,39.1,37.58494,1.5150581359863295,1.5150581359863295
1,40.4,39.623787,0.7762130737304673,0.7762130737304673
1,40.9,41.142532,-0.24253234863281392,0.24253234863281392
1,39.8,40.987495,-1.187495422363284,1.187495422363284
1,40.6,40.308422,0.29157791137695455,0.29157791137695455
1,40.4,38.899265,1.500734710693358,1.500734710693358
1,39.6,39.226376,0.37362442016601705,0.37362442016601705
1,25.7,26.69986,-0.9998596191406257,0.9998596191406257
1,16.3,12.36862,3.9313800811767585,3.9313800811767585
1,5.5,4.219122,1.2808780670166016,1.2808780670166016
1,8.8,8.645018,0.15498237609863352,0.15498237609863352
1,22.3,24.862574,-2.562573623657226,2.562573623657226
1,26.1,26.8197,-0.7197002410888658,0.7197002410888658
1,5.7,7.087863,-1.387862968444824,1.387862968444824
1,25.3,27.091652,-1.7916519165039055,1.7916519165039055
1,4.2,4.600896,-0.40089588165283185,0.40089588165283185
1,29.0,32.477406,-3.477405548095703,3.477405548095703
1,21.1,22.73339,-1.6333908081054673,1.6333908081054673
1,31.5,33.71734,-2.2173385620117188,2.2173385620117188
1,4.2,3.974975,0.22502489089965838,0.22502489089965838
1,2.5,2.1266007,0.3733992576599121,0.3733992576599121
1,15.0,17.890347,-2.8903465270996094,2.8903465270996094
1,10.8,10.416815,0.3831851959228523,0.3831851959228523
1,18.1,16.931591,1.1684089660644545,1.1684089660644545
1,10.6,11.967636,-1.3676361083984379,1.3676361083984379
1,16.5,16.671984,-0.1719837188720703,0.1719837188720703
1,16.2,18.181599,-1.9815986633300788,1.9815986633300788
1,19.7,23.705652,-4.005652236938477,4.005652236938477
1,11.8,14.686887,-2.88688678741455,2.88688678741455
1,17.5,18.422226,-0.9222259521484375,0.9222259521484375
1,6.1,6.1207094,-0.020709419250488637,0.020709419250488637
1,26.9,29.559412,-2.659412002563478,2.659412002563478
1,19.9,19.78018,0.11982002258300639,0.11982002258300639
1,23.1,22.972858,0.1271415710449233,0.1271415710449233
1,15.2,17.177652,-1.9776523590087898,1.9776523590087898
1,7.3,8.220358,-0.9203578948974611,0.9203578948974611
1,15.0,15.583187,-0.5831871032714844,0.5831871032714844
1,30.4,30.298582,0.10141792297363139,0.10141792297363139
1,31.1,30.337854,0.7621456146240249,0.7621456146240249
1,30.6,28.352491,2.2475086212158217,2.2475086212158217
1,30.3,28.019478,2.2805221557617195,2.2805221557617195
1,29.6,27.049395,2.550605392456056,2.550605392456056
1,26.0,26.054684,-0.054683685302734375,0.054683685302734375
1,20.7,21.912943,-1.2129428863525398,1.2129428863525398
1,22.5,23.500263,-1.0002632141113281,1.0002632141113281
1,10.6,13.39317,-2.7931703567504886,2.7931703567504886
1,3.8,3.0213404,0.7786596298217772,0.7786596298217772
1,8.4,8.974619,-0.5746189117431637,0.5746189117431637
1,14.8,13.418899,1.3811014175415046,1.3811014175415046
1,23.8,24.494785,-0.6947853088378899,0.6947853088378899
1,28.5,27.006933,1.4930667877197266,1.4930667877197266
1,27.4,26.214525,1.1854747772216783,1.1854747772216783
1,26.6,24.797281,1.8027187347412124,1.8027187347412124
1,28.8,27.797688,1.0023124694824226,1.0023124694824226
1,27.9,27.379799,0.5202011108398423,0.5202011108398423
1,27.2,26.521742,0.6782581329345696,0.6782581329345696
1,27.6,25.841528,1.758472061157228,1.758472061157228
1,26.9,26.512012,0.38798751831054545,0.38798751831054545
1,24.3,25.544456,-1.244456481933593,1.244456481933593
1,26.4,26.374603,0.02539672851562358,0.02539672851562358
1,16.7,15.543863,1.1561367034912102,1.1561367034912102
1,21.5,21.688885,-0.18888473510742188,0.18888473510742188
1,12.8,14.915637,-2.115637016296386,2.115637016296386
1,22.9,25.154228,-2.25422821044922,2.25422821044922
1,16.7,16.376034,0.3239662170410149,0.3239662170410149
1,15.3,18.767368,-3.46736831665039,3.46736831665039
1,28.5,28.494623,0.0053768157958984375,0.0053768157958984375
1,17.6,15.760956,1.8390441894531264,1.8390441894531264
1,21.9,19.81493,2.0850700378417955,2.0850700378417955
1,10.6,9.737392,0.8626075744628903,0.8626075744628903
1,8.5,7.858576,0.6414241790771484,0.6414241790771484
1,9.5,9.15652,0.34348011016845703,0.34348011016845703
1,18.0,20.90518,-2.905179977416992,2.905179977416992
1,23.2,22.002668,1.1973316192626946,1.1973316192626946
1,10.6,12.00058,-1.4005798339843754,1.4005798339843754
1,12.5,13.431539,-0.9315385818481445,0.9315385818481445
1,4.0,1.6591126,2.340887427330017,2.340887427330017
1,27.2,27.421354,-0.2213542938232429,0.2213542938232429
1,7.1,6.5810165,0.5189834594726559,0.5189834594726559
1,18.4,10.977749,7.422251129150389,7.422251129150389
1,26.6,26.807318,-0.20731773376464702,0.20731773376464702
1,18.7,18.420164,0.2798358917236321,0.2798358917236321
1,14.1,15.458809,-1.3588088989257816,1.3588088989257816
1,7.2,6.161312,1.0386878967285158,1.0386878967285158
1,7.0,13.605405,-6.605404853820801,6.605404853820801
1,16.3,13.26756,3.0324399948120124,3.0324399948120124
1,24.5,24.950424,-0.4504241943359375,0.4504241943359375
1,13.5,10.467977,3.0320234298706055,3.0320234298706055
1,29.9,31.225657,-1.3256565093994155,1.3256565093994155
1,29.9,27.325916,2.5740837097167955,2.5740837097167955
1,31.2,28.146734,3.053265762329101,3.053265762329101
1,31.2,30.024221,1.1757785797119134,1.1757785797119134
1,30.9,27.223768,3.676231765747069,3.676231765747069
1,30.5,27.966002,2.533998489379883,2.533998489379883
1,18.1,19.898954,-1.7989543914794908,1.7989543914794908
1,25.7,22.88542,2.8145801544189446,2.8145801544189446
1,24.9,24.12317,0.7768291473388658,0.7768291473388658
1,18.8,20.896334,-2.096333694458007,2.096333694458007
1,20.6,21.893827,-1.2938274383544908,1.2938274383544908
1,29.9,28.395441,1.504558944702147,1.504558944702147
1,21.5,20.761404,0.7385959625244141,0.7385959625244141
1,20.7,19.235735,1.464265060424804,1.464265060424804
1,17.1,16.00683,1.0931697845458999,1.0931697845458999
1,14.8,10.230763,4.569236564636231,4.569236564636231
1,13.7,14.937059,-1.237059402465821,1.237059402465821
1,15.5,16.007254,-0.5072536468505859,0.5072536468505859
1,15.6,16.556442,-0.9564422607421879,0.9564422607421879
1,19.2,21.985107,-2.7851074218750007,2.7851074218750007
1,5.2,5.5810723,-0.38107233047485334,0.38107233047485334
1,26.5,25.683708,0.8162918090820312,0.8162918090820312
1,27.4,23.99231,3.4076904296874986,3.4076904296874986
1,23.5,21.6792,1.82080078125,1.82080078125
1,28.4,26.383013,2.0169872283935533,2.0169872283935533
1,32.8,29.500246,3.2997539520263643,3.2997539520263643
1,29.7,26.47801,3.2219898223876946,3.2219898223876946
1,32.8,31.062973,1.7370269775390597,1.7370269775390597
1,24.6,25.13177,-0.5317691802978501,0.5317691802978501
1,24.2,24.22383,-0.023829269409180398,0.023829269409180398
1,18.8,17.2351,1.564900207519532,1.564900207519532
1,11.0,9.984791,1.0152091979980469,1.0152091979980469
1,10.9,12.533322,-1.6333223342895504,1.6333223342895504
1,28.9,29.351757,-0.4517570495605483,0.4517570495605483
1,34.5,34.885956,-0.385955810546875,0.385955810546875
1,8.0,6.5957303,1.4042696952819824,1.4042696952819824
1,8.9,10.282681,-1.3826814651489254,1.3826814651489254
1,39.6,40.92153,-1.3215316772460923,1.3215316772460923
1,39.2,38.888325,0.3116752624511747,0.3116752624511747
1,11.1,9.936924,1.163076019287109,1.163076019287109
1,24.6,24.516026,0.0839744567871108,0.0839744567871108
1,7.3,7.1228766,0.17712335586547834,0.17712335586547834
1,4.1,3.8790061,0.2209938526153561,0.2209938526153561
1,7.4,9.10111,-1.701110458374023,1.701110458374023
1,31.9,34.428883,-2.5288825988769545,2.5288825988769545
1,40.1,38.5034,1.5966011047363295,1.5966011047363295
1,40.3,36.50104,3.7989585876464815,3.7989585876464815
1,39.4,37.503593,1.8964065551757798,1.8964065551757798
1,39.1,37.637207,1.4627929687500014,1.4627929687500014
1,39.1,37.742226,1.3577743530273452,1.3577743530273452
1,39.3,38.546772,0.753227996826169,0.753227996826169
1,31.3,33.581646,-2.281645965576171,2.281645965576171
1,38.8,36.096413,2.703587341308591,2.703587341308591
1,7.7,9.0278015,-1.3278015136718748,1.3278015136718748
1,12.8,11.099425,1.7005746841430671,1.7005746841430671
1,14.6,14.95413,-0.35413017272949254,0.35413017272949254
1,40.6,41.112984,-0.5129837036132798,0.5129837036132798
1,37.4,37.11343,0.2865699768066392,0.2865699768066392
1,21.8,18.892698,2.9073017120361335,2.9073017120361335
1,5.1,5.1480417,-0.04804172515869176,0.04804172515869176
1,12.2,14.829548,-2.629547882080079,2.629547882080079
1,26.5,29.37449,-2.874490737915039,2.874490737915039
1,41.6,42.215374,-0.6153739929199205,0.6153739929199205
1,19.0,22.143888,-3.143888473510742,3.143888473510742
1,13.5,17.974405,-4.474405288696289,4.474405288696289
1,38.7,39.66469,-0.9646881103515597,0.9646881103515597
1,34.2,36.544304,-2.344303894042966,2.344303894042966
1,42.9,40.807213,2.092787170410155,2.092787170410155
1,42.5,41.67919,0.8208084106445312,0.8208084106445312
1,34.8,26.65049,8.149510192871091,8.149510192871091
1,13.2,14.369033,-1.1690328598022468,1.1690328598022468
1,27.6,21.393974,6.206025695800783,6.206025695800783
1,31.4,33.493702,-2.0937019348144545,2.0937019348144545
1,15.1,11.529628,3.5703722000122067,3.5703722000122067
1,44.0,43.53654,0.4634590148925781,0.4634590148925781
1,41.6,38.757984,2.8420158386230483,2.8420158386230483
1,34.8,33.6621,1.1378982543945284,1.1378982543945284
1,2.1,2.996671,-0.8966709613800048,0.8966709613800048
1,3.9,5.6053505,-1.7053504943847657,1.7053504943847657
1,20.8,21.545362,-0.745362472534179,0.745362472534179
1,19.5,16.86374,2.636259078979492,2.636259078979492
1,14.9,14.945703,-0.0457025527954098,0.0457025527954098
1,37.8,39.39536,-1.5953590393066435,1.5953590393066435
1,43.10000000000001,41.788002,1.3119979858398523,1.3119979858398523
1,43.4,40.454136,2.945864105224608,2.945864105224608
1,16.1,17.021942,-0.9219421386718736,0.9219421386718736
1,6.9,5.0782647,1.8217352867126468,1.8217352867126468
1,20.5,15.218686,5.281313896179199,5.281313896179199
1,42.7,44.309578,-1.6095779418945284,1.6095779418945284
1,24.5,22.12477,2.3752307891845703,2.3752307891845703
1,1.8,1.2277911,0.5722089290618897,0.5722089290618897
1,2.6,2.058977,0.5410231113433839,0.5410231113433839
1,2.3,1.7846477,0.5153522968292235,0.5153522968292235
1,5.5,6.355605,-0.8556051254272461,0.8556051254272461
1,12.1,8.110756,3.9892440795898434,3.9892440795898434
1,24.000000000000004,23.063137,0.9368629455566442,0.9368629455566442
1,39.8,32.659206,7.140793609619138,7.140793609619138
1,38.2,35.915806,2.284194183349612,2.284194183349612
1,32.4,32.80632,-0.4063201904296889,0.4063201904296889
1,32.3,32.71953,-0.41952819824219034,0.41952819824219034
1,10.7,7.996613,2.703386974334716,2.703386974334716
1,31.7,27.660467,4.039532852172851,4.039532852172851
1,34.8,35.127514,-0.3275138854980497,0.3275138854980497
1,20.1,17.365826,2.7341743469238295,2.7341743469238295
1,1.0,1.4022422,-0.40224218368530273,0.40224218368530273
1,19.5,16.262638,3.2373619079589844,3.2373619079589844
1,5.9,3.2916625,2.608337545394898,2.608337545394898
1,4.5,5.2738147,-0.7738146781921387,0.7738146781921387
1,1.6,1.9466213,-0.34662129878997794,0.34662129878997794
1,1.5000000000000002,1.6185241,-0.11852407455444314,0.11852407455444314
1,2.3,1.8032923,0.49670772552490217,0.49670772552490217
1,25.400000000000002,26.016438,-0.616437530517576,0.616437530517576
1,5.7,3.568563,2.1314370155334474,2.1314370155334474
1,38.5,33.39328,5.106719970703125,5.106719970703125
1,39.9,38.028767,1.8712333679199205,1.8712333679199205
1,7.4,4.8699136,2.530086421966553,2.530086421966553
1,1.2,1.2083464,-0.008346366882324263,0.008346366882324263
1,0.7,1.0486166,-0.34861664772033696,0.34861664772033696
1,1.7,1.587951,0.11204905509948726,0.11204905509948726
1,4.6,2.9742634,1.625736570358276,1.625736570358276
1,1.1,1.2053757,-0.10537567138671866,0.10537567138671866
1,0.2,0.73338336,-0.5333833575248719,0.5333833575248719
1,1.7,1.7141805,-0.014180469512939498,0.014180469512939498
1,8.9,5.6336584,3.266341590881348,3.266341590881348
1,1.4,1.2424709,0.1575291395187377,0.1575291395187377
1,1.8,0.8729488,0.9270511746406556,0.9270511746406556
1,1.9,1.1498314,0.7501685857772826,0.7501685857772826
1,1.2,0.8914847,0.3085153222084045,0.3085153222084045
1,38.8,44.173958,-5.373957824707034,5.373957824707034
1,33.8,33.72483,0.07516937255859091,0.07516937255859091
1,0.9,0.95559067,-0.05559066534042356,0.05559066534042356
1,2.7,2.6971352,0.0028647899627687323,0.0028647899627687323
1,2.1,2.5967395,-0.4967395305633544,0.4967395305633544
1,1.5000000000000002,1.1301547,0.3698452711105349,0.3698452711105349
1,18.2,17.08053,1.1194698333740227,1.1194698333740227
1,0.2,-0.020995561,0.22099556103348733,0.22099556103348733
1,0.6,0.67705554,-0.0770555377006531,0.0770555377006531
1,1.5000000000000002,0.9258417,0.574158310890198,0.574158310890198
1,21.7,21.32112,0.3788806915283196,0.3788806915283196
1,0.4,-1.0335231,1.4335230827331542,1.4335230827331542
1,7.8,6.6668878,1.1331122398376463,1.1331122398376463
1,5.1,3.7434201,1.3565798759460446,1.3565798759460446
1,17.2,20.578234,-3.378233718872071,3.378233718872071
1,0.8,0.6218909,0.17810909748077397,0.17810909748077397
1,17.4,15.728549,1.6714509963989244,1.6714509963989244
1,0.7,1.1863621,-0.48636214733123784,0.48636214733123784
1,8.2,10.117866,-1.9178655624389656,1.9178655624389656
1,1.7,1.6876304,0.012369585037231401,0.012369585037231401
1,24.3,28.706493,-4.406493377685546,4.406493377685546
1,14.2,10.967046,3.2329542160034173,3.2329542160034173
1,0.4,0.2275392,0.17246080338954928,0.17246080338954928
1,2.6,3.5060976,-0.9060975551605224,0.9060975551605224
1,33.6,42.584156,-8.984156036376952,8.984156036376952
1,7.9,6.303302,1.5966981887817386,1.5966981887817386
1,0.3,0.27445367,0.025546330213546742,0.025546330213546742
1,1.6,1.603746,-0.0037460565567015713,0.0037460565567015713
1,21.7,26.2912,-4.5912006378173835,4.5912006378173835
1,20.2,17.150656,3.0493442535400384,3.0493442535400384
1,2.7,2.3200717,0.37992830276489276,0.37992830276489276
1,0.4,4.2526817,-3.8526817321777345,3.8526817321777345
1,1.3,1.3942553,-0.0942552804946899,0.0942552804946899
1,0.6,0.45316797,0.14683202505111692,0.14683202505111692
1,11.299999999999999,10.9516325,0.3483675003051747,0.3483675003051747
1,2.1,2.1687915,-0.0687915325164794,0.0687915325164794
1,0.4,-0.05891097,0.45891096964478495,0.45891096964478495
1,5.2,5.5619226,-0.36192255020141584,0.36192255020141584
1,23.5,28.918041,-5.418041229248047,5.418041229248047
1,30.6,33.011215,-2.411215209960936,2.411215209960936
1,4.2,2.1364546,2.0635454177856447,2.0635454177856447
1,1.7,1.2797666,0.4202334403991699,0.4202334403991699
1,0.1,0.11138052,-0.011380517482757563,0.011380517482757563
1,11.9,14.973384,-3.0733839035034176,3.0733839035034176
1,11.6,9.799913,1.8000865936279293,1.8000865936279293
1,0.9,0.8916416,0.00835838317871096,0.00835838317871096
1,7.0,3.3799694,3.620030641555786,3.620030641555786
1,11.5,11.680236,-0.1802358627319336,0.1802358627319336
1,18.9,24.285389,-5.3853889465332045,5.3853889465332045
1,16.9,15.314178,1.5858215332031236,1.5858215332031236
1,34.5,36.421734,-1.9217338562011719,1.9217338562011719
1,14.7,17.847275,-3.147274780273438,3.147274780273438
1,13.0,13.4299,-0.4299001693725586,0.4299001693725586
1,0.9,0.13500018,0.7649998158216477,0.7649998158216477
1,4.3,4.579706,-0.27970619201660174,0.27970619201660174
1,3.5,4.208602,-0.7086019515991211,0.7086019515991211
1,19.6,17.902496,1.6975036621093764,1.6975036621093764
1,25.400000000000002,22.485298,2.914701843261721,2.914701843261721
1,1.8,0.98737025,0.8126297473907471,0.8126297473907471
1,15.7,14.728467,0.971533012390136,0.971533012390136
1,3.2,1.9796479,1.2203521251678469,1.2203521251678469
1,1.9,0.90958726,0.9904127359390258,0.9904127359390258
1,37.1,37.82922,-0.729219818115233,0.729219818115233
1,28.3,28.585701,-0.28570098876953054,0.28570098876953054
1,0.3,-0.04015618,0.34015617817640303,0.34015617817640303
1,1.6,0.8285785,0.7714215278625489,0.7714215278625489
1,19.3,20.60652,-1.306519699096679,1.306519699096679
1,2.8,1.6519172,1.1480827808380125,1.1480827808380125
1,25.0,26.541832,-1.5418319702148438,1.5418319702148438
1,8.7,7.702915,0.9970848083496087,0.9970848083496087
1,2.2,1.6576279,0.5423720598220827,0.5423720598220827
1,1.8,1.3298477,0.4701523065567017,0.4701523065567017
1,7.5,7.1553593,0.34464073181152344,0.34464073181152344
1,7.3,4.7901144,2.5098855972290037,2.5098855972290037
1,41.6,46.13562,-4.535620117187499,4.535620117187499
1,0.4,-0.15998726,0.5599872559309006,0.5599872559309006
1,13.0,11.70067,1.2993297576904297,1.2993297576904297
1,20.8,21.073359,-0.27335853576660085,0.27335853576660085
1,42.4,46.338074,-3.9380737304687514,3.9380737304687514
1,11.7,10.645506,1.054494094848632,1.054494094848632
1,14.8,10.12653,4.673470306396485,4.673470306396485
1,37.2,34.27705,2.922949981689456,2.922949981689456
1,42.3,45.283257,-2.9832565307617216,2.9832565307617216
1,4.7,4.34635,0.35364980697631854,0.35364980697631854
1,9.9,6.477271,3.4227289199829105,3.4227289199829105
1,0.8,2.567211,-1.7672109127044677,1.7672109127044677
1,28.0,29.468256,-1.4682559967041016,1.4682559967041016
1,3.7,3.6407008,0.05929918289184588,0.05929918289184588
1,38.4,35.88572,2.5142807006835923,2.5142807006835923
1,4.4,2.9696538,1.4303461551666263,1.4303461551666263
1,12.5,8.962087,3.5379133224487305,3.5379133224487305
1,6.5,5.355621,1.1443791389465332,1.1443791389465332
1,41.5,44.07832,-2.578319549560547,2.578319549560547
1,7.5,5.5468903,1.9531097412109375,1.9531097412109375
1,20.0,13.802957,6.197043418884277,6.197043418884277
1,36.2,36.431587,-0.2315872192382784,0.2315872192382784
1,48.9,47.239704,1.6602958679199205,1.6602958679199205
1,46.8,45.37783,1.4221694946289034,1.4221694946289034
1,42.4,40.74381,1.656191253662108,1.656191253662108
1,14.9,13.686973,1.213027381896973,1.213027381896973
1,44.7,41.452194,3.2478057861328153,3.2478057861328153
1,46.7,45.95169,0.7483093261718778,0.7483093261718778
1,47.8,43.717083,4.082917022705075,4.082917022705075
1,46.0,45.227512,0.7724876403808594,0.7724876403808594
1,47.2,45.283585,1.9164154052734403,1.9164154052734403
1,47.8,47.603058,0.19694213867187216,0.19694213867187216
1,44.8,43.962475,0.8375251770019503,0.8375251770019503
1,45.199999999999996,40.983303,4.216696929931636,4.216696929931636
1,37.7,32.138947,5.561053466796878,5.561053466796878
1,23.299999999999997,17.858084,5.441916275024411,5.441916275024411
1,19.1,18.884872,0.21512756347656392,0.21512756347656392
1,42.0,43.09494,-1.094940185546875,1.094940185546875
1,3.5,2.4608383,1.0391616821289062,1.0391616821289062
1,5.3,5.16596,0.1340401649475096,0.1340401649475096
1,5.4,5.321083,0.0789169311523441,0.0789169311523441
1,20.8,22.323336,-1.523335647583007,1.523335647583007
1,45.0,44.222767,0.7772331237792969,0.7772331237792969
1,34.8,36.584854,-1.7848541259765653,1.7848541259765653
1,36.3,37.781624,-1.481623840332034,1.481623840332034
1,44.1,46.80218,-2.702181243896483,2.702181243896483
1,43.0,43.362392,-0.3623924255371094,0.3623924255371094
1,43.10000000000001,44.379425,-1.2794250488281165,1.2794250488281165
1,42.3,43.254017,-0.954016876220706,0.954016876220706
1,43.5,44.615955,-1.1159553527832031,1.1159553527832031
1,43.9,44.5168,-0.6167999267578139,0.6167999267578139
1,40.2,40.46329,-0.2632911682128878,0.2632911682128878
1,19.4,15.428055,3.971945190429686,3.971945190429686
1,6.5,5.421302,1.0786981582641602,1.0786981582641602
1,2.8,3.0185537,-0.21855373382568377,0.21855373382568377
1,1.8,1.9005697,-0.10056967735290523,0.10056967735290523
1,6.4,5.927791,0.4722088813781742,0.4722088813781742
1,14.3,14.830156,-0.5301563262939446,0.5301563262939446
1,35.1,35.716373,-0.6163734436035142,0.6163734436035142
1,2.0,1.2153665,0.7846335172653198,0.7846335172653198
1,18.4,20.252113,-1.8521133422851577,1.8521133422851577
1,3.1,2.7127068,0.3872931957244874,0.3872931957244874
1,3.3,3.59431,-0.29431004524230975,0.29431004524230975
1,27.3,29.947317,-2.6473171234130852,2.6473171234130852
1,25.0,23.302622,1.697378158569336,1.697378158569336
1,39.4,43.420525,-4.02052459716797,4.02052459716797
1,32.7,32.67928,0.020720672607424717,0.020720672607424717
1,35.4,36.58154,-1.1815391540527358,1.1815391540527358
1,25.5,25.951355,-0.45135498046875,0.45135498046875
1,34.0,35.852642,-1.8526420593261719,1.8526420593261719
1,39.7,39.20892,0.49108047485351847,0.49108047485351847
1,41.8,39.82756,1.9724395751953097,1.9724395751953097
1,41.0,40.398647,0.6013526916503906,0.6013526916503906
1,37.8,37.79415,0.005848693847653408,0.005848693847653408
1,40.2,39.922535,0.2774650573730497,0.2774650573730497
1,39.2,37.4103,1.789698791503909,1.789698791503909
1,39.6,38.766068,0.8339324951171889,0.8339324951171889
1,16.3,16.20281,0.09718971252441477,0.09718971252441477
1,3.0000000000000004,1.8053548,1.1946451663970952,1.1946451663970952
1,14.8,18.604448,-3.8044483184814446,3.8044483184814446
1,22.0,23.120203,-1.1202030181884766,1.1202030181884766
1,19.6,17.232948,2.367051696777345,2.367051696777345
1,38.3,36.16717,2.132828521728513,2.132828521728513
1,24.3,23.574898,0.7251022338867195,0.7251022338867195
1,22.3,24.256853,-1.9568531036376946,1.9568531036376946
1,19.2,23.229809,-4.029808807373048,4.029808807373048
1,34.1,34.88091,-0.7809089660644517,0.7809089660644517
1,33.7,32.744457,0.955542755126956,0.955542755126956
1,23.299999999999997,25.07324,-1.77324028015137,1.77324028015137
1,4.9,4.379074,0.5209259033203129,0.5209259033203129
1,30.0,30.69171,-0.6917095184326172,0.6917095184326172
1,35.2,34.043198,1.1568023681640653,1.1568023681640653
1,35.2,34.116356,1.083644104003909,1.083644104003909
1,34.1,32.943127,1.1568733215332045,1.1568733215332045
1,26.4,29.057745,-2.6577449798584,2.6577449798584
1,31.6,31.359688,0.24031219482422017,0.24031219482422017
1,18.8,18.375343,0.42465667724609446,0.42465667724609446
1,26.7,25.058279,1.6417209625244134,1.6417209625244134
1,32.8,33.245922,-0.4459220886230497,0.4459220886230497
1,32.7,33.37741,-0.6774108886718722,0.6774108886718722
1,17.7,18.575092,-0.8750923156738288,0.8750923156738288
1,32.0,30.358292,1.6417083740234375,1.6417083740234375
1,30.9,29.892628,1.0073722839355455,1.0073722839355455
1,26.8,27.164597,-0.3645965576171868,0.3645965576171868
1,23.2,20.475483,2.724517059326171,2.724517059326171
1,31.9,28.07331,3.8266891479492173,3.8266891479492173
1,22.9,29.357433,-6.457433319091798,6.457433319091798
1,15.3,16.778416,-1.47841567993164,1.47841567993164
1,21.5,24.09812,-2.5981197357177734,2.5981197357177734
1,22.2,21.92557,0.2744304656982415,0.2744304656982415
1,12.6,12.682855,-0.08285465240478551,0.08285465240478551
1,15.0,15.004141,-0.0041408538818359375,0.0041408538818359375
1,24.8,25.590338,-0.7903377532958977,0.7903377532958977
1,27.2,27.751513,-0.551512527465821,0.551512527465821
1,31.2,27.40151,3.7984897613525384,3.7984897613525384
1,24.2,23.843416,0.3565837860107415,0.3565837860107415
1,22.7,25.298775,-2.598774719238282,2.598774719238282
1,21.2,20.228794,0.9712059020996087,0.9712059020996087
1,13.5,15.859178,-2.359177589416504,2.359177589416504
1,20.2,19.692705,0.507294845581054,0.507294845581054
1,17.7,18.757904,-1.0579040527343757,1.0579040527343757
1,15.9,16.825077,-0.9250770568847653,0.9250770568847653
1,0.7,13.901266,-13.201266098022462,13.201266098022462
2,47.8,16.49464,31.3053596496582,31.3053596496582
2,7.2,23.649008,-16.44900779724121,16.44900779724121
2,1.6,7.764756,-6.164756202697754,6.164756202697754
2,1.8,9.815959,-8.015958976745605,8.015958976745605
2,3.1,18.414864,-15.314863586425782,15.314863586425782
2,6.6,9.737403,-3.13740291595459,3.13740291595459
2,21.1,26.018631,-4.918630981445311,4.918630981445311
2,36.2,33.40145,2.798548889160159,2.798548889160159
2,37.9,40.135796,-2.23579559326172,2.23579559326172
2,33.9,34.22492,-0.32491836547851705,0.32491836547851705
2,1.7,2.8513196,-1.1513195514678956,1.1513195514678956
2,1.2,1.6493064,-0.4493064165115357,0.4493064165115357
2,42.2,31.898563,10.301436614990237,10.301436614990237
2,21.9,19.304394,2.5956062316894517,2.5956062316894517
2,44.50000000000001,32.31423,12.185768127441413,12.185768127441413
2,2.5,3.8313828,-1.3313827514648438,1.3313827514648438
2,53.8,48.795383,5.0046165466308565,5.0046165466308565
2,27.0,24.816938,2.1830615997314453,2.1830615997314453
2,17.7,24.570448,-6.87044792175293,6.87044792175293
2,2.6,2.4703376,0.12966237068176278,0.12966237068176278
2,0.8,1.292604,-0.49260396957397456,0.49260396957397456
2,18.6,18.962656,-0.36265602111816264,0.36265602111816264
2,53.4,46.880917,6.519083404541014,6.519083404541014
2,55.5,54.4027,1.0973014831542969,1.0973014831542969
2,26.7,31.50068,-4.800680923461915,4.800680923461915
2,40.2,36.987988,3.212012481689456,3.212012481689456
2,5.4,4.424454,0.9755457878112797,0.9755457878112797
2,36.7,34.258648,2.441352081298831,2.441352081298831
2,1.9,2.5244813,-0.6244812965393067,0.6244812965393067
2,13.8,14.713382,-0.9133817672729485,0.9133817672729485
2,26.1,22.845613,3.2543865203857436,3.2543865203857436
2,1.5000000000000002,1.0501955,0.44980454444885276,0.44980454444885276
2,0.1,2.6862009,-2.5862008571624755,2.5862008571624755
2,5.7,3.4645345,2.235465478897095,2.235465478897095
2,3.7,5.697603,-1.9976032257080076,1.9976032257080076
2,2.1,3.344445,-1.244444990158081,1.244444990158081
2,20.9,22.162725,-1.2627254486083999,1.2627254486083999
2,0.9,0.16567527,0.7343247324228287,0.7343247324228287
2,1.0,0.6058962,0.3941038250923157,0.3941038250923157
2,1.0,0.7256777,0.2743222713470459,0.2743222713470459
2,1.9,2.75802,-0.8580199241638184,0.8580199241638184
2,14.0,18.396198,-4.396198272705078,4.396198272705078
2,2.1,1.2296323,0.8703677415847779,0.8703677415847779
2,1.1,2.4800637,-1.3800636768341064,1.3800636768341064
2,2.2,1.5697564,0.6302436113357546,0.6302436113357546
2,12.000000000000002,13.210546,-1.2105455398559553,1.2105455398559553
2,19.7,20.45631,-0.7563102722167976,0.7563102722167976
2,3.5,6.498208,-2.9982080459594727,2.9982080459594727
2,22.8,18.131504,4.66849594116211,4.66849594116211
2,1.6,2.9803638,-1.3803638458251952,1.3803638458251952
2,7.6,5.875514,1.7244859695434567,1.7244859695434567
2,27.0,19.982397,7.017602920532227,7.017602920532227
2,1.5000000000000002,1.3615363,0.13846373558044456,0.13846373558044456
2,40.9,46.755165,-5.855165100097658,5.855165100097658
2,4.0,7.693082,-3.693081855773926,3.693081855773926
2,5.9,3.9305224,1.9694775581359867,1.9694775581359867
2,0.2,-0.41054064,0.6105406403541564,0.6105406403541564
2,1.6,2.1919484,-0.5919484138488769,0.5919484138488769
2,0.9,-0.2772889,1.1772889137268066,1.1772889137268066
2,3.4,3.9208798,-0.5208798408508302,0.5208798408508302
2,2.1,1.3584701,0.7415299177169801,0.7415299177169801
2,0.9,0.07601199,0.8239880070090294,0.8239880070090294
2,1.5000000000000002,1.0873847,0.41261529922485374,0.41261529922485374
2,0.7,1.3235991,-0.6235991001129151,0.6235991001129151
2,1.2,0.14729731,1.0527026921510696,1.0527026921510696
2,3.0000000000000004,-0.25443193,3.254431933164597,3.254431933164597
2,0.7,0.88339573,-0.18339573144912724,0.18339573144912724
2,1.1,0.9932929,0.1067070722579957,0.1067070722579957
2,26.3,24.296947,2.003052520751954,2.003052520751954
2,1.7,2.050324,-0.35032396316528325,0.35032396316528325
2,9.1,13.184644,-4.084643745422364,4.084643745422364
2,0.3,1.1069276,-0.8069276332855224,0.8069276332855224
2,0.9,1.6692634,-0.7692633628845215,0.7692633628845215
2,1.4,2.2914295,-0.8914295196533204,0.8914295196533204
2,12.3,15.106588,-2.8065883636474602,2.8065883636474602
2,7.7,10.035587,-2.3355873107910154,2.3355873107910154
2,0.7,-0.28291896,0.9829189598560333,0.9829189598560333
2,1.5000000000000002,0.017220218,1.482779782265425,1.482779782265425
2,1.1,1.0385121,0.061487889289856046,0.061487889289856046
2,0.2,1.1937627,-0.9937626600265503,0.9937626600265503
2,9.6,14.042493,-4.442492866516114,4.442492866516114
2,6.7,3.9860592,2.7139408111572267,2.7139408111572267
2,29.0,25.448307,3.5516929626464844,3.5516929626464844
2,18.4,15.843073,2.556927108764647,2.556927108764647
2,15.3,12.111397,3.1886032104492195,3.1886032104492195
2,56.2,52.67487,3.525130462646487,3.525130462646487
2,2.0,1.9036858,0.0963141918182373,0.0963141918182373
2,28.6,26.071346,2.528653717041017,2.528653717041017
2,2.3,2.7340655,-0.43406553268432635,0.43406553268432635
2,3.5,3.9221687,-0.4221687316894531,0.4221687316894531
2,1.1,0.5243303,0.5756696820259095,0.5756696820259095
2,3.6,3.703576,-0.10357608795166007,0.10357608795166007
2,4.3,4.1525583,0.14744167327880842,0.14744167327880842
2,5.6,4.579706,1.020293807983398,1.020293807983398
2,1.7,1.9807868,-0.28078680038452153,0.28078680038452153
2,29.6,31.99023,-2.390230560302733,2.390230560302733
2,5.1,4.5491414,0.5508585929870602,0.5508585929870602
2,27.0,30.813196,-3.8131961822509766,3.8131961822509766
2,1.6,1.1628947,0.43710527420043954,0.43710527420043954
2,19.9,24.872162,-4.972161865234376,4.972161865234376
2,2.5,2.1193871,0.380612850189209,0.380612850189209
2,49.5,51.530994,-2.030994415283203,2.030994415283203
2,57.6,54.128185,3.4718147277832045,3.4718147277832045
2,55.6,56.661396,-1.0613960266113267,1.0613960266113267
2,2.4,2.7319,-0.33189997673034677,0.33189997673034677
2,28.5,24.927504,3.5724964141845703,3.5724964141845703
2,9.5,6.328601,3.1713991165161133,3.1713991165161133
2,2.4,1.9507847,0.44921531677246085,0.44921531677246085
2,13.5,12.571264,0.9287357330322266,0.9287357330322266
2,20.4,20.60301,-0.2030101776123061,0.2030101776123061
2,63.8,60.27831,3.521691131591794,3.521691131591794
2,64.2,60.32939,3.8706085205078153,3.8706085205078153
2,63.7,59.112686,4.58731384277344,4.58731384277344
2,64.8,63.793846,1.0061538696289034,1.0061538696289034
2,66.4,64.45616,1.9438385009765682,1.9438385009765682
2,63.5,60.643997,2.8560028076171875,2.8560028076171875
2,4.9,3.635691,1.2643090724945072,1.2643090724945072
2,46.7,39.617104,7.082896423339847,7.082896423339847
2,49.5,45.024754,4.475246429443359,4.475246429443359
2,16.6,16.205727,0.39427337646484517,0.39427337646484517
2,54.6,50.49101,4.1089912414550795,4.1089912414550795
2,68.1,63.60726,4.492738342285151,4.492738342285151
2,66.3,61.99305,4.306950378417966,4.306950378417966
2,63.4,62.552002,0.8479980468749986,0.8479980468749986
2,65.8,64.9619,0.8381011962890597,0.8381011962890597
2,57.8,60.013065,-2.2130653381347685,2.2130653381347685
2,3.2,1.4620736,1.7379264354705812,1.7379264354705812
2,10.9,9.354571,1.5454286575317386,1.5454286575317386
2,6.3,5.3968716,0.9031284332275389,0.9031284332275389
2,16.8,15.622811,1.177188682556153,1.177188682556153
2,5.5,4.4392047,1.0607953071594238,1.0607953071594238
2,30.5,30.270693,0.2293071746826172,0.2293071746826172
2,32.3,33.717007,-1.4170066833496122,1.4170066833496122
2,35.7,34.730827,0.9691726684570341,0.9691726684570341
2,4.6,6.1977663,-1.5977663040161136,1.5977663040161136
2,33.1,39.24002,-6.140020751953124,6.140020751953124
2,30.8,34.826775,-4.026774597167968,4.026774597167968
2,36.2,32.961975,3.238024902343753,3.238024902343753
2,34.7,34.748306,-0.04830627441405966,0.04830627441405966
2,2.4,2.3041172,0.09588279724121085,0.09588279724121085
2,1.5000000000000002,1.7278905,-0.22789049148559548,0.22789049148559548
2,37.1,38.920326,-1.8203262329101548,1.8203262329101548
2,17.1,15.311675,1.7883249282836928,1.7883249282836928
2,21.3,21.664906,-0.3649055480957024,0.3649055480957024
2,53.8,51.496162,2.303837585449216,2.303837585449216
2,63.8,61.406155,2.393845367431638,2.393845367431638
2,63.4,61.17188,2.228121185302733,2.228121185302733
2,58.7,59.02102,-0.3210189819335909,0.3210189819335909
2,60.5,57.76637,2.733631134033203,2.733631134033203
2,54.4,53.801594,0.5984062194824205,0.5984062194824205
2,34.0,36.709408,-2.7094078063964844,2.7094078063964844
2,38.8,31.79856,7.001440811157224,7.001440811157224
2,49.9,49.45596,0.4440406799316392,0.4440406799316392
2,59.6,57.039967,2.5600334167480483,2.5600334167480483
2,59.5,57.982563,1.5174369812011719,1.5174369812011719
2,57.9,55.875366,2.0246337890624986,2.0246337890624986
2,57.1,55.74694,1.3530593872070327,1.3530593872070327
2,55.9,57.147583,-1.2475830078125014,1.2475830078125014
2,40.6,36.831665,3.7683349609375014,3.7683349609375014
2,1.5000000000000002,-1.495435,2.9954349994659424,2.9954349994659424
2,3.7,2.9874234,0.7125765800476076,0.7125765800476076
2,13.0,11.651018,1.3489818572998047,1.3489818572998047
2,34.9,36.610306,-1.710305786132814,1.710305786132814
2,19.0,21.008383,-2.008382797241211,2.008382797241211
2,14.0,12.896845,1.1031551361083984,1.1031551361083984
2,3.8,4.628353,-0.8283531188964846,0.8283531188964846
2,8.8,8.341226,0.45877437591552805,0.45877437591552805
2,57.9,58.09202,-0.19201812744140767,0.19201812744140767
2,51.6,47.17008,4.429921722412111,4.429921722412111
2,15.9,17.35795,-1.4579502105712887,1.4579502105712887
2,13.4,13.462833,-0.06283340454101527,0.06283340454101527
2,52.2,51.785137,0.41486282348633097,0.41486282348633097
2,29.7,28.006548,1.693452072143554,1.693452072143554
2,42.8,36.41064,6.389359283447263,6.389359283447263
2,51.2,48.090843,3.109156799316409,3.109156799316409
2,50.6,48.518337,2.081662750244142,2.081662750244142
2,50.099999999999994,48.305885,1.794114685058588,1.794114685058588
2,50.3,47.96968,2.3303192138671847,2.3303192138671847
2,48.4,45.41622,2.983778381347655,2.983778381347655
2,36.5,34.90956,1.5904388427734375,1.5904388427734375
2,35.2,37.898342,-2.6983421325683565,2.6983421325683565
2,31.8,29.45307,2.3469303131103523,2.3469303131103523
2,13.6,11.8707,1.7293001174926754,1.7293001174926754
2,12.000000000000002,9.44064,2.559359550476076,2.559359550476076
2,33.6,31.977509,1.6224914550781264,1.6224914550781264
2,31.2,28.29727,2.902730178833007,2.902730178833007
2,24.8,23.707561,1.0924385070800788,1.0924385070800788
2,47.6,45.75549,1.844510650634767,1.844510650634767
2,24.1,23.813623,0.28637657165527486,0.28637657165527486
2,23.7,22.6834,1.0166007995605462,1.0166007995605462
2,6.8,6.4323087,0.36769132614135724,0.36769132614135724
2,27.2,31.34729,-4.147290039062501,4.147290039062501
2,27.4,25.062408,2.3375915527343736,2.3375915527343736
2,46.9,44.89562,2.0043815612792955,2.0043815612792955
2,7.3,6.9338813,0.36611871719360334,0.36611871719360334
2,9.5,8.134308,1.365692138671875,1.365692138671875
2,26.8,26.681868,0.11813240051269602,0.11813240051269602
2,21.4,23.164473,-1.764472579956056,1.764472579956056
2,34.8,37.502277,-2.702277374267581,2.702277374267581
2,44.4,46.265915,-1.865914916992189,1.865914916992189
2,43.7,41.947914,1.7520858764648466,1.7520858764648466
2,43.5,40.406788,3.093212127685547,3.093212127685547
2,40.8,35.351376,5.448624420166013,5.448624420166013
2,34.9,34.422688,0.47731246948242045,0.47731246948242045
2,33.0,33.76329,-0.7632904052734375,0.7632904052734375
2,19.1,18.149124,0.9508758544921889,0.9508758544921889
2,21.6,24.957336,-3.3573364257812486,3.3573364257812486
2,5.2,3.4142964,1.7857036113739015,1.7857036113739015
2,38.3,35.90372,2.3962791442871065,2.3962791442871065
2,40.5,39.013016,1.4869842529296875,1.4869842529296875
2,31.2,26.57547,4.624530029296874,4.624530029296874
2,31.6,30.81797,0.7820297241210952,0.7820297241210952
2,35.5,33.37745,2.1225509643554688,2.1225509643554688
2,14.9,24.201645,-9.301644897460937,9.301644897460937
2,29.5,30.722464,-1.222463607788086,1.222463607788086
2,29.1,32.673504,-3.5735038757324205,3.5735038757324205
2,31.4,34.615788,-3.215787506103517,3.215787506103517
2,33.6,33.684513,-0.0845130920410142,0.0845130920410142
2,35.6,38.79443,-3.194429779052733,3.194429779052733
2,35.5,34.36852,1.1314811706542969,1.1314811706542969
2,20.9,24.664537,-3.7645374298095717,3.7645374298095717
2,36.4,37.4085,-1.0085006713867202,1.0085006713867202
2,34.3,34.4944,-0.19440002441406534,0.19440002441406534
2,10.4,12.562756,-2.1627555847167965,2.1627555847167965
2,32.2,28.94331,3.256690216064456,3.256690216064456
2,37.3,35.536674,1.7633255004882784,1.7633255004882784
2,20.7,23.413048,-2.7130477905273445,2.7130477905273445
2,9.7,8.465973,1.2340270996093743,1.2340270996093743
2,16.4,18.839842,-2.4398418426513686,2.4398418426513686
2,24.700000000000003,27.917389,-3.217388916015622,3.217388916015622
2,34.5,34.27878,0.22121810913085938,0.22121810913085938
2,12.700000000000001,13.871791,-1.171790885925292,1.171790885925292
2,31.2,32.57782,-1.3778198242187507,1.3778198242187507
2,26.4,27.586815,-1.1868148803710952,1.1868148803710952
2,34.2,37.64811,-3.4481094360351534,3.4481094360351534
2,32.9,31.679804,1.220196151733397,1.220196151733397
2,34.0,34.57027,-0.5702705383300781,0.5702705383300781
2,21.1,19.858763,1.2412372589111342,1.2412372589111342
2,31.8,27.268665,4.531334686279298,4.531334686279298
2,10.5,10.135677,0.3643226623535156,0.3643226623535156
2,33.9,34.36501,-0.46500930786132955,0.46500930786132955
2,33.2,33.214066,-0.014065551757809658,0.014065551757809658
2,33.0,32.751022,0.2489776611328125,0.2489776611328125
2,33.5,34.362755,-0.8627548217773438,0.8627548217773438
2,33.7,32.91308,0.7869216918945341,0.7869216918945341
2,33.3,34.062252,-0.7622520446777372,0.7622520446777372
2,33.1,32.16837,0.9316307067871108,0.9316307067871108
2,33.5,32.909084,0.5909156799316406,0.5909156799316406
2,35.6,33.020836,2.5791641235351577,2.5791641235351577
2,35.1,32.204998,2.8950019836425795,2.8950019836425795
2,37.1,35.04111,2.058889007568361,2.058889007568361
2,34.8,32.131893,2.668106842041013,2.668106842041013
2,34.2,31.115013,3.084986877441409,3.084986877441409
2,32.7,28.662222,4.037778091430667,4.037778091430667
2,24.4,18.892267,5.507732772827147,5.507732772827147
2,29.8,28.481298,1.3187015533447273,1.3187015533447273
2,36.4,35.071636,1.3283638000488267,1.3283638000488267
2,35.9,35.229183,0.6708168029785142,0.6708168029785142
2,19.0,16.84551,2.154489517211914,2.154489517211914
2,26.5,26.836834,-0.3368339538574219,0.3368339538574219
2,29.0,28.655197,0.3448028564453125,0.3448028564453125
2,18.6,16.355158,2.24484214782715,2.24484214782715
2,35.5,31.68504,3.814960479736328,3.814960479736328
2,38.4,37.447643,0.9523567199707017,0.9523567199707017
2,38.1,36.69123,1.4087692260742202,1.4087692260742202
2,33.9,30.994421,2.905578994750975,2.905578994750975
2,25.2,25.89065,-0.6906497955322273,0.6906497955322273
2,32.3,32.52115,-0.22114868164062784,0.22114868164062784
2,29.9,32.48398,-2.5839782714843764,2.5839782714843764
2,34.7,36.450497,-1.7504966735839815,1.7504966735839815
2,36.6,40.522793,-3.922792816162108,3.922792816162108
2,36.9,39.33841,-2.4384094238281264,2.4384094238281264
2,37.2,38.21638,-1.016381072998044,1.016381072998044
2,36.3,35.028038,1.2719619750976534,1.2719619750976534
2,23.8,18.535326,5.26467399597168,5.26467399597168
2,8.3,5.34257,2.9574301719665534,2.9574301719665534
2,39.5,41.702053,-2.2020530700683594,2.2020530700683594
2,27.6,27.408546,0.19145355224609517,0.19145355224609517
2,31.5,30.07671,1.4232902526855469,1.4232902526855469
2,40.3,41.966305,-1.6663047790527372,1.6663047790527372
2,35.9,36.42162,-0.5216194152832045,0.5216194152832045
2,32.5,37.87599,-5.3759918212890625,5.3759918212890625
2,41.8,43.840694,-2.040694427490237,2.040694427490237
2,30.6,32.845787,-2.2457870483398423,2.2457870483398423
2,37.0,38.744675,-1.7446746826171875,1.7446746826171875
2,6.000000000000001,6.9710793,-0.9710793495178214,0.9710793495178214
2,40.7,45.04755,-4.347550201416013,4.347550201416013
2,32.8,30.717234,2.082766342163083,2.082766342163083
2,41.3,38.63387,2.666130828857419,2.666130828857419
2,31.6,31.390732,0.20926818847656392,0.20926818847656392
2,34.1,35.591896,-1.4918960571289048,1.4918960571289048
2,39.0,38.9679,0.032100677490234375,0.032100677490234375
2,36.9,35.770824,1.1291755676269517,1.1291755676269517
2,23.0,25.47742,-2.4774208068847656,2.4774208068847656
2,43.7,44.567905,-0.8679054260253878,0.8679054260253878
2,12.1,12.279931,-0.1799310684204105,0.1799310684204105
2,33.8,36.978714,-3.1787139892578153,3.1787139892578153
2,32.5,30.43619,2.063810348510742,2.063810348510742
2,4.8,2.808303,1.9916968822479246,1.9916968822479246
2,49.7,49.691837,0.008162689208987217,0.008162689208987217
2,48.6,51.186153,-2.586153411865233,2.586153411865233
2,48.5,50.792492,-2.292491912841797,2.292491912841797
2,48.5,48.04044,0.4595603942871094,0.4595603942871094
2,48.699999999999996,48.528843,0.1711570739746051,0.1711570739746051
2,47.4,47.916424,-0.5164237976074233,0.5164237976074233
2,48.4,47.864437,0.5355628967285142,0.5355628967285142
2,37.1,32.93361,4.166390991210939,4.166390991210939
2,31.1,27.44204,3.6579605102539077,3.6579605102539077
2,49.2,50.868324,-1.6683242797851534,1.6683242797851534
2,50.2,50.303913,-0.10391311645507528,0.10391311645507528
2,34.9,37.665253,-2.7652526855468764,2.7652526855468764
2,49.1,47.512497,1.587503051757814,1.587503051757814
2,52.0,54.811768,-2.811767578125,2.811767578125
2,53.3,51.929874,1.3701255798339815,1.3701255798339815
2,29.9,35.015015,-5.115014648437501,5.115014648437501
2,45.4,44.432964,0.9670356750488267,0.9670356750488267
2,26.2,25.881426,0.318574142456054,0.318574142456054
2,6.8,6.309383,0.49061708450317365,0.49061708450317365
2,24.2,25.675312,-1.4753120422363288,1.4753120422363288
2,50.099999999999994,55.578407,-5.478407287597662,5.478407287597662
2,31.1,29.095022,2.0049777984619155,2.0049777984619155
2,49.2,45.4423,3.7577011108398466,3.7577011108398466
2,48.5,48.772152,-0.2721519470214844,0.2721519470214844
2,50.7,52.167645,-1.467644500732419,1.467644500732419
2,55.0,56.01594,-1.0159416198730469,1.0159416198730469
2,45.3,44.428574,0.8714263916015597,0.8714263916015597
2,24.2,20.171108,4.02889175415039,4.02889175415039
2,59.7,57.308754,2.3912460327148466,2.3912460327148466
2,60.6,59.361,1.2389999389648452,1.2389999389648452
2,60.3,60.02675,0.27325134277343466,0.27325134277343466
2,59.5,58.992233,0.5077667236328125,0.5077667236328125
2,29.0,29.339697,-0.33969688415527344,0.33969688415527344
2,23.5,21.41161,2.088390350341797,2.088390350341797
2,12.2,10.2783785,1.9216215133666985,1.9216215133666985
2,10.5,7.7242055,2.775794506072998,2.775794506072998
2,6.2,4.614657,1.5853430747985842,1.5853430747985842
2,4.2,2.4988086,1.7011913776397707,1.7011913776397707
2,17.2,18.684023,-1.4840229034423835,1.4840229034423835
2,38.2,36.306087,1.8939125061035185,1.8939125061035185
2,24.8,20.475933,4.324066925048829,4.324066925048829
2,19.4,19.735468,-0.335467910766603,0.335467910766603
2,11.8,12.432226,-0.6322261810302727,0.6322261810302727
2,38.2,39.624252,-1.4242523193359347,1.4242523193359347
2,11.6,11.280005,0.3199945449829098,0.3199945449829098
2,5.6,4.2929587,1.307041263580322,1.307041263580322
2,3.9,4.1479087,-0.24790868759155282,0.24790868759155282
2,14.6,17.252863,-2.652862930297852,2.652862930297852
2,4.6,4.3091874,0.29081258773803675,0.29081258773803675
2,8.7,7.5695443,1.1304556846618645,1.1304556846618645
2,22.3,16.633615,5.666384506225587,5.666384506225587
2,51.4,48.32831,3.0716918945312486,3.0716918945312486
2,27.3,25.464584,1.8354156494140632,1.8354156494140632
2,36.7,35.97516,0.7248413085937528,0.7248413085937528
2,58.4,58.77644,-0.3764396667480483,0.3764396667480483
2,5.2,4.0589933,1.141006660461426,1.141006660461426
2,54.9,48.317993,6.582006835937499,6.582006835937499
2,17.4,18.72328,-1.323279953002931,1.323279953002931
2,9.7,11.4831915,-1.7831914901733406,1.7831914901733406
2,2.9,4.09249,-1.1924901962280274,1.1924901962280274
2,20.2,22.319685,-2.1196849822998054,2.1196849822998054
2,2.2,2.5979185,-0.39791851043701154,0.39791851043701154
2,5.0,5.2165227,-0.2165226936340332,0.2165226936340332
2,6.9,4.3049097,2.5950902938842777,2.5950902938842777
2,38.5,38.44902,0.0509796142578125,0.0509796142578125
2,41.6,39.58654,2.0134597778320327,2.0134597778320327
2,58.4,57.283325,1.1166748046874986,1.1166748046874986
2,15.8,15.016306,0.7836940765380866,0.7836940765380866
2,2.5,2.3739636,0.1260364055633545,0.1260364055633545
2,1.9,1.6112498,0.2887501955032348,0.2887501955032348
2,8.2,8.708654,-0.5086544036865241,0.5086544036865241
2,30.0,30.016323,-0.016323089599609375,0.016323089599609375
2,1.6,0.83536524,0.7646347641944886,0.7646347641944886
2,21.8,24.278164,-2.4781639099121087,2.4781639099121087
2,6.9,6.435178,0.4648221969604496,0.4648221969604496
2,19.1,17.775595,1.3244052886962905,1.3244052886962905
2,20.8,22.373446,-1.573445510864257,1.573445510864257
2,9.6,10.2807455,-0.6807455062866214,0.6807455062866214
2,3.8,1.8461345,1.9538654565811155,1.9538654565811155
2,1.8,1.6683946,0.13160543441772465,0.13160543441772465
2,19.5,22.565283,-3.0652828216552734,3.0652828216552734
2,2.9,2.3708208,0.5291792392730712,0.5291792392730712
2,1.5000000000000002,2.2130415,-0.7130415439605711,0.7130415439605711
2,15.9,17.75629,-1.8562904357910153,1.8562904357910153
2,7.4,5.555015,1.8449849128723148,1.8449849128723148
2,17.4,16.020704,1.379295730590819,1.379295730590819
2,8.5,8.061043,0.43895721435546875,0.43895721435546875
2,32.4,35.702938,-3.302938079833986,3.302938079833986
2,1.0,-0.4825986,1.482598602771759,1.482598602771759
2,4.0,2.1581533,1.8418467044830322,1.8418467044830322
2,2.5,2.5959735,-0.09597349166870117,0.09597349166870117
2,1.2,1.4092355,-0.2092354774475098,0.2092354774475098
2,8.7,8.3781,0.32189960479736257,0.32189960479736257
2,11.9,12.414158,-0.5141578674316403,0.5141578674316403
2,4.6,4.930289,-0.3302887916564945,0.3302887916564945
2,16.9,15.239,1.6609996795654283,1.6609996795654283
2,4.4,3.8792696,0.5207304000854496,0.5207304000854496
2,23.6,14.670144,8.929855918884279,8.929855918884279
2,15.4,14.018379,1.381620788574219,1.381620788574219
2,4.1,3.6929178,0.40708217620849574,0.40708217620849574
2,1.2,1.5857445,-0.38574450016021733,0.38574450016021733
2,47.7,40.81504,6.884959411621097,6.884959411621097
2,4.0,3.7947683,0.2052316665649414,0.2052316665649414
2,49.1,43.980587,5.119412994384767,5.119412994384767
2,52.0,49.767365,2.232635498046875,2.232635498046875
2,48.9,49.006763,-0.10676345825195455,0.10676345825195455
2,24.5,27.68648,-3.1864795684814453,3.1864795684814453
2,29.8,27.999166,1.8008335113525398,1.8008335113525398
2,3.3,3.3876572,-0.08765716552734393,0.08765716552734393
2,1.6,1.6521287,-0.0521286964416503,0.0521286964416503
2,2.7,2.110351,0.5896489143371584,0.5896489143371584
2,46.8,46.629395,0.17060546874999716,0.17060546874999716
2,0.7,0.6752848,0.024715197086334184,0.024715197086334184
2,10.9,10.201162,0.6988376617431644,0.6988376617431644
2,2.7,3.6449168,-0.944916772842407,0.944916772842407
2,14.8,14.931473,-0.1314727783203118,0.1314727783203118
2,0.4,0.44476464,-0.044764643907546975,0.044764643907546975
2,22.0,19.080393,2.919607162475586,2.919607162475586
2,11.9,12.052444,-0.15244445800781214,0.15244445800781214
2,12.5,15.485971,-2.985971450805664,2.985971450805664
2,1.8,1.4206204,0.37937955856323247,0.37937955856323247
2,0.4,-0.044455297,0.44445529729127886,0.44445529729127886
2,24.4,30.082888,-5.682887649536134,5.682887649536134
2,1.2,0.9521049,0.247895073890686,0.247895073890686
2,3.1,3.490586,-0.3905860424041747,0.3905860424041747
2,14.4,6.3776627,8.022337341308594,8.022337341308594
2,8.5,15.786769,-7.286768913269043,7.286768913269043
2,7.2,8.057968,-0.8579681396484373,0.8579681396484373
2,3.7,3.6977823,0.0022177219390870917,0.0022177219390870917
2,32.6,36.379543,-3.779543304443358,3.779543304443358
2,7.1,6.8785048,0.22149524688720668,0.22149524688720668
2,2.0,2.6772523,-0.6772522926330566,0.6772522926330566
2,30.5,31.52575,-1.0257492065429688,1.0257492065429688
2,0.4,0.91191375,-0.5119137525558471,0.5119137525558471
2,1.2,1.0925612,0.10743875503540035,0.10743875503540035
2,6.2,4.850336,1.3496639251708986,1.3496639251708986
2,25.5,23.734018,1.765981674194336,1.765981674194336
2,4.1,4.542296,-0.44229593276977575,0.44229593276977575
2,23.2,21.75482,1.445180130004882,1.445180130004882
2,5.1,3.331447,1.7685531139373776,1.7685531139373776
2,1.8,1.1659776,0.6340224027633667,0.6340224027633667
2,4.2,5.16807,-0.9680698394775389,0.9680698394775389
2,3.0000000000000004,2.072699,0.9273009300231938,0.9273009300231938
2,20.9,21.968042,-1.068042373657228,1.068042373657228
2,18.3,16.724249,1.5757511138916023,1.5757511138916023
2,16.9,15.011615,1.8883852005004869,1.8883852005004869
2,6.000000000000001,4.579706,1.4202938079833993,1.4202938079833993
2,50.0,49.97325,0.0267486572265625,0.0267486572265625
2,46.3,43.269863,3.030136871337888,3.030136871337888
2,2.3,1.8056357,0.4943643093109129,0.4943643093109129
2,10.6,7.5160813,3.0839186668395993,3.0839186668395993
2,6.8,4.866022,1.9339778900146483,1.9339778900146483
2,55.1,53.771893,1.3281074523925795,1.3281074523925795
2,49.6,45.770744,3.8292556762695327,3.8292556762695327
2,0.9,3.42555,-2.5255499839782716,2.5255499839782716
2,3.2,3.1839337,0.01606626510620135,0.01606626510620135
2,43.8,40.08137,3.7186286926269503,3.7186286926269503
2,24.3,30.097008,-5.797007751464843,5.797007751464843
2,29.3,25.831656,3.4683444976806648,3.4683444976806648
2,2.9,2.4627132,0.4372867584228515,0.4372867584228515
2,19.1,18.298447,0.8015533447265639,0.8015533447265639
2,12.1,9.1052885,2.9947114944458004,2.9947114944458004
2,25.6,28.855398,-3.2553981781005845,3.2553981781005845
2,2.8,1.315952,1.4840480566024778,1.4840480566024778
2,1.7,0.3835999,1.3164000928401947,1.3164000928401947
2,1.6,0.30668455,1.2933154463768006,1.2933154463768006
2,1.1,2.7894154,-1.6894153594970702,1.6894153594970702
2,18.3,20.56189,-2.2618896484374993,2.2618896484374993
2,47.6,41.87158,5.728421783447267,5.728421783447267
2,62.1,57.398228,4.701772308349611,4.701772308349611
2,52.2,44.406376,7.793624114990237,7.793624114990237
2,49.9,47.41478,2.485220336914061,2.485220336914061
2,35.2,34.25212,0.9478790283203153,0.9478790283203153
2,49.7,49.79325,-0.09325103759765341,0.09325103759765341
2,34.4,31.89225,2.5077499389648423,2.5077499389648423
2,30.9,26.928457,3.9715427398681626,3.9715427398681626
2,3.3,4.3381,-1.0380999565124513,1.0380999565124513
2,9.4,9.237223,0.1627773284912113,0.1627773284912113
2,56.9,56.135708,0.7642921447753892,0.7642921447753892
2,22.5,22.251925,0.2480754852294922,0.2480754852294922
2,1.5000000000000002,-1.0260568,2.5260567665100098,2.5260567665100098
2,15.9,15.922645,-0.02264461517333949,0.02264461517333949
2,38.2,38.25972,-0.05971984863280966,0.05971984863280966
2,24.3,24.291206,0.00879364013671946,0.00879364013671946
2,45.7,42.371304,3.3286964416503935,3.3286964416503935
2,47.7,49.96144,-2.2614410400390597,2.2614410400390597
2,3.4,2.2864473,1.113552713394165,1.113552713394165
2,40.0,43.372665,-3.3726654052734375,3.3726654052734375
2,4.6,4.4822073,0.11779270172119105,0.11779270172119105
2,19.3,20.761549,-1.461548995971679,1.461548995971679
2,2.8,2.138238,0.6617620468139647,0.6617620468139647
2,55.0,53.138145,1.8618545532226562,1.8618545532226562
2,11.7,12.43237,-0.7323701858520515,0.7323701858520515
2,32.7,33.400288,-0.7002876281738253,0.7002876281738253
2,3.0000000000000004,3.1393723,-0.13937234878539995,0.13937234878539995
2,18.8,17.835276,0.9647243499755866,0.9647243499755866
2,20.3,20.612953,-0.31295318603515554,0.31295318603515554
2,2.4,1.1156514,1.2843486309051513,1.2843486309051513
2,1.6,1.5942237,0.005776262283325284,0.005776262283325284
2,11.5,10.27255,1.2274503707885742,1.2274503707885742
2,36.1,36.30808,-0.2080787658691392,0.2080787658691392
2,37.8,35.864544,1.9354560852050753,1.9354560852050753
2,2.3,1.182227,1.1177729845046995,1.1177729845046995
2,23.8,23.501957,0.2980430603027351,0.2980430603027351
2,9.7,7.2488346,2.4511653900146477,2.4511653900146477
2,53.5,51.79858,1.7014198303222656,1.7014198303222656
2,24.1,26.19667,-2.096670532226561,2.096670532226561
2,60.7,61.732018,-1.032017517089841,1.032017517089841
2,46.7,47.196457,-0.49645690917968466,0.49645690917968466
2,34.1,40.820576,-6.720575714111327,6.720575714111327
2,59.7,57.946434,1.753565979003909,1.753565979003909
2,58.9,58.067726,0.8322738647460923,0.8322738647460923
2,54.8,55.65822,-0.8582183837890653,0.8582183837890653
2,2.1,5.161942,-3.0619420051574706,3.0619420051574706
2,66.2,60.13402,6.0659782409668,6.0659782409668
2,66.0,59.73052,6.269481658935547,6.269481658935547
2,64.9,59.423428,5.476572418212896,5.476572418212896
2,63.1,57.526596,5.573403930664064,5.573403930664064
2,48.3,46.438652,1.8613479614257784,1.8613479614257784
2,58.9,56.28812,2.611879730224608,2.611879730224608
2,57.7,58.343773,-0.6437728881835909,0.6437728881835909
2,6.7,4.6660476,2.0339524269104006,2.0339524269104006
2,64.8,59.412235,5.3877647399902315,5.3877647399902315
2,61.4,61.679337,-0.2793365478515639,0.2793365478515639
2,61.1,59.98501,1.1149917602539077,1.1149917602539077
2,60.2,57.662262,2.537738037109378,2.537738037109378
2,30.7,30.334614,0.36538619995117116,0.36538619995117116
2,58.5,54.252266,4.247734069824219,4.247734069824219
2,58.0,59.812748,-1.8127479553222656,1.8127479553222656
2,56.5,57.33375,-0.8337516784667969,0.8337516784667969
2,54.7,52.104774,2.5952255249023466,2.5952255249023466
2,54.29999999999999,54.055656,0.2443435668945213,0.2443435668945213
2,53.0,53.487923,-0.48792266845703125,0.48792266845703125
2,52.3,54.843216,-2.5432159423828153,2.5432159423828153
2,53.5,54.085323,-0.5853233337402344,0.5853233337402344
2,35.7,36.509113,-0.8091133117675753,0.8091133117675753
2,34.8,31.872053,2.9279468536376925,2.9279468536376925
2,56.4,57.8658,-1.465798950195314,1.465798950195314
2,52.5,54.523006,-2.0230064392089844,2.0230064392089844
2,42.9,43.59125,-0.691251373291017,0.691251373291017
2,46.7,46.4136,0.28639907836914347,0.28639907836914347
2,41.5,35.66136,5.8386383056640625,5.8386383056640625
2,49.5,51.799862,-2.2998619079589844,2.2998619079589844
2,50.2,53.544914,-3.344914245605466,3.344914245605466
2,45.199999999999996,45.50655,-0.3065498352050824,0.3065498352050824
2,50.3,50.404797,-0.10479660034179972,0.10479660034179972
2,49.5,49.91976,-0.41976165771484375,0.41976165771484375
2,47.2,47.204575,-0.004574584960934658,0.004574584960934658
2,49.8,51.22252,-1.4225189208984403,1.4225189208984403
2,43.0,42.984966,0.015033721923828125,0.015033721923828125
2,40.4,37.755444,2.6445564270019517,2.6445564270019517
2,26.8,27.091711,-0.2917110443115227,0.2917110443115227
2,28.8,29.164421,-0.36442108154296804,0.36442108154296804
2,10.3,13.126573,-2.826572608947753,2.826572608947753
2,17.4,23.514399,-6.114398574829103,6.114398574829103
2,20.6,20.198368,0.4016319274902358,0.4016319274902358
2,40.1,40.395428,-0.29542770385742045,0.29542770385742045
2,29.7,28.4229,1.277100753784179,1.277100753784179
2,8.4,6.907635,1.4923647880554203,1.4923647880554203
2,45.900000000000006,47.800266,-1.900266265869135,1.900266265869135
2,44.2,46.398136,-2.198136138916013,2.198136138916013
2,38.9,40.50261,-1.602609252929689,1.602609252929689
2,31.8,32.42308,-0.6230804443359368,0.6230804443359368
2,32.5,32.78005,-0.2800483703613281,0.2800483703613281
2,3.1,2.8049898,0.2950101852416993,0.2950101852416993
2,38.1,40.489754,-2.38975372314453,2.38975372314453
2,10.3,10.557615,-0.2576152801513665,0.2576152801513665
2,19.0,17.33892,1.6610794067382812,1.6610794067382812
2,39.2,39.990826,-0.790825653076169,0.790825653076169
2,42.1,41.731762,0.36823806762695455,0.36823806762695455
2,41.4,39.859013,1.540987396240233,1.540987396240233
2,39.0,40.542377,-1.5423774719238281,1.5423774719238281
2,38.3,41.73927,-3.4392692565917997,3.4392692565917997
2,39.0,39.471966,-0.4719657897949219,0.4719657897949219
2,38.7,38.1186,0.5814010620117216,0.5814010620117216
2,22.9,23.192621,-0.292621231079103,0.292621231079103
2,5.4,2.4979374,2.902062559127808,2.902062559127808
2,39.0,43.84953,-4.849529266357422,4.849529266357422
2,23.7,22.520924,1.1790763854980462,1.1790763854980462
2,38.3,36.577328,1.7226722717285128,1.7226722717285128
2,37.6,36.079983,1.520017242431642,1.520017242431642
2,39.4,37.492622,1.9073776245117173,1.9073776245117173
2,31.8,34.2067,-2.40669937133789,2.40669937133789
2,36.0,35.395367,0.6046333312988281,0.6046333312988281
2,38.1,36.54224,1.5577598571777358,1.5577598571777358
2,35.7,35.13148,0.568518829345706,0.568518829345706
2,35.8,33.73426,2.065739440917966,2.065739440917966
2,24.4,21.608044,2.7919563293457017,2.7919563293457017
2,17.5,14.069538,3.430461883544922,3.430461883544922
2,10.3,10.396822,-0.0968219757080071,0.0968219757080071
2,8.9,11.317011,-2.417010879516601,2.417010879516601
2,25.0,25.317211,-0.3172111511230469,0.3172111511230469
2,34.8,34.356327,0.44367294311523153,0.44367294311523153
2,10.8,10.030647,0.7693527221679695,0.7693527221679695
2,14.1,13.861512,0.23848781585693324,0.23848781585693324
2,28.5,27.399849,1.1001510620117188,1.1001510620117188
2,34.1,35.699863,-1.5998634338378892,1.5998634338378892
2,28.6,26.987434,1.6125656127929702,1.6125656127929702
2,11.1,11.615578,-0.5155776977539066,0.5155776977539066
2,20.0,21.492647,-1.4926471710205078,1.4926471710205078
2,24.2,26.887594,-2.6875942230224616,2.6875942230224616
2,9.6,7.6385365,1.9614635467529293,1.9614635467529293
2,19.5,21.82983,-2.3298301696777344,2.3298301696777344
2,23.4,24.06098,-0.6609798431396499,0.6609798431396499
2,16.9,16.512497,0.3875030517578111,0.3875030517578111
2,29.9,30.14587,-0.2458702087402358,0.2458702087402358
2,34.0,33.152424,0.8475761413574219,0.8475761413574219
2,33.8,31.61252,2.1874797821044893,2.1874797821044893
2,33.5,31.495605,2.00439453125,2.00439453125
2,33.3,30.769392,2.5306079864501925,2.5306079864501925
2,25.400000000000002,23.068558,2.3314422607421896,2.3314422607421896
2,28.1,26.965252,1.1347480773925795,1.1347480773925795
2,22.7,24.584282,-1.8842819213867195,1.8842819213867195
2,27.9,29.130154,-1.2301536560058608,1.2301536560058608
2,22.1,22.752558,-0.6525577545166001,0.6525577545166001
2,28.2,27.106812,1.0931884765624993,1.0931884765624993
2,20.9,19.913637,0.9863628387451158,0.9863628387451158
2,26.8,25.986927,0.8130729675292976,0.8130729675292976
2,34.2,33.569374,0.6306259155273466,0.6306259155273466
2,22.599999999999998,23.305815,-0.7058147430419943,0.7058147430419943
2,34.1,35.538307,-1.4383071899414048,1.4383071899414048
2,35.3,34.976574,0.3234260559082003,0.3234260559082003
2,31.1,33.24894,-2.148939514160155,2.148939514160155
2,31.5,30.107046,1.392953872680664,1.392953872680664
2,25.400000000000002,25.822857,-0.42285690307616974,0.42285690307616974
2,34.1,38.249844,-4.149843597412108,4.149843597412108
2,35.9,37.065857,-1.1658569335937514,1.1658569335937514
2,37.5,38.459194,-0.9591941833496094,0.9591941833496094
2,32.4,34.97291,-2.5729118347167983,2.5729118347167983
2,16.3,15.795057,0.504942703247071,0.504942703247071
2,3.7,2.2645013,1.4354986667633058,1.4354986667633058
2,26.4,30.434542,-4.034541702270509,4.034541702270509
2,35.7,35.620163,0.07983703613281534,0.07983703613281534
2,34.0,30.307102,3.6928977966308594,3.6928977966308594
2,32.5,34.48324,-1.9832382202148438,1.9832382202148438
2,39.4,34.729736,4.670263671874999,4.670263671874999
2,37.6,39.924088,-2.324087524414061,2.324087524414061
2,38.0,40.2288,-2.228801727294922,2.228801727294922
2,22.2,21.36405,0.8359500885009759,0.8359500885009759
2,30.2,30.971626,-0.771626281738282,0.771626281738282
2,26.6,27.372208,-0.7722076416015611,0.7722076416015611
2,38.0,39.37983,-1.3798294067382812,1.3798294067382812
2,28.3,28.921497,-0.6214973449707024,0.6214973449707024
2,39.3,39.96649,-0.6664916992187528,0.6664916992187528
2,39.0,39.943913,-0.9439125061035156,0.9439125061035156
2,38.7,39.133427,-0.4334266662597628,0.4334266662597628
2,30.9,29.97428,0.9257205963134751,0.9257205963134751
2,11.299999999999999,8.655863,2.64413719177246,2.64413719177246
2,20.0,23.867702,-3.8677024841308594,3.8677024841308594
2,29.0,30.420038,-1.4200382232666016,1.4200382232666016
2,41.8,44.336926,-2.5369255065917997,2.5369255065917997
2,41.3,40.983418,0.31658248901366903,0.31658248901366903
2,40.4,40.237057,0.1629432678222642,0.1629432678222642
2,40.7,38.790302,1.9096977233886747,1.9096977233886747
2,41.1,40.668644,0.4313560485839858,0.4313560485839858
2,40.6,37.565987,3.03401336669922,3.03401336669922
2,31.5,30.040258,1.4597415924072266,1.4597415924072266
2,28.9,27.365395,1.5346054077148423,1.5346054077148423
2,15.4,29.30697,-13.906970596313476,13.906970596313476
2,18.7,20.766478,-2.066477584838868,2.066477584838868
2,40.8,43.421356,-2.621356201171878,2.621356201171878
2,33.1,31.852613,1.2473865509033217,1.2473865509033217
2,30.8,30.04367,0.7563293457031257,0.7563293457031257
2,26.9,24.658121,2.2418788909912095,2.2418788909912095
2,37.2,37.0587,0.14129943847656534,0.14129943847656534
2,45.7,45.046494,0.6535064697265653,0.6535064697265653
2,40.9,41.97389,-1.0738883972167983,1.0738883972167983
2,35.7,37.31031,-1.6103103637695284,1.6103103637695284
2,32.1,27.831009,4.268991088867189,4.268991088867189
2,35.7,37.49173,-1.7917297363281222,1.7917297363281222
2,20.9,21.705328,-0.8053279876708999,0.8053279876708999
2,52.0,54.053883,-2.053882598876953,2.053882598876953
2,40.2,39.52643,0.6735717773437528,0.6735717773437528
2,9.1,7.915096,1.1849041938781735,1.1849041938781735
2,20.3,19.362415,0.9375846862792976,0.9375846862792976
2,2.9,1.7409313,1.159068727493286,1.159068727493286
2,26.3,30.774645,-4.47464485168457,4.47464485168457
2,28.1,29.523361,-1.423361206054686,1.423361206054686
2,54.0,52.276722,1.7232780456542969,1.7232780456542969
2,40.0,44.843903,-4.843902587890625,4.843902587890625
2,41.70000000000001,39.428665,2.2713348388671974,2.2713348388671974
2,29.1,30.995352,-1.8953517913818345,1.8953517913818345
2,21.8,23.123217,-1.3232166290283196,1.3232166290283196
2,55.7,56.949886,-1.2498863220214815,1.2498863220214815
2,55.5,54.34872,1.1512794494628906,1.1512794494628906
2,55.1,53.641773,1.4582267761230483,1.4582267761230483
2,42.9,42.988354,-0.0883537292480483,0.0883537292480483
2,49.6,49.82453,-0.22453155517577983,0.22453155517577983
2,49.6,49.58466,0.015340423583985796,0.015340423583985796
2,54.29999999999999,54.877323,-0.5773231506347756,0.5773231506347756
2,53.5,52.33684,1.1631584167480469,1.1631584167480469
2,53.7,52.91154,0.788459014892581,0.788459014892581
2,37.7,50.351837,-12.651837158203122,12.651837158203122
2,51.49999999999999,52.29425,-0.7942504882812571,0.7942504882812571
2,54.0,56.421604,-2.4216041564941406,2.4216041564941406
2,50.0,52.547382,-2.547382354736328,2.547382354736328
2,53.9,52.687943,1.212057495117186,1.212057495117186
2,55.5,55.343815,0.15618515014648438,0.15618515014648438
2,53.0,54.869263,-1.8692626953125,1.8692626953125
2,31.2,25.340506,5.859494400024413,5.859494400024413
2,10.7,10.351646,0.34835357666015554,0.34835357666015554
2,12.700000000000001,11.052326,1.647673797607423,1.647673797607423
2,2.2,-0.070469916,2.270469915866852,2.270469915866852
2,24.000000000000004,22.714138,1.2858619689941442,1.2858619689941442
2,41.6,43.490273,-1.8902725219726548,1.8902725219726548
2,4.0,3.6459484,0.3540515899658203,0.3540515899658203
2,58.6,59.46837,-0.8683685302734361,0.8683685302734361
2,17.9,16.333466,1.5665344238281236,1.5665344238281236
2,8.3,7.880753,0.41924695968628,0.41924695968628
2,38.6,43.67734,-5.077341461181639,5.077341461181639
2,32.4,35.909138,-3.5091377258300795,3.5091377258300795
2,6.4,9.058557,-2.65855655670166,2.65855655670166
2,16.9,17.85319,-0.9531894683837905,0.9531894683837905
2,27.1,31.10285,-4.002849960327147,4.002849960327147
2,10.6,13.639836,-3.0398363113403324,3.0398363113403324
2,14.6,16.615343,-2.0153430938720707,2.0153430938720707
2,31.1,33.96133,-2.861330413818358,2.861330413818358
2,7.9,6.706712,1.1932882308959964,1.1932882308959964
2,17.1,15.730559,1.3694406509399428,1.3694406509399428
2,36.3,42.97156,-6.6715614318847685,6.6715614318847685
2,51.9,50.111942,1.788057708740233,1.788057708740233
2,2.7,3.4635754,-0.7635753631591795,0.7635753631591795
2,3.6,4.091139,-0.4911388397216796,0.4911388397216796
2,10.9,12.185734,-1.2857337951660153,1.2857337951660153
2,25.7,30.617598,-4.917597579956055,4.917597579956055
2,48.00000000000001,51.189854,-3.1898536682128835,3.1898536682128835
2,22.5,19.93452,2.565479278564453,2.565479278564453
2,8.5,9.259658,-0.7596578598022461,0.7596578598022461
2,7.9,8.912647,-1.0126472473144528,1.0126472473144528
2,1.2,2.0630171,-0.8630171298980713,0.8630171298980713
2,40.8,38.966396,1.8336036682128878,1.8336036682128878
2,35.5,29.143274,6.356725692749023,6.356725692749023
2,2.6,2.21879,0.381209945678711,0.381209945678711
2,20.9,27.779171,-6.879170989990236,6.879170989990236
2,18.0,17.937056,0.06294441223144531,0.06294441223144531
2,4.3,5.997211,-1.69721097946167,1.69721097946167
2,4.8,3.095881,1.70411901473999,1.70411901473999
2,58.6,60.168453,-1.568453216552733,1.568453216552733
2,1.5000000000000002,0.65655875,0.8434412479400637,0.8434412479400637
2,6.2,8.000523,-1.8005226135253904,1.8005226135253904
2,2.5,1.7140248,0.7859752178192139,0.7859752178192139
2,30.4,35.26691,-4.866910552978517,4.866910552978517
2,58.9,65.76926,-6.869256591796876,6.869256591796876
2,53.6,54.846622,-1.2466224670410142,1.2466224670410142
2,6.6,7.4751177,-0.8751176834106449,0.8751176834106449
2,8.9,9.624197,-0.7241970062255856,0.7241970062255856
2,51.0,48.664345,2.3356552124023438,2.3356552124023438
2,1.6,0.39494696,1.2050530374050141,1.2050530374050141
2,1.7,1.6605179,0.039482069015502885,0.039482069015502885
2,6.4,5.9164834,0.4835165977478031,0.4835165977478031
2,10.4,9.9666,0.43339958190918004,0.43339958190918004
2,49.2,47.669746,1.5302536010742216,1.5302536010742216
2,45.8,44.044796,1.7552040100097628,1.7552040100097628
2,11.0,10.142069,0.8579311370849609,0.8579311370849609
2,22.0,23.436434,-1.4364337921142578,1.4364337921142578
2,55.1,54.18565,0.9143501281738295,0.9143501281738295
2,12.8,11.536389,1.2636106491088874,1.2636106491088874
2,32.2,26.528887,5.6711132049560575,5.6711132049560575
2,38.3,35.168247,3.1317527770996065,3.1317527770996065
2,43.7,49.693687,-5.993687438964841,5.993687438964841
2,5.9,7.951696,-2.051695919036865,2.051695919036865
2,1.0,0.97089946,0.029100537300109863,0.029100537300109863
2,2.3,2.0187716,0.2812283515930174,0.2812283515930174
2,6.5,4.9683423,1.5316576957702637,1.5316576957702637
2,34.5,36.244625,-1.7446250915527344,1.7446250915527344
2,12.6,12.832868,-0.23286762237548864,0.23286762237548864
2,8.9,7.2696643,1.6303357124328617,1.6303357124328617
2,24.2,23.580418,0.6195823669433587,0.6195823669433587
2,1.4,2.326317,-0.9263170719146729,0.9263170719146729
2,2.0,2.4169917,-0.4169917106628418,0.4169917106628418
2,12.000000000000002,10.071636,1.92836380004883,1.92836380004883
2,0.8,1.516699,-0.7166989564895629,0.7166989564895629
2,7.8,10.224192,-2.4241916656494142,2.4241916656494142
2,1.3,0.47868055,0.8213194489479065,0.8213194489479065
2,5.5,4.2323117,1.267688274383545,1.267688274383545
2,18.7,21.594744,-2.894743728637696,2.894743728637696
2,1.3,0.8778714,0.4221286058425904,0.4221286058425904
2,1.4,0.5153575,0.8846425056457519,0.8846425056457519
2,4.1,5.206256,-1.106255912780762,1.106255912780762
2,1.3,0.59339637,0.7066036343574524,0.7066036343574524
2,7.5,7.1254554,0.374544620513916,0.374544620513916
2,20.7,21.699625,-0.9996250152587898,0.9996250152587898
2,0.5,0.9389432,-0.43894320726394653,0.43894320726394653
2,17.3,16.246496,1.0535037994384773,1.0535037994384773
2,2.0,1.3481137,0.6518863439559937,0.6518863439559937
2,7.2,12.73956,-5.539560127258301,5.539560127258301
2,6.8,4.84071,1.9592898368835447,1.9592898368835447
2,1.3,1.3531225,-0.05312247276306148,0.05312247276306148
2,1.7,2.0113413,-0.31134133338928227,0.31134133338928227
2,1.4,1.5025828,-0.10258278846740732,0.10258278846740732
2,0.3,0.48080012,-0.1808001220226288,0.1808001220226288
2,3.7,2.838578,0.8614220142364504,0.8614220142364504
2,11.9,10.887917,1.012083435058594,1.012083435058594
2,20.8,18.407719,2.392281341552735,2.392281341552735
2,1.7,0.96690595,0.733094048500061,0.733094048500061
2,6.3,5.644704,0.6552961349487303,0.6552961349487303
2,10.6,8.998583,1.6014171600341793,1.6014171600341793
2,4.6,6.3061976,-1.7061976432800297,1.7061976432800297
2,2.6,1.7688228,0.8311772108078004,0.8311772108078004
2,6.9,8.127231,-1.2272306442260739,1.2272306442260739
2,0.7,0.6619166,0.03808338642120357,0.03808338642120357
2,1.4,1.0729141,0.32708587646484366,0.32708587646484366
2,0.6,0.33950672,0.2604932844638824,0.2604932844638824
2,0.1,0.05618517,0.04381482899188996,0.04381482899188996
2,1.2,0.540616,0.659384024143219,0.659384024143219
2,1.9,1.7956946,0.10430541038513175,0.10430541038513175
2,14.6,12.8157425,1.7842575073242184,1.7842575073242184
2,40.0,38.454044,1.5459556579589844,1.5459556579589844
2,55.1,49.514755,5.585244750976564,5.585244750976564
2,54.29999999999999,48.863792,5.436207580566396,5.436207580566396
2,0.1,0.1596389,-0.0596388965845108,0.0596388965845108
2,22.2,21.036903,1.163096618652343,1.163096618652343
2,1.4,0.73224485,0.6677551507949828,0.6677551507949828
2,50.800000000000004,53.12958,-2.3295814514160114,2.3295814514160114
2,4.5,3.458777,1.0412230491638184,1.0412230491638184
2,3.0000000000000004,3.4516535,-0.4516534805297847,0.4516534805297847
2,8.3,7.5052114,0.7947886466979988,0.7947886466979988
2,3.3,3.414731,-0.11473102569580096,0.11473102569580096
2,14.3,15.316111,-1.0161106109619134,1.0161106109619134
2,7.7,7.9113693,-0.21136932373046857,0.21136932373046857
2,2.3,2.91438,-0.6143800735473635,0.6143800735473635
2,13.9,13.303516,0.5964836120605472,0.5964836120605472
2,30.7,35.27336,-4.573361206054688,4.573361206054688
2,7.2,8.002668,-0.8026683807373045,0.8026683807373045
2,34.5,36.90037,-2.400371551513672,2.400371551513672
2,1.7,1.3460506,0.35394937992095943,0.35394937992095943
2,4.9,3.119081,1.7809189796447757,1.7809189796447757
2,9.1,8.47062,0.629379844665527,0.629379844665527
2,1.8,1.5622038,0.23779623508453374,0.23779623508453374
2,1.5000000000000002,1.4259498,0.07405018806457542,0.07405018806457542
2,6.1,5.734667,0.36533317565917933,0.36533317565917933
2,2.0,1.3422935,0.6577064990997314,0.6577064990997314
2,1.1,0.4535708,0.6464291870594026,0.6464291870594026
2,18.7,17.078495,1.6215049743652337,1.6215049743652337
2,1.4,-0.14566852,1.5456685215234756,1.5456685215234756
2,0.6,1.0152688,-0.4152688026428223,0.4152688026428223
2,2.7,2.106115,0.5938848972320558,0.5938848972320558
2,0.9,0.2544854,0.6455146014690399,0.6455146014690399
2,0.9,-0.36072043,1.2607204258441924,1.2607204258441924
2,7.6,7.2782993,0.3217006683349606,0.3217006683349606
2,68.8,63.96537,4.834629821777341,4.834629821777341
2,63.8,58.649967,5.1500328063964815,5.1500328063964815
2,70.8,62.58702,8.21297912597656,8.21297912597656
2,61.2,58.673748,2.526251983642581,2.526251983642581
2,6.4,4.6459494,1.7540506362915043,1.7540506362915043
2,25.5,22.43553,3.0644702911376953,3.0644702911376953
2,26.7,24.005756,2.694243621826171,2.694243621826171
2,24.1,22.186533,1.9134670257568374,1.9134670257568374
2,31.9,28.836386,3.0636142730712876,3.0636142730712876
2,46.2,43.03573,3.164271545410159,3.164271545410159
2,65.4,63.882694,1.51730575561524,1.51730575561524
2,31.1,29.976076,1.1239238739013686,1.1239238739013686
2,51.8,48.215733,3.5842674255371065,3.5842674255371065
2,49.0,48.210903,0.7890968322753906,0.7890968322753906
2,58.2,56.954716,1.2452842712402372,1.2452842712402372
2,15.7,15.51448,0.1855203628540032,0.1855203628540032
2,67.7,63.49165,4.208350372314456,4.208350372314456
2,67.1,65.4498,1.6502014160156193,1.6502014160156193
2,65.9,66.13556,-0.23555908203124432,0.23555908203124432
2,63.4,63.511593,-0.1115928649902358,0.1115928649902358
2,13.0,12.045452,0.9545478820800781,0.9545478820800781
2,26.8,17.358261,9.441738891601563,9.441738891601563
2,5.6,4.1609044,1.439095592498779,1.439095592498779
2,68.7,68.76071,-0.06071166992187216,0.06071166992187216
2,62.2,58.95819,3.241809082031253,3.241809082031253
2,62.8,60.35822,2.4417808532714815,2.4417808532714815
2,42.8,43.972347,-1.1723472595214872,1.1723472595214872
2,26.4,22.908583,3.491417312622069,3.491417312622069
2,5.8,5.827173,-0.02717323303222674,0.02717323303222674
2,32.3,33.131695,-0.8316947937011747,0.8316947937011747
2,4.8,4.0947127,0.7052872657775877,0.7052872657775877
2,10.4,10.123115,0.2768854141235355,0.2768854141235355
2,31.6,34.480083,-2.8800834655761705,2.8800834655761705
2,22.2,20.81332,1.38667984008789,1.38667984008789
2,16.0,16.889858,-0.8898582458496094,0.8898582458496094
2,43.0,44.053875,-1.0538749694824219,1.0538749694824219
2,19.2,21.744986,-2.5449855804443366,2.5449855804443366
2,53.2,54.022,-0.8219993591308565,0.8219993591308565
2,8.8,8.621657,0.17834262847900462,0.17834262847900462
2,5.8,5.5968113,0.20318870544433576,0.20318870544433576
2,21.4,23.384422,-1.9844223022460952,1.9844223022460952
2,62.3,60.533104,1.7668960571289034,1.7668960571289034
2,39.5,37.731983,1.7680168151855469,1.7680168151855469
2,51.49999999999999,51.66476,-0.16476058959961648,0.16476058959961648
2,28.3,28.636606,-0.33660621643066335,0.33660621643066335
2,58.4,54.18428,4.215719604492186,4.215719604492186
2,59.3,57.140274,2.1597259521484347,2.1597259521484347
2,57.8,54.682606,3.117394256591794,3.117394256591794
2,56.5,55.87139,0.6286087036132812,0.6286087036132812
2,52.0,55.498512,-3.4985122680664062,3.4985122680664062
2,60.2,59.718452,0.4815475463867216,0.4815475463867216
2,52.2,53.485035,-1.2850349426269503,1.2850349426269503
2,58.4,57.821136,0.5788635253906236,0.5788635253906236
2,16.2,15.154363,1.0456373214721673,1.0456373214721673
2,39.6,34.391525,5.208474731445314,5.208474731445314
2,10.2,11.417977,-1.2179773330688484,1.2179773330688484
2,41.9,43.204117,-1.304116821289064,1.304116821289064
2,33.9,27.852806,6.047193908691405,6.047193908691405
2,19.5,17.284546,2.2154541015625,2.2154541015625
2,10.7,9.607166,1.0928337097167962,1.0928337097167962
2,31.7,34.449028,-2.7490280151367195,2.7490280151367195
2,50.099999999999994,53.14565,-3.045648956298834,3.045648956298834
2,34.7,32.783054,1.9169456481933622,1.9169456481933622
2,45.5,44.882664,0.6173362731933594,0.6173362731933594
2,23.299999999999997,23.36314,-0.06314010620117472,0.06314010620117472
2,43.7,47.12984,-3.4298408508300753,3.4298408508300753
2,16.4,15.4345045,0.9654954910278306,0.9654954910278306
2,4.2,4.292781,-0.09278087615966779,0.09278087615966779
2,47.8,49.733723,-1.933722686767581,1.933722686767581
2,49.9,50.21354,-0.31353912353515767,0.31353912353515767
2,32.2,49.72024,-17.520241546630857,17.520241546630857
2,51.0,45.966827,5.033172607421875,5.033172607421875
2,49.8,46.580265,3.2197349548339815,3.2197349548339815
2,50.5,48.66541,1.8345909118652344,1.8345909118652344
2,50.5,49.03279,1.4672088623046875,1.4672088623046875
2,49.5,47.540005,1.9599952697753906,1.9599952697753906
2,32.9,33.450745,-0.5507446289062514,0.5507446289062514
2,22.599999999999998,17.566027,5.0339733123779276,5.0339733123779276
2,8.1,5.999031,2.1009689331054684,2.1009689331054684
2,12.5,11.873809,0.6261911392211914,0.6261911392211914
2,28.9,31.47162,-2.5716205596923842,2.5716205596923842
2,34.0,34.44279,-0.4427909851074219,0.4427909851074219
2,8.7,9.845229,-1.1452291488647468,1.1452291488647468
2,32.9,35.63829,-2.738290405273439,2.738290405273439
2,6.2,5.139777,1.0602228164672853,1.0602228164672853
2,37.7,40.63078,-2.930779266357419,2.930779266357419
2,28.4,30.075607,-1.675607299804689,1.675607299804689
2,39.1,42.320633,-3.220632934570311,3.220632934570311
2,6.2,4.4371696,1.762830448150635,1.762830448150635
2,4.2,2.3059418,1.8940581798553469,1.8940581798553469
2,21.3,22.950554,-1.650553894042968,1.650553894042968
2,15.6,14.456292,1.1437078475952145,1.1437078475952145
2,23.2,20.706625,2.4933750152587884,2.4933750152587884
2,15.5,16.974236,-1.4742355346679688,1.4742355346679688
2,23.2,22.360651,0.8393489837646477,0.8393489837646477
2,22.9,23.37856,-0.47855911254882955,0.47855911254882955
2,26.6,28.639868,-2.039867782592772,2.039867782592772
2,17.2,18.827414,-1.6274135589599616,1.6274135589599616
2,25.1,23.702585,1.3974147796630874,1.3974147796630874
2,9.6,7.5473046,2.0526953697204586,2.0526953697204586
2,34.4,36.99027,-2.590268707275392,2.590268707275392
2,27.1,25.420536,1.6794639587402358,1.6794639587402358
2,29.7,29.701273,-0.001272964477539773,0.001272964477539773
2,21.9,22.345026,-0.445026016235353,0.445026016235353
2,10.7,10.972771,-0.27277069091796946,0.27277069091796946
2,21.3,21.218632,0.08136825561523509,0.08136825561523509
2,37.9,37.734528,0.16547241210937358,0.16547241210937358
2,38.2,38.508266,-0.30826644897460653,0.30826644897460653
2,37.4,35.52534,1.8746589660644517,1.8746589660644517
2,37.2,34.705788,2.4942123413085966,2.4942123413085966
2,36.1,33.50771,2.5922904968261733,2.5922904968261733
2,33.5,31.913424,1.5865764617919922,1.5865764617919922
2,28.9,28.204203,0.6957973480224595,0.6957973480224595
2,30.1,29.335459,0.7645412445068374,0.7645412445068374
2,15.9,17.19134,-1.2913394927978512,1.2913394927978512
2,5.9,4.395163,1.5048369407653812,1.5048369407653812
2,13.0,12.983086,0.01691436767578125,0.01691436767578125
2,22.8,17.732769,5.067230987548829,5.067230987548829
2,30.9,31.248295,-0.34829483032226705,0.34829483032226705
2,36.8,34.532658,2.2673423767089815,2.2673423767089815
2,34.8,33.93745,0.8625495910644503,0.8625495910644503
2,34.7,31.404434,3.2955657958984403,3.2955657958984403
2,35.1,34.579994,0.5200057983398452,0.5200057983398452
2,34.0,33.76155,0.2384490966796875,0.2384490966796875
2,34.4,32.694607,1.7053932189941392,1.7053932189941392
2,34.8,32.51449,2.2855117797851534,2.2855117797851534
2,35.7,33.41742,2.282580566406253,2.282580566406253
2,31.8,32.404957,-0.6049568176269524,0.6049568176269524
2,34.5,33.795185,0.7048149108886719,0.7048149108886719
2,22.1,22.035753,0.06424674987793111,0.06424674987793111
2,28.8,29.762192,-0.9621917724609368,0.9621917724609368
2,19.4,20.567127,-1.1671272277832045,1.1671272277832045
2,31.7,32.59732,-0.8973205566406257,0.8973205566406257
2,23.7,21.795425,1.9045745849609368,1.9045745849609368
2,22.5,24.90624,-2.406240463256836,2.406240463256836
2,37.0,36.72928,0.270721435546875,0.270721435546875
2,23.4,22.232716,1.1672843933105455,1.1672843933105455
2,27.4,27.049923,0.3500770568847642,0.3500770568847642
2,12.9,13.507906,-0.6079059600830075,0.6079059600830075
2,10.9,10.990833,-0.09083328247070277,0.09083328247070277
2,12.3,13.734665,-1.4346649169921868,1.4346649169921868
2,21.5,22.675634,-1.1756343841552734,1.1756343841552734
2,24.700000000000003,26.024994,-1.3249938964843722,1.3249938964843722
2,13.7,13.8169,-0.11690025329589915,0.11690025329589915
2,15.9,15.970071,-0.0700708389282223,0.0700708389282223
2,4.9,1.9987693,2.9012307167053226,2.9012307167053226
2,19.5,30.959932,-11.459932327270508,11.459932327270508
2,2.8,6.172074,-3.372073841094971,3.372073841094971
2,6.3,8.800156,-2.5001556396484377,2.5001556396484377
2,8.6,23.115515,-14.515514755249024,14.515514755249024
2,7.0,7.7845173,-0.7845172882080078,0.7845172882080078
2,5.2,4.9483786,0.2516214370727541,0.2516214370727541
2,2.7,4.3733516,-1.6733515739440916,1.6733515739440916
2,2.5,5.363599,-2.8635988235473633,2.8635988235473633
2,6.3,5.29442,1.0055802345275877,1.0055802345275877
2,8.3,11.274052,-2.974051666259765,2.974051666259765
2,5.5,3.770039,1.7299609184265137,1.7299609184265137
2,9.6,14.083104,-4.483104133605957,4.483104133605957
2,9.3,9.68797,-0.38797016143798757,0.38797016143798757
2,10.1,8.245003,1.8549972534179684,1.8549972534179684
2,10.2,9.332874,0.8671257019042962,0.8671257019042962
2,10.6,8.72599,1.8740097045898434,1.8740097045898434
2,9.9,8.366106,1.533893966674805,1.533893966674805
2,6.3,4.34665,1.9533498764038084,1.9533498764038084
2,8.7,6.6870956,2.0129043579101555,2.0129043579101555
2,8.2,6.826862,1.3731381416320794,1.3731381416320794
2,7.0,8.139534,-1.1395339965820312,1.1395339965820312
2,6.4,7.150893,-0.7508932113647457,0.7508932113647457
2,9.4,7.595677,1.8043231010437015,1.8043231010437015
2,7.6,6.192907,1.4070931434631344,1.4070931434631344
2,7.4,6.07286,1.3271402359008793,1.3271402359008793
2,5.7,5.143087,0.5569130897521974,0.5569130897521974
2,5.2,3.3779387,1.8220612525939943,1.8220612525939943
2,4.4,4.1825995,0.21740045547485387,0.21740045547485387
2,5.7,5.8089046,-0.10890464782714826,0.10890464782714826
2,5.7,6.33598,-0.6359799385070799,0.6359799385070799
2,6.1,6.739509,-0.6395091056823734,0.6395091056823734
2,1.7,1.2981772,0.4018227577209472,0.4018227577209472
2,8.5,9.783008,-1.2830076217651367,1.2830076217651367
2,9.1,9.303306,-0.2033056259155277,0.2033056259155277
2,8.0,6.658207,1.3417930603027344,1.3417930603027344
2,8.6,9.797726,-1.1977256774902347,1.1977256774902347
2,9.5,9.194122,0.305877685546875,0.305877685546875
2,9.3,7.3793955,1.9206045150756843,1.9206045150756843
2,9.4,8.792125,0.6078752517700199,0.6078752517700199
2,7.3,6.6930046,0.606995391845703,0.606995391845703
2,7.0,7.6885977,-0.6885976791381836,0.6885976791381836
2,6.000000000000001,6.3465157,-0.34651565551757724,0.34651565551757724
2,4.1,7.74843,-3.6484297752380375,3.6484297752380375
2,3.9,6.0021157,-2.1021157264709474,2.1021157264709474
2,8.6,9.239123,-0.6391233444213871,0.6391233444213871
2,9.8,10.08194,-0.2819396972656243,0.2819396972656243
2,2.6,1.7519875,0.8480125427246095,0.8480125427246095
2,3.3,1.9899381,1.3100618600845335,1.3100618600845335
2,11.0,12.231758,-1.2317581176757812,1.2317581176757812
2,10.2,7.5416055,2.658394527435302,2.658394527435302
2,3.5,2.8953218,0.6046781539916992,0.6046781539916992
2,7.4,7.4478345,-0.04783449172973597,0.04783449172973597
2,2.5,1.6193597,0.8806402683258057,0.8806402683258057
2,1.3,1.8981613,-0.5981612920761108,0.5981612920761108
2,2.2,2.1369028,0.06309719085693377,0.06309719085693377
2,8.8,8.892123,-0.09212322235107351,0.09212322235107351
2,10.1,9.849707,0.2502933502197262,0.2502933502197262
2,9.8,9.354507,0.4454925537109382,0.4454925537109382
2,10.1,10.493649,-0.39364852905273473,0.39364852905273473
2,10.2,10.716066,-0.5160663604736335,0.5160663604736335
2,9.7,10.626011,-0.9260108947753913,0.9260108947753913
2,9.8,9.799537,0.0004632949829108668,0.0004632949829108668
2,8.7,8.188666,0.5113336563110344,0.5113336563110344
2,9.9,8.642174,1.2578262329101566,1.2578262329101566
2,2.5,2.2525403,0.24745965003967285,0.24745965003967285
2,4.0,2.1310065,1.8689935207366943,1.8689935207366943
2,4.2,4.642253,-0.4422529220581053,0.4422529220581053
2,9.7,8.396587,1.3034126281738274,1.3034126281738274
2,9.5,8.208798,1.2912015914916992,1.2912015914916992
2,5.8,5.4475994,0.35240058898925763,0.35240058898925763
2,1.6,0.9003908,0.6996091961860658,0.6996091961860658
2,3.8,2.6845472,1.1154528141021727,1.1154528141021727
2,7.0,6.1336765,0.8663234710693359,0.8663234710693359
2,9.6,9.345353,0.25464687347412074,0.25464687347412074
2,5.0,7.3181243,-2.318124294281006,2.318124294281006
2,4.6,4.487818,0.11218223571777308,0.11218223571777308
2,9.5,9.359209,0.1407909393310547,0.1407909393310547
2,8.6,9.44894,-0.8489402770996097,0.8489402770996097
2,9.8,8.218141,1.5818593978881843,1.5818593978881843
2,9.6,8.600088,0.9999118804931637,0.9999118804931637
2,8.2,4.097369,4.102630805969238,4.102630805969238
2,3.9,3.487409,0.4125908851623534,0.4125908851623534
2,6.3,5.2571745,1.0428255081176756,1.0428255081176756
2,7.7,7.6225066,0.07749338150024432,0.07749338150024432
2,3.9,3.7027552,0.19724478721618643,0.19724478721618643
2,9.5,10.63245,-1.1324501037597656,1.1324501037597656
2,9.0,8.885166,0.11483383178710938,0.11483383178710938
2,8.2,9.306586,-1.1065862655639656,1.1065862655639656
2,0.5,0.8547088,-0.35470879077911377,0.35470879077911377
2,1.0,2.366853,-1.3668529987335205,1.3668529987335205
2,5.2,3.7053428,1.4946572303771974,1.4946572303771974
2,4.6,2.5654156,2.0345843791961666,2.0345843791961666
2,4.2,4.0670896,0.1329104423522951,0.1329104423522951
2,8.3,7.366314,0.9336860656738288,0.9336860656738288
2,9.5,9.30754,0.1924600601196289,0.1924600601196289
2,9.4,8.561782,0.8382181167602543,0.8382181167602543
2,4.1,4.877564,-0.7775639533996586,0.7775639533996586
2,2.1,0.66100955,1.4389904499053956,1.4389904499053956
2,4.9,4.5718284,0.3281716346740726,0.3281716346740726
2,9.1,9.406948,-0.30694808959960973,0.30694808959960973
2,6.000000000000001,4.8799963,1.1200037002563485,1.1200037002563485
2,0.3,0.6610075,-0.36100752353668214,0.36100752353668214
2,0.7,-0.44609356,1.1460935592651367,1.1460935592651367
2,0.6,0.33157718,0.2684228181838989,0.2684228181838989
2,1.9,2.5903687,-0.6903687477111817,0.6903687477111817
2,2.6,2.370047,0.22995290756225595,0.22995290756225595
2,5.6,5.590561,0.009439086914062145,0.009439086914062145
2,8.5,6.8822737,1.6177263259887695,1.6177263259887695
2,7.8,8.081642,-0.2816421508789064,0.2816421508789064
2,7.6,7.789901,-0.18990077972412145,0.18990077972412145
2,7.5,8.1091385,-0.6091384887695312,0.6091384887695312
2,3.3,1.8025341,1.4974658966064451,1.4974658966064451
2,7.2,4.8359137,2.3640863418579103,2.3640863418579103
2,7.6,7.386623,0.21337709426879847,0.21337709426879847
2,5.2,4.959027,0.2409731864929201,0.2409731864929201
2,0.2,0.6443123,-0.44431232213974,0.44431232213974
2,4.3,2.372421,1.9275789737701414,1.9275789737701414
2,1.6,0.530272,1.0697279930114747,1.0697279930114747
2,1.3,2.6685066,-1.368506622314453,1.368506622314453
2,0.3,0.9136333,-0.6136332869529724,0.6136332869529724
2,0.3,1.3953092,-1.0953092098236084,1.0953092098236084
2,0.5,0.57680416,-0.07680416107177734,0.07680416107177734
2,6.5,4.3124614,2.1875386238098145,2.1875386238098145
2,1.5000000000000002,1.2017132,0.2982867956161501,0.2982867956161501
2,8.2,7.276347,0.9236528396606438,0.9236528396606438
2,7.7,8.682005,-0.982004928588867,0.982004928588867
2,1.8,1.5871853,0.21281473636627202,0.21281473636627202
2,0.2,-0.03127007,0.23127006813883783,0.23127006813883783
2,0.2,-0.39696407,0.5969640731811523,0.5969640731811523
2,1.1,0.14741676,0.9525832444429398,0.9525832444429398
2,0.1,-0.60093385,0.7009338498115539,0.7009338498115539
2,0.3,-0.08580871,0.38580870926380156,0.38580870926380156
2,2.3,0.45681262,1.843187379837036,1.843187379837036
2,1.6,0.7470414,0.8529585957527162,0.8529585957527162
2,2.2,2.5995853,-0.39958529472351056,0.39958529472351056
2,3.7,1.8754013,1.8245987415313722,1.8245987415313722
2,1.6,1.5417899,0.058210110664367765,0.058210110664367765
2,56.8,64.72915,-7.929148864746097,7.929148864746097
2,48.4,51.66355,-3.2635513305664077,3.2635513305664077
2,1.2,2.799246,-1.599246072769165,1.599246072769165
2,3.7,3.3524022,0.3475977897644045,0.3475977897644045
2,4.1,3.1290486,0.970951414108276,0.970951414108276
2,2.1,1.4070907,0.692909336090088,0.692909336090088
2,22.7,23.208345,-0.5083454132080085,0.5083454132080085
2,0.3,0.5830374,-0.2830373764038086,0.2830373764038086
2,0.7,2.8506515,-2.1506515026092528,2.1506515026092528
2,2.0,1.953531,0.04646897315979004,0.04646897315979004
2,26.6,30.40185,-3.8018497467041,3.8018497467041
2,0.6,-0.9075382,1.5075381755828858,1.5075381755828858
2,11.299999999999999,10.472216,0.8277843475341786,0.8277843475341786
2,7.8,6.2628713,1.5371287345886229,1.5371287345886229
2,26.1,30.877342,-4.777342224121092,4.777342224121092
2,1.0,0.7077406,0.2922593951225281,0.2922593951225281
2,24.1,24.67939,-0.5793899536132798,0.5793899536132798
2,1.1,1.368497,-0.26849701404571524,0.26849701404571524
2,9.7,13.5538225,-3.8538225173950202,3.8538225173950202
2,2.3,2.0053084,0.29469161033630353,0.29469161033630353
2,41.6,41.07587,0.5241294860839858,0.5241294860839858
2,23.1,23.393719,-0.29371871948242045,0.29371871948242045
2,0.5,0.51336014,-0.013360142707824707,0.013360142707824707
2,5.0,5.287178,-0.28717803955078125,0.28717803955078125
2,50.099999999999994,54.8397,-4.739698791503912,4.739698791503912
2,11.0,12.546839,-1.5468387603759766,1.5468387603759766
2,0.4,0.78109527,-0.38109526634216306,0.38109526634216306
2,2.4,2.5663798,-0.16637978553771982,0.16637978553771982
2,38.9,40.165997,-1.2659965515136733,1.2659965515136733
2,34.2,31.403889,2.7961112976074247,2.7961112976074247
2,3.5,4.447554,-0.9475541114807129,0.9475541114807129
2,0.5,4.246293,-3.746293067932129,3.746293067932129
2,1.6,1.2566411,0.34335885047912607,0.34335885047912607
2,0.8,0.36702666,0.43297334313392644,0.43297334313392644
2,13.0,17.212685,-4.212684631347656,4.212684631347656
2,3.0000000000000004,3.0226073,-0.022607326507567915,0.022607326507567915
2,0.6,0.62277627,-0.02277626991271975,0.02277626991271975
2,6.6,8.021748,-1.4217475891113285,1.4217475891113285
2,38.3,43.094955,-4.79495544433594,4.79495544433594
2,46.8,46.92117,-0.12116928100586222,0.12116928100586222
2,8.7,7.462569,1.2374307632446282,1.2374307632446282
2,2.5,1.6789883,0.8210116624832153,0.8210116624832153
2,0.1,0.17249878,-0.07249877750873565,0.07249877750873565
2,16.1,21.261166,-5.161165618896483,5.161165618896483
2,17.3,15.912591,1.3874090194702156,1.3874090194702156
2,1.2,1.4594657,-0.2594657421112061,0.2594657421112061
2,8.2,7.0976458,1.1023542404174798,1.1023542404174798
2,19.2,16.855036,2.3449642181396477,2.3449642181396477
2,29.9,33.97427,-4.074269866943361,4.074269866943361
2,26.9,23.185085,3.714914703369139,3.714914703369139
2,51.6,50.63608,0.9639183044433608,0.9639183044433608
2,26.3,28.042868,-1.7428676605224602,1.7428676605224602
2,24.9,20.62917,4.2708305358886705,4.2708305358886705
2,1.4,0.48604435,0.9139556527137755,0.9139556527137755
2,5.4,4.579706,0.8202938079833988,0.8202938079833988
2,4.6,4.579706,0.020293807983398082,0.020293807983398082
2,26.0,23.280178,2.7198219299316406,2.7198219299316406
2,30.8,27.601093,3.1989067077636726,3.1989067077636726
2,2.2,1.613988,0.5860119581222536,0.5860119581222536
2,20.9,17.749422,3.1505779266357408,3.1505779266357408
2,4.1,3.1210368,0.9789632320404049,0.9789632320404049
2,2.5,1.5137322,0.9862678050994873,0.9862678050994873
2,56.7,51.568817,5.131182861328128,5.131182861328128
2,45.199999999999996,41.78325,3.4167510986328082,3.4167510986328082
2,0.5,1.7987652,-1.2987651824951172,1.2987651824951172
2,2.2,2.9303787,-0.7303786754608153,0.7303786754608153
2,24.2,24.6258,-0.42579917907714915,0.42579917907714915
2,3.7,5.6745753,-1.9745753288269041,1.9745753288269041
2,37.1,33.94788,3.152120208740236,3.152120208740236
2,12.000000000000002,9.715053,2.284947395324709,2.284947395324709
2,2.9,1.6642358,1.235764169692993,1.235764169692993
2,2.4,0.92429686,1.4757031440734862,1.4757031440734862
2,10.0,9.674554,0.32544612884521484,0.32544612884521484
2,10.0,8.077609,1.9223909378051758,1.9223909378051758
2,60.0,59.831665,0.1683349609375,0.1683349609375
2,0.7,-0.088828385,0.7888283848762512,0.7888283848762512
2,17.9,15.752028,2.1479715347290025,2.1479715347290025
2,28.9,31.440458,-2.5404582977294936,2.5404582977294936
2,64.5,64.89041,-0.390411376953125,0.390411376953125
2,13.7,15.571014,-1.8710144042968757,1.8710144042968757
2,22.599999999999998,18.184052,4.415948486328123,4.415948486328123
2,51.1,51.03925,0.060750579833985796,0.060750579833985796
2,62.3,64.99034,-2.6903411865234403,2.6903411865234403
2,6.1,5.511994,0.5880061149597164,0.5880061149597164
2,18.8,14.505627,4.294373321533204,4.294373321533204
2,1.1,2.6034527,-1.503452682495117,1.503452682495117
2,42.9,45.31987,-2.419869995117189,2.419869995117189
2,4.8,5.305815,-0.5058152198791506,0.5058152198791506
2,55.5,53.806335,1.69366455078125,1.69366455078125
2,5.9,5.1611238,0.7388762474060062,0.7388762474060062
2,15.9,15.15694,0.7430595397949222,0.7430595397949222
2,8.8,8.661559,0.13844089508056712,0.13844089508056712
2,61.3,57.163906,4.136093902587888,4.136093902587888
2,9.7,11.120553,-1.4205530166625984,1.4205530166625984
2,28.8,21.795527,7.004473495483399,7.004473495483399
2,53.4,52.617264,0.7827362060546861,0.7827362060546861
2,68.9,69.169136,-0.26913604736327557,0.26913604736327557
2,67.2,66.065025,1.134974670410159,1.134974670410159
2,60.2,60.33479,-0.13478927612304403,0.13478927612304403
2,20.3,20.278511,0.02148895263671946,0.02148895263671946
2,64.6,62.461803,2.1381965637206974,2.1381965637206974
2,66.3,66.99006,-0.6900588989257841,0.6900588989257841
2,66.5,61.826954,4.673046112060547,4.673046112060547
2,63.5,64.47862,-0.9786224365234375,0.9786224365234375
2,65.7,64.563736,1.1362640380859403,1.1362640380859403
2,67.2,67.37926,-0.17925720214843466,0.17925720214843466
2,63.7,63.21394,0.48606033325195597,0.48606033325195597
2,64.1,61.162357,2.9376426696777287,2.9376426696777287
2,49.5,47.38368,2.116321563720703,2.116321563720703
2,34.2,29.612698,4.5873023986816435,4.5873023986816435
2,28.9,32.551598,-3.651597595214845,3.651597595214845
2,59.7,61.0768,-1.3768013000488253,1.3768013000488253
2,4.9,3.9344983,0.965501689910889,0.965501689910889
2,7.4,6.6740785,0.7259215354919437,0.7259215354919437
2,7.2,8.688597,-1.488596725463867,1.488596725463867
2,29.5,32.21887,-2.7188682556152344,2.7188682556152344
2,61.8,61.47278,0.32722167968749716,0.32722167968749716
2,49.5,50.98689,-1.4868888854980469,1.4868888854980469
2,50.0,52.07075,-2.070751190185547,2.070751190185547
2,60.7,64.277695,-3.5776947021484347,3.5776947021484347
2,59.0,60.645695,-1.6456947326660156,1.6456947326660156
2,58.7,61.613926,-2.913925933837888,2.913925933837888
2,57.3,61.642593,-4.342593383789065,4.342593383789065
2,58.3,61.944412,-3.6444122314453153,3.6444122314453153
2,58.9,62.23395,-3.333951568603517,3.333951568603517
2,54.2,55.780216,-1.5802162170410128,1.5802162170410128
2,26.8,23.96769,2.8323104858398445,2.8323104858398445
2,9.2,7.468876,1.7311241149902337,1.7311241149902337
2,3.9,2.7749786,1.1250213623046874,1.1250213623046874
2,2.3,3.0467494,-0.7467493534088137,0.7467493534088137
2,9.2,9.573632,-0.37363224029541087,0.37363224029541087
2,20.6,20.750965,-0.1509651184082017,0.1509651184082017
2,46.1,47.065002,-0.9650024414062486,0.9650024414062486
2,2.7,1.1023737,1.5976262807846071,1.5976262807846071
2,25.3,27.216314,-1.9163143157958977,1.9163143157958977
2,4.8,5.5157866,-0.715786647796631,0.715786647796631
2,4.9,3.2473614,1.6526385784149173,1.6526385784149173
2,37.3,39.168674,-1.8686744689941435,1.8686744689941435
2,34.0,31.537886,2.4621143341064453,2.4621143341064453
2,52.0,54.25289,-2.2528915405273438,2.2528915405273438
2,43.0,45.02946,-2.029460906982422,2.029460906982422
2,47.300000000000004,47.25382,0.04618148803711364,0.04618148803711364
2,35.3,36.014267,-0.7142669677734403,0.7142669677734403
2,45.4,46.014984,-0.6149841308593764,0.6149841308593764
2,51.49999999999999,51.527245,-0.027244567871100855,0.027244567871100855
2,53.4,52.278866,1.1211341857910142,1.1211341857910142
2,52.4,51.20517,1.1948303222656236,1.1948303222656236
2,49.5,48.43346,1.0665397644042969,1.0665397644042969
2,51.9,50.893402,1.0065979003906236,1.0065979003906236
2,50.3,48.063496,2.236504364013669,2.236504364013669
2,51.6,49.609898,1.9901023864746108,1.9901023864746108
2,24.4,23.741156,0.6588443756103501,0.6588443756103501
2,4.9,2.5667863,2.3332137107849125,2.3332137107849125
2,20.7,22.557234,-1.8572338104248054,1.8572338104248054
2,29.7,31.364893,-1.6648929595947273,1.6648929595947273
2,27.7,24.12042,3.579579544067382,3.579579544067382
2,47.7,46.351387,1.3486129760742216,1.3486129760742216
2,33.5,30.038082,3.4619178771972656,3.4619178771972656
2,32.5,31.344587,1.1554126739501953,1.1554126739501953
2,27.4,29.971092,-2.571092224121095,2.571092224121095
2,44.1,43.78223,0.3177696228027358,0.3177696228027358
2,37.3,42.80889,-5.508891296386722,5.508891296386722
2,30.8,30.667316,0.13268356323242259,0.13268356323242259
2,6.7,5.9423923,0.7576076507568361,0.7576076507568361
2,40.2,39.109955,1.0900451660156278,1.0900451660156278
2,44.1,41.99259,2.107408142089845,2.107408142089845
2,44.4,43.268936,1.131063842773436,1.131063842773436
2,42.8,42.163956,0.6360443115234347,0.6360443115234347
2,35.4,38.050156,-2.650155639648439,2.650155639648439
2,39.5,39.3647,0.1352996826171875,0.1352996826171875
2,24.8,23.270418,1.529581832885743,1.529581832885743
2,35.9,30.49057,5.409429931640624,5.409429931640624
2,40.6,40.858997,-0.2589973449707017,0.2589973449707017
2,41.0,40.286995,0.7130050659179688,0.7130050659179688
2,25.0,25.082817,-0.08281707763671875,0.08281707763671875
2,40.8,38.141804,2.658196258544919,2.658196258544919
2,38.3,37.94305,0.3569496154785128,0.3569496154785128
2,35.9,34.53816,1.3618415832519517,1.3618415832519517
2,29.5,26.641867,2.858133316040039,2.858133316040039
2,40.4,35.972923,4.427076721191405,4.427076721191405
2,30.3,37.61271,-7.3127090454101555,7.3127090454101555
2,21.4,25.639612,-4.239612197875978,4.239612197875978
2,29.8,29.555447,0.24455337524414134,0.24455337524414134
2,29.1,28.526625,0.5733753204345717,0.5733753204345717
2,19.6,18.75103,0.8489700317382827,0.8489700317382827
2,22.2,20.793604,1.4063961029052727,1.4063961029052727
2,32.9,33.312313,-0.4123130798339858,0.4123130798339858
2,36.7,34.91733,1.7826683044433622,1.7826683044433622
2,38.9,36.383614,2.5163864135742173,2.5163864135742173
2,31.9,31.90136,-0.001359558105470171,0.001359558105470171
2,30.9,34.88886,-3.988858795166017,3.988858795166017
2,29.4,27.964874,1.4351257324218736,1.4351257324218736
2,20.0,24.219889,-4.219888687133789,4.219888687133789
2,27.0,27.495275,-0.49527549743652344,0.49527549743652344
2,25.2,24.480387,0.7196132659912102,0.7196132659912102
2,23.5,22.918938,0.5810623168945312,0.5810623168945312
2,22.9,19.751518,3.14848175048828,3.14848175048828
2,19.4,22.019611,-2.6196113586425795,2.6196113586425795
2,32.3,30.916672,1.3833282470703097,1.3833282470703097
2,35.7,31.847715,3.8522846221923857,3.8522846221923857
2,35.0,30.23325,4.766750335693359,4.766750335693359
2,33.3,24.635832,8.664168167114255,8.664168167114255
2,35.0,31.859955,3.140045166015625,3.140045166015625
2,35.4,28.19746,7.202539825439452,7.202539825439452
2,34.3,31.921202,2.37879829406738,2.37879829406738
2,35.3,34.081604,1.2183959960937472,1.2183959960937472
2,34.8,34.004005,0.7959945678710909,0.7959945678710909
2,35.1,30.003283,5.096717453002931,5.096717453002931
2,34.8,33.831146,0.9688537597656222,0.9688537597656222
2,25.3,36.120037,-10.820037078857421,10.820037078857421
2,32.6,28.02374,4.576259231567384,4.576259231567384
2,14.3,16.032433,-1.732432556152343,1.732432556152343
2,34.0,29.936584,4.06341552734375,4.06341552734375
2,17.6,18.762764,-1.1627639770507798,1.1627639770507798
2,33.6,31.512514,2.0874858856201186,2.0874858856201186
2,28.9,30.085583,-1.1855827331542983,1.1855827331542983
2,13.2,30.513227,-17.313227462768555,17.313227462768555
2,28.3,28.905754,-0.605754089355468,0.605754089355468
2,26.8,27.60692,-0.8069202423095696,0.8069202423095696
2,29.9,30.752064,-0.8520637512207045,0.8520637512207045
2,21.0,22.017889,-1.0178890228271484,1.0178890228271484
2,31.9,29.642359,2.257641220092772,2.257641220092772
2,34.6,32.46652,2.133481597900392,2.133481597900392
2,34.4,32.14392,2.2560791015624986,2.2560791015624986
2,35.0,32.828915,2.1710853576660156,2.1710853576660156
2,34.3,35.568153,-1.268153381347659,1.268153381347659
2,20.3,32.958706,-12.658705902099609,12.658705902099609
2,36.0,33.910416,2.0895843505859375,2.0895843505859375
2,33.2,34.487404,-1.2874038696289034,1.2874038696289034
2,36.6,28.072208,8.527791595458986,8.527791595458986
2,35.2,33.589756,1.6102439880371122,1.6102439880371122
2,36.0,33.45353,2.5464706420898438,2.5464706420898438
2,31.5,30.085606,1.4143943786621094,1.4143943786621094
2,33.9,24.933683,8.966316604614256,8.966316604614256
2,36.9,34.865604,2.034395599365233,2.034395599365233
2,35.7,39.195343,-3.495343017578122,3.495343017578122
2,36.3,32.19942,4.100579071044919,4.100579071044919
2,36.1,31.689236,4.410764312744142,4.410764312744142
2,35.8,34.146984,1.6530158996582003,1.6530158996582003
2,25.9,28.82357,-2.923570251464845,2.923570251464845
2,30.4,22.33853,8.061470413208006,8.061470413208006
2,37.5,35.55131,1.9486885070800781,1.9486885070800781
2,28.9,29.389574,-0.48957405090332173,0.48957405090332173
2,37.4,27.066973,10.333027267456053,10.333027267456053
2,30.8,34.1011,-3.3011009216308587,3.3011009216308587
2,37.3,34.214233,3.085766601562497,3.085766601562497
2,36.3,33.16374,3.1362617492675753,3.1362617492675753
2,36.6,38.5603,-1.960298919677733,1.960298919677733
2,29.8,30.882277,-1.082276535034179,1.082276535034179
2,33.4,36.780025,-3.380025482177736,3.380025482177736
2,36.0,38.76908,-2.7690811157226562,2.7690811157226562
2,25.0,36.858444,-11.858444213867188,11.858444213867188
2,41.0,40.831284,0.1687164306640625,0.1687164306640625
2,39.2,38.793198,0.40680236816406534,0.40680236816406534
2,38.9,37.47432,1.425680541992186,1.425680541992186
2,32.3,35.783318,-3.4833175659179716,3.4833175659179716
2,43.8,29.530218,14.269781875610349,14.269781875610349
2,42.6,41.958096,0.641904449462892,0.641904449462892
2,41.3,41.496857,-0.19685668945312784,0.19685668945312784
2,42.1,36.24433,5.85566864013672,5.85566864013672
2,42.2,41.135494,1.0645057678222685,1.0645057678222685
2,43.3,38.89785,4.402149963378903,4.402149963378903
2,43.5,41.20691,2.2930908203125,2.2930908203125
2,44.1,38.739487,5.360513305664064,5.360513305664064
2,38.4,35.6941,2.7059005737304673,2.7059005737304673
2,27.5,27.012339,0.48766136169433594,0.48766136169433594
2,42.9,41.54565,1.3543495178222642,1.3543495178222642
2,24.9,26.186401,-1.2864013671875014,1.2864013671875014
2,17.3,15.166548,2.133452224731446,2.133452224731446
2,24.3,24.044504,0.25549583435058665,0.25549583435058665
2,34.2,36.146885,-1.9468849182128878,1.9468849182128878
2,47.7,44.740044,2.959956359863284,2.959956359863284
2,46.599999999999994,40.12573,6.47427139282226,6.47427139282226
2,47.1,43.356564,3.743436431884767,3.743436431884767
2,46.7,47.294743,-0.5947425842285128,0.5947425842285128
2,47.2,45.992283,1.2077171325683622,1.2077171325683622
2,38.5,48.44979,-9.949790954589844,9.949790954589844
2,27.1,37.161648,-10.061647796630858,10.061647796630858
2,43.8,32.23853,11.561470794677732,11.561470794677732
2,49.6,54.344852,-4.744852447509764,4.744852447509764
2,41.9,41.145008,0.7549919128417955,0.7549919128417955
2,42.0,40.936916,1.0630836486816406,1.0630836486816406
2,47.1,34.757404,12.342595672607423,12.342595672607423
2,48.1,46.993603,1.1063972473144545,1.1063972473144545
2,23.1,37.816586,-14.716585540771483,14.716585540771483
2,47.6,41.435043,6.164956665039064,6.164956665039064
2,40.7,45.02839,-4.328388977050778,4.328388977050778
2,42.3,40.53235,1.7676513671874972,1.7676513671874972
2,25.7,30.6516,-4.951599884033204,4.951599884033204
2,33.7,36.936714,-3.2367141723632784,3.2367141723632784
2,33.2,33.841484,-0.6414840698242159,0.6414840698242159
2,16.4,31.949717,-15.549716567993165,15.549716567993165
2,40.2,27.20466,12.995339584350589,12.995339584350589
2,54.6,44.877865,9.722135162353517,9.722135162353517
2,44.7,46.149403,-1.4494026184082003,1.4494026184082003
2,17.6,12.292666,5.307333564758302,5.307333564758302
2,21.4,17.324757,4.0752433776855455,4.0752433776855455
2,22.0,28.035957,-6.035957336425781,6.035957336425781
2,24.6,28.025326,-3.425325775146483,3.425325775146483
2,28.2,28.156288,0.04371185302734304,0.04371185302734304
2,30.2,27.681076,2.518923950195312,2.518923950195312
2,26.4,42.268368,-15.868367767333986,15.868367767333986
2,60.1,37.968304,22.13169631958008,22.13169631958008
2,61.7,54.14677,7.553229522705081,7.553229522705081
2,41.2,46.16615,-4.966149139404294,4.966149139404294
2,20.3,20.260382,0.03961830139160227,0.03961830139160227
2,12.2,9.894263,2.3057367324829094,2.3057367324829094
2,21.5,27.146015,-5.646015167236328,5.646015167236328
2,18.9,20.13381,-1.2338100433349624,1.2338100433349624
2,16.3,14.294777,2.0052230834960945,2.0052230834960945
2,19.5,22.037302,-2.537302017211914,2.537302017211914
2,48.9,37.57623,11.323770904541014,11.323770904541014
2,5.7,10.825135,-5.125135231018066,5.125135231018066
2,12.2,12.433333,-0.2333333969116218,0.2333333969116218
2,40.4,37.622334,2.7776664733886705,2.7776664733886705
2,48.6,49.364647,-0.7646469116210923,0.7646469116210923
2,62.3,62.001835,0.29816513061523153,0.29816513061523153
2,21.5,20.132612,1.3673877716064453,1.3673877716064453
2,47.8,39.95344,7.84655838012695,7.84655838012695
2,51.6,49.749302,1.8506980895996108,1.8506980895996108
2,63.1,58.478992,4.621007537841798,4.621007537841798
2,50.0,46.47994,3.520061492919922,3.520061492919922
2,27.2,15.9528265,11.247173500061034,11.247173500061034
2,36.9,33.53939,3.360609436035155,3.360609436035155
2,10.9,36.095955,-25.195954895019533,25.195954895019533
2,4.1,3.9504418,0.14955816268920863,0.14955816268920863
2,4.1,1.1200604,2.979939556121826,2.979939556121826
2,21.8,20.825365,0.9746349334716804,0.9746349334716804
2,54.2,34.341194,19.85880584716797,19.85880584716797
2,32.2,28.842226,3.35777397155762,3.35777397155762
2,20.4,21.974741,-1.5747409820556655,1.5747409820556655
2,3.8,3.5582714,0.24172859191894513,0.24172859191894513
2,3.0000000000000004,3.5492384,-0.5492384433746333,0.5492384433746333
2,58.8,26.17542,32.6245792388916,32.6245792388916
2,22.2,15.858675,6.3413249969482415,6.3413249969482415
2,15.6,12.767184,2.8328157424926754,2.8328157424926754
2,54.6,54.636787,-0.03678741455077983,0.03678741455077983
2,32.1,34.384087,-2.2840866088867173,2.2840866088867173
2,55.2,55.15548,0.04452056884765909,0.04452056884765909
2,29.5,36.98136,-7.481361389160156,7.481361389160156
2,39.7,6.8278956,32.8721043586731,32.8721043586731
2,40.7,42.883026,-2.183026123046872,2.183026123046872
2,15.7,13.690503,2.009496879577636,2.009496879577636
2,32.7,8.701215,23.998785209655765,23.998785209655765
2,40.5,41.332592,-0.8325920104980469,0.8325920104980469
2,7.8,11.155487,-3.355487060546875,3.355487060546875
2,14.9,16.699982,-1.7999816894531246,1.7999816894531246
2,34.6,35.180065,-0.5800651550292955,0.5800651550292955
2,23.1,23.134613,-0.03461303710937358,0.03461303710937358
2,13.1,16.747124,-3.647123718261719,3.647123718261719
2,29.5,28.847696,0.6523036956787109,0.6523036956787109
2,2.1,1.6973099,0.40269014835357675,0.40269014835357675
2,42.6,19.388905,23.2110954284668,23.2110954284668
2,8.9,9.036456,-0.13645610809326136,0.13645610809326136
2,1.1,3.6667209,-2.5667208671569823,2.5667208671569823
2,2.7,4.4729986,-1.7729986190795897,1.7729986190795897
2,2.4,1.9734101,0.42658987045288077,0.42658987045288077
2,3.1,6.362674,-3.2626742362976073,3.2626742362976073
2,32.5,7.6991525,24.80084753036499,24.80084753036499
2,13.8,18.310333,-4.510333251953124,4.510333251953124
2,19.2,18.196884,1.0031158447265618,1.0031158447265618
2,10.6,11.977858,-1.37785758972168,1.37785758972168
2,23.299999999999997,22.208633,1.0913665771484347,1.0913665771484347
2,27.1,16.839392,10.260608291625978,10.260608291625978
2,7.6,10.867122,-3.2671216964721683,3.2671216964721683
2,48.9,37.653786,11.246214294433592,11.246214294433592
2,34.8,34.20914,0.5908592224121065,0.5908592224121065
2,9.8,8.193681,1.6063192367553718,1.6063192367553718
2,21.5,2.5566237,18.943376302719116,18.943376302719116
2,4.5,0.7223635,3.7776365280151367,3.7776365280151367
2,2.0,2.9154665,-0.9154665470123291,0.9154665470123291
2,0.8,0.7841901,0.01580988168716435,0.01580988168716435
2,2.2,2.9386883,-0.738688278198242,0.738688278198242
2,0.8,1.4480442,-0.6480441808700561,0.6480441808700561
2,0.4,1.5342942,-1.1342942476272584,1.1342942476272584
2,3.2,1.010739,2.189261031150818,2.189261031150818
2,0.8,1.7665854,-0.966585350036621,0.966585350036621
2,6.9,7.784444,-0.8844438552856442,0.8844438552856442
2,1.2,2.2112837,-1.0112836837768555,1.0112836837768555
2,5.0,7.2345414,-2.234541416168213,2.234541416168213
2,6.000000000000001,6.748208,-0.7482080459594718,0.7482080459594718
2,7.2,8.906693,-1.7066934585571287,1.7066934585571287
2,0.3,1.0514437,-0.7514436960220336,0.7514436960220336
2,4.5,0.59378,3.906220018863678,3.906220018863678
2,21.1,33.182514,-12.082514190673827,12.082514190673827
2,14.4,9.160995,5.239005470275879,5.239005470275879
2,1.6,1.9391139,-0.3391138553619384,0.3391138553619384
2,2.5,4.1167474,-1.6167473793029785,1.6167473793029785
2,52.5,0.2085575,52.29144249856472,52.29144249856472
2,6.3,4.110319,2.1896808624267576,2.1896808624267576
2,3.7,4.0938387,-0.3938386917114256,0.3938386917114256
2,12.700000000000001,5.2223525,7.4776474952697765,7.4776474952697765
2,3.8,2.498748,1.3012519359588621,1.3012519359588621
2,18.6,2.5348425,16.0651575088501,16.0651575088501
2,1.9,3.3703706,-1.470370626449585,1.470370626449585
2,0.7,0.88807297,-0.18807296752929692,0.18807296752929692
2,6.7,3.768455,2.9315449714660646,2.9315449714660646
2,28.8,28.53416,0.26583938598632884,0.26583938598632884
2,0.2,0.64994115,-0.44994114637374877,0.44994114637374877
2,18.6,20.827839,-2.2278388977050767,2.2278388977050767
2,10.8,7.9671364,2.83286361694336,2.83286361694336
2,5.5,5.772564,-0.2725639343261719,0.2725639343261719
2,8.1,9.01633,-0.9163297653198246,0.9163297653198246
2,26.8,31.479258,-4.679257583618163,4.679257583618163
2,31.2,4.310801,26.889198970794677,26.889198970794677
2,8.1,7.889581,0.21041879653930629,0.21041879653930629
2,43.7,4.3559217,39.34407825469971,39.34407825469971
2,2.1,3.4386933,-1.3386932849884032,1.3386932849884032
2,3.6,5.474279,-1.8742789268493651,1.8742789268493651
2,4.4,2.6539285,1.7460714817047123,1.7460714817047123
2,35.7,14.729716,20.970283699035647,20.970283699035647
2,2.2,2.7404833,-0.5404832839965819,0.5404832839965819
2,3.6,6.6279287,-3.0279287338256835,3.0279287338256835
2,17.9,19.399113,-1.499112701416017,1.499112701416017
2,0.9,12.844038,-11.944038009643554,11.944038009643554
2,1.2,2.2095988,-1.0095987796783448,1.0095987796783448
2,20.4,4.8436556,15.556344413757323,15.556344413757323
2,1.6,2.9030042,-1.3030041694641112,1.3030041694641112
2,9.2,12.02685,-2.8268497467041023,2.8268497467041023
2,7.6,1.549228,6.050772047042846,6.050772047042846
2,21.5,32.37944,-10.879440307617188,10.879440307617188
2,22.4,2.7961898,19.603810214996336,19.603810214996336
2,8.0,11.487391,-3.487391471862793,3.487391471862793
2,32.4,33.0235,-0.6234985351562514,0.6234985351562514
2,11.8,11.264396,0.5356042861938484,0.5356042861938484
2,2.1,1.7899776,0.3100224494934083,0.3100224494934083
2,10.6,7.02443,3.575570201873779,3.575570201873779
2,1.7,2.4821882,-0.7821882247924805,0.7821882247924805
2,1.0,1.8951927,-0.8951927423477173,0.8951927423477173
3,0.4,1.9903282,-1.5903281927108766,1.5903281927108766
3,4.6,7.0258646,-2.4258646011352543,2.4258646011352543
3,0.9,3.1326666,-2.23266658782959,2.23266658782959
3,3.7,0.7819846,2.9180153727531435,2.9180153727531435
3,0.4,-0.7950799,1.1950798869132995,1.1950798869132995
3,0.8,-1.1566167,1.9566166877746582,1.9566166877746582
3,2.7,5.3856993,-2.6856992721557615,2.6856992721557615
3,2.4,1.5591016,0.8408984184265136,0.8408984184265136
3,0.2,0.75366974,-0.5536697387695313,0.5536697387695313
3,0.8,-0.107644156,0.9076441556215287,0.9076441556215287
3,0.6,0.6215148,-0.02151479721069338,0.02151479721069338
3,0.1,0.23905815,-0.13905815184116363,0.13905815184116363
3,5.5,4.579706,0.9202938079833984,0.9202938079833984
3,3.3,3.7694345,-0.46943445205688494,0.46943445205688494
3,13.8,14.922254,-1.1222536087036126,1.1222536087036126
3,5.2,5.4683886,-0.26838855743408185,0.26838855743408185
3,5.2,2.3276496,2.8723504066467287,2.8723504066467287
3,33.0,31.782772,1.2172279357910156,1.2172279357910156
3,1.1,0.44742525,0.6525747537612916,0.6525747537612916
3,4.5,12.380844,-7.8808441162109375,7.8808441162109375
3,1.4,0.9721704,0.4278295874595641,0.4278295874595641
3,2.3,1.973625,0.3263750553131102,0.3263750553131102
3,0.6,1.1369663,-0.536966347694397,0.536966347694397
3,2.3,2.6934843,-0.3934843063354494,0.3934843063354494
3,2.2,2.9429286,-0.7429285526275633,0.7429285526275633
3,2.7,3.059622,-0.35962204933166486,0.35962204933166486
3,0.8,0.5451842,0.25481580495834355,0.25481580495834355
3,16.7,21.371956,-4.671955871582032,4.671955871582032
3,2.9,1.7982584,1.101741576194763,1.101741576194763
3,10.1,16.984121,-6.884121322631836,6.884121322631836
3,0.8,0.32496956,0.47503044009208684,0.47503044009208684
3,12.6,13.399183,-0.79918327331543,0.79918327331543
3,1.4,1.4965295,-0.0965294599533082,0.0965294599533082
3,32.2,33.77989,-1.579888153076169,1.579888153076169
3,37.4,34.611553,2.7884468078613267,2.7884468078613267
3,35.4,35.265736,0.13426437377929545,0.13426437377929545
3,1.1,2.2457664,-1.1457664012908935,1.1457664012908935
3,17.4,13.089343,4.310656929016112,4.310656929016112
3,5.5,3.331237,2.1687629222869873,2.1687629222869873
3,1.3,1.6730487,-0.37304873466491695,0.37304873466491695
3,7.2,8.587243,-1.38724308013916,1.38724308013916
3,12.9,14.423336,-1.523336029052734,1.523336029052734
3,42.2,40.92143,1.278571319580081,1.278571319580081
3,43.8,38.428368,5.371632385253903,5.371632385253903
3,43.7,37.41493,6.285071563720706,6.285071563720706
3,44.0,41.204823,2.795177459716797,2.795177459716797
3,44.2,41.998962,2.201037597656253,2.201037597656253
3,44.2,39.982376,4.21762390136719,4.21762390136719
3,3.1,2.738695,0.3613050937652589,0.3613050937652589
3,30.8,26.315022,4.484978485107423,4.484978485107423
3,33.7,28.50123,5.198769760131839,5.198769760131839
3,9.1,9.061939,0.03806076049804652,0.03806076049804652
3,38.1,34.72083,3.379170989990236,3.379170989990236
3,48.2,46.076885,2.123114776611331,2.123114776611331
3,47.2,43.440388,3.7596122741699247,3.7596122741699247
3,43.3,43.970165,-0.6701652526855497,0.6701652526855497
3,45.5,45.821827,-0.3218269348144531,0.3218269348144531
3,40.7,37.85108,2.8489181518554716,2.8489181518554716
3,2.0,1.1799837,0.8200162649154663,0.8200162649154663
3,6.6,7.098098,-0.49809780120849645,0.49809780120849645
3,4.0,3.0621955,0.9378044605255127,0.9378044605255127
3,11.7,12.711562,-1.0115621566772468,1.0115621566772468
3,3.4,3.0766652,0.3233348369598388,0.3233348369598388
3,20.9,20.800966,0.09903373718261577,0.09903373718261577
3,22.2,23.108984,-0.9089839935302741,0.9089839935302741
3,24.2,23.534647,0.6653530120849602,0.6653530120849602
3,2.7,3.187385,-0.48738508224487287,0.48738508224487287
3,23.7,28.410324,-4.710324096679688,4.710324096679688
3,22.3,23.9272,-1.6272003173828118,1.6272003173828118
3,24.3,24.130135,0.16986541748046946,0.16986541748046946
3,24.6,24.885525,-0.28552474975585795,0.28552474975585795
3,1.3,1.8190382,-0.5190381526947021,0.5190381526947021
3,1.0,1.4388278,-0.4388277530670166,0.4388277530670166
3,25.9,27.864002,-1.9640022277832045,1.9640022277832045
3,12.000000000000002,11.682075,0.31792545318603693,0.31792545318603693
3,14.5,13.783529,0.7164707183837891,0.7164707183837891
3,38.2,36.930367,1.2696334838867216,1.2696334838867216
3,48.6,43.9933,4.606698608398439,4.606698608398439
3,49.0,45.865067,3.1349334716796875,3.1349334716796875
3,44.6,45.111275,-0.5112747192382798,0.5112747192382798
3,45.8,44.175133,1.6248672485351534,1.6248672485351534
3,39.0,40.084793,-1.0847930908203125,1.0847930908203125
3,24.700000000000003,26.475222,-1.77522163391113,1.77522163391113
3,27.4,22.806671,4.593328857421874,4.593328857421874
3,38.0,37.406925,0.5930747985839844,0.5930747985839844
3,45.8,44.646885,1.1531150817871065,1.1531150817871065
3,45.7,44.84715,0.852851104736331,0.852851104736331
3,43.9,43.564785,0.3352149963378892,0.3352149963378892
3,42.8,43.840797,-1.040797424316409,1.040797424316409
3,41.5,44.14049,-2.640491485595703,2.640491485595703
3,29.2,25.160044,4.039956283569335,4.039956283569335
3,0.8,-0.9713572,1.7713572263717652,1.7713572263717652
3,2.3,2.6868937,-0.3868937015533449,0.3868937015533449
3,8.1,8.57667,-0.4766696929931644,0.4766696929931644
3,24.700000000000003,27.083769,-2.3837688446044893,2.3837688446044893
3,12.700000000000001,15.310077,-2.6100767135620107,2.6100767135620107
3,8.9,9.16038,-0.2603803634643551,0.2603803634643551
3,2.3,4.2312694,-1.9312693595886232,1.9312693595886232
3,5.7,6.300594,-0.600593852996826,0.600593852996826
3,43.3,43.769302,-0.46930236816406534,0.46930236816406534
3,37.1,34.657974,2.442025756835939,2.442025756835939
3,10.5,11.791864,-1.2918643951416016,1.2918643951416016
3,8.5,8.3380375,0.16196250915527344,0.16196250915527344
3,39.0,41.016434,-2.0164337158203125,2.0164337158203125
3,20.7,22.152353,-1.4523532867431648,1.4523532867431648
3,29.7,26.10167,3.598330688476562,3.598330688476562
3,38.6,34.829918,3.7700820922851577,3.7700820922851577
3,38.2,36.442867,1.7571327209472685,1.7571327209472685
3,38.2,37.172802,1.027198028564456,1.027198028564456
3,37.5,35.045517,2.4544830322265625,2.4544830322265625
3,35.8,33.35858,2.441418457031247,2.441418457031247
3,25.7,24.271114,1.428885650634765,1.428885650634765
3,25.8,29.484333,-3.6843330383300774,3.6843330383300774
3,22.0,20.416859,1.5831413269042969,1.5831413269042969
3,8.3,8.699675,-0.3996746063232415,0.3996746063232415
3,7.4,7.759987,-0.3599868774414059,0.3599868774414059
3,23.2,23.053614,0.14638633728027273,0.14638633728027273
3,20.8,19.30795,1.4920509338378913,1.4920509338378913
3,16.0,14.972647,1.027353286743164,1.027353286743164
3,35.7,34.184574,1.5154258728027372,1.5154258728027372
3,16.5,15.897256,0.6027441024780273,0.6027441024780273
3,15.7,14.40226,1.297740173339843,1.297740173339843
3,3.8,4.815483,-1.015483093261719,1.015483093261719
3,16.7,20.87182,-4.171820449829102,4.171820449829102
3,19.1,17.27051,1.8294902801513686,1.8294902801513686
3,33.9,33.01499,0.8850082397460923,0.8850082397460923
3,4.4,5.3014817,-0.9014817237854,0.9014817237854
3,5.5,4.9233584,0.5766415596008301,0.5766415596008301
3,18.0,18.479383,-0.4793834686279297,0.4793834686279297
3,14.0,14.71707,-0.7170696258544922,0.7170696258544922
3,24.5,27.190086,-2.6900863647460938,2.6900863647460938
3,33.9,32.92958,0.9704193115234361,0.9704193115234361
3,33.4,31.711718,1.6882823944091783,1.6882823944091783
3,33.2,30.579851,2.6201488494873075,2.6201488494873075
3,28.6,26.622267,1.9777332305908217,1.9777332305908217
3,24.9,25.167982,-0.2679821014404311,0.2679821014404311
3,22.4,24.15371,-1.7537094116210952,1.7537094116210952
3,12.000000000000002,14.205765,-2.2057647705078107,2.2057647705078107
3,13.9,16.751059,-2.8510585784912106,2.8510585784912106
3,2.9,2.4656594,0.43434062004089347,0.43434062004089347
3,27.9,28.195303,-0.29530296325683736,0.29530296325683736
3,30.2,28.990158,1.2098419189453118,1.2098419189453118
3,21.0,16.990099,4.00990104675293,4.00990104675293
3,22.3,20.329994,1.9700057983398445,1.9700057983398445
3,25.2,23.191845,2.0081550598144524,2.0081550598144524
3,9.1,11.461667,-2.361667060852051,2.361667060852051
3,19.9,20.748438,-0.848437881469728,0.848437881469728
3,20.3,21.659782,-1.359782409667968,1.359782409667968
3,22.1,24.662098,-2.5620979309082017,2.5620979309082017
3,24.9,24.37959,0.5204109191894517,0.5204109191894517
3,27.2,27.786676,-0.5866764068603523,0.5866764068603523
3,26.7,26.150593,0.5494071960449212,0.5494071960449212
3,14.7,17.805038,-3.105038452148438,3.105038452148438
3,26.8,26.512642,0.28735809326171946,0.28735809326171946
3,24.8,24.353466,0.44653396606445384,0.44653396606445384
3,6.1,8.401914,-2.301913642883301,2.301913642883301
3,23.1,20.876705,2.223294830322267,2.223294830322267
3,27.4,26.982262,0.41773834228515483,0.41773834228515483
3,13.9,14.743495,-0.8434949874877926,0.8434949874877926
3,6.3,6.8283873,-0.5283872604370119,0.5283872604370119
3,10.5,12.216258,-1.7162580490112305,1.7162580490112305
3,16.9,20.46761,-3.5676094055175795,3.5676094055175795
3,25.8,25.394897,0.4051025390625007,0.4051025390625007
3,7.6,8.174277,-0.5742773056030277,0.5742773056030277
3,21.8,23.45923,-1.659230422973632,1.659230422973632
3,18.5,18.53952,-0.039520263671875,0.039520263671875
3,25.9,27.940191,-2.0401912689209,2.0401912689209
3,23.5,22.956429,0.5435714721679688,0.5435714721679688
3,24.8,25.233633,-0.4336330413818352,0.4336330413818352
3,14.3,13.253017,1.0469825744628913,1.0469825744628913
3,22.2,20.53683,1.66316909790039,1.66316909790039
3,6.4,6.041096,0.358903789520264,0.358903789520264
3,24.4,26.750473,-2.350473022460939,2.350473022460939
3,24.700000000000003,24.481684,0.21831626892090128,0.21831626892090128
3,23.8,23.629827,0.17017250061035227,0.17017250061035227
3,24.700000000000003,25.763414,-1.0634143829345675,1.0634143829345675
3,24.9,23.735058,1.1649421691894517,1.1649421691894517
3,25.7,24.516085,1.1839153289794915,1.1839153289794915
3,25.400000000000002,23.730688,1.6693119049072287,1.6693119049072287
3,25.1,23.911423,1.188577270507814,1.188577270507814
3,25.9,24.411682,1.4883178710937486,1.4883178710937486
3,26.3,24.67989,1.6201103210449226,1.6201103210449226
3,27.5,26.612078,0.8879222869873047,0.8879222869873047
3,26.3,23.819962,2.480038452148438,2.480038452148438
3,25.8,22.625092,3.1749084472656257,3.1749084472656257
3,22.599999999999998,20.818031,1.7819686889648416,1.7819686889648416
3,16.1,12.361189,3.7388111114501967,3.7388111114501967
3,20.5,20.780012,-0.2800121307373047,0.2800121307373047
3,27.4,26.635292,0.7647079467773423,0.7647079467773423
3,27.5,26.541018,0.9589824676513672,0.9589824676513672
3,12.5,11.318032,1.1819677352905273,1.1819677352905273
3,17.9,20.300514,-2.4005142211914077,2.4005142211914077
3,19.9,20.677483,-0.7774826049804702,0.7774826049804702
3,11.6,10.8460045,0.7539955139160153,0.7539955139160153
3,24.2,24.209003,-0.009003448486328836,0.009003448486328836
3,28.7,28.593754,0.10624618530273366,0.10624618530273366
3,28.3,27.788803,0.5111968994140632,0.5111968994140632
3,24.2,21.992895,2.207104873657226,2.207104873657226
3,16.7,17.673704,-0.9737041473388679,0.9737041473388679
3,22.7,23.531515,-0.8315151214599616,0.8315151214599616
3,20.9,23.220222,-2.3202224731445327,2.3202224731445327
3,25.1,27.325003,-2.2250026702880845,2.2250026702880845
3,27.6,28.983927,-1.3839267730712876,1.3839267730712876
3,27.6,29.983227,-2.3832267761230455,2.3832267761230455
3,27.6,28.539473,-0.9394725799560533,0.9394725799560533
3,25.7,25.72401,-0.024010467529297586,0.024010467529297586
3,15.4,12.919494,2.4805063247680668,2.4805063247680668
3,4.8,4.2299867,0.5700133323669432,0.5700133323669432
3,29.3,33.157166,-3.8571655273437493,3.8571655273437493
3,20.4,21.062134,-0.6621337890625014,0.6621337890625014
3,21.8,21.812607,-0.01260681152343679,0.01260681152343679
3,30.0,31.595982,-1.5959815979003906,1.5959815979003906
3,25.400000000000002,25.655062,-0.2550617218017557,0.2550617218017557
3,22.8,26.74358,-3.9435798645019524,3.9435798645019524
3,31.2,32.321938,-1.121937561035157,1.121937561035157
3,21.1,22.46639,-1.3663906097412095,1.3663906097412095
3,26.0,28.23878,-2.238779067993164,2.238779067993164
3,3.4,5.9430966,-2.54309663772583,2.54309663772583
3,30.7,35.290684,-4.590683746337891,4.590683746337891
3,22.8,22.730549,0.06945114135742259,0.06945114135742259
3,30.4,29.826996,0.5730041503906236,0.5730041503906236
3,22.7,22.071009,0.6289913177490227,0.6289913177490227
3,23.8,25.177885,-1.3778850555419915,1.3778850555419915
3,27.3,28.024338,-0.7243377685546868,0.7243377685546868
3,25.2,25.70459,-0.5045898437500007,0.5045898437500007
3,15.9,16.078735,-0.17873535156249964,0.17873535156249964
3,31.8,31.18127,0.6187294006347663,0.6187294006347663
3,7.5,8.0006,-0.5005998611450195,0.5005998611450195
3,24.5,25.292143,-0.7921428680419922,0.7921428680419922
3,22.3,20.912018,1.3879821777343757,1.3879821777343757
3,2.6,0.9921239,1.6078760981559754,1.6078760981559754
3,36.9,39.692646,-2.7926460266113295,2.7926460266113295
3,36.7,38.29701,-1.597008514404294,1.597008514404294
3,36.5,37.72638,-1.22637939453125,1.22637939453125
3,35.8,35.70088,0.09912185668945028,0.09912185668945028
3,36.6,37.444267,-0.8442672729492173,0.8442672729492173
3,35.6,38.219593,-2.6195930480957017,2.6195930480957017
3,35.6,37.98368,-2.383680725097655,2.383680725097655
3,26.5,24.218422,2.2815780639648438,2.2815780639648438
3,21.9,21.28803,0.6119693756103501,0.6119693756103501
3,36.9,38.686222,-1.786222076416017,1.786222076416017
3,37.5,37.765423,-0.2654228210449219,0.2654228210449219
3,24.4,25.342056,-0.9420562744140639,0.9420562744140639
3,36.0,36.73654,-0.736541748046875,0.736541748046875
3,39.3,41.703644,-2.403643798828128,2.403643798828128
3,40.5,41.19363,-0.6936302185058594,0.6936302185058594
3,20.1,23.44797,-3.3479694366455064,3.3479694366455064
3,32.6,31.933762,0.6662384033203139,0.6662384033203139
3,18.6,17.35738,1.2426200866699233,1.2426200866699233
3,3.8,5.025328,-1.2253281593322756,1.2253281593322756
3,16.1,20.456167,-4.3561672210693345,4.3561672210693345
3,36.9,42.608616,-5.708615875244142,5.708615875244142
3,22.7,23.272087,-0.5720870971679695,0.5720870971679695
3,36.3,35.826473,0.4735267639160128,0.4735267639160128
3,36.5,37.403584,-0.9035835266113281,0.9035835266113281
3,37.2,38.096237,-0.8962371826171847,0.8962371826171847
3,42.1,41.015594,1.0844055175781264,1.0844055175781264
3,33.4,33.338284,0.061716461181639204,0.061716461181639204
3,16.5,15.315644,1.1843557357788086,1.1843557357788086
3,45.900000000000006,43.759476,2.140524291992193,2.140524291992193
3,46.599999999999994,45.642586,0.9574142456054631,0.9574142456054631
3,46.3,46.735485,-0.4354850769042997,0.4354850769042997
3,45.7,45.93592,-0.2359207153320284,0.2359207153320284
3,18.8,18.095594,0.704405593872071,0.704405593872071
3,16.8,14.117662,2.6823375701904304,2.6823375701904304
3,7.9,8.320106,-0.4201055526733395,0.4201055526733395
3,6.5,6.0526032,0.44739675521850586,0.44739675521850586
3,3.7,3.6177502,0.08224983215332049,0.08224983215332049
3,2.3,3.049378,-0.7493779182434084,0.7493779182434084
3,11.0,14.028376,-3.0283756256103516,3.0283756256103516
3,28.0,28.067194,-0.06719398498535156,0.06719398498535156
3,16.9,15.347267,1.5527328491210923,1.5527328491210923
3,12.2,15.303076,-3.103075790405274,3.103075790405274
3,7.6,8.692257,-1.0922569274902347,1.0922569274902347
3,27.6,28.81552,-1.2155193328857408,1.2155193328857408
3,7.2,7.6480694,-0.448069381713867,0.448069381713867
3,3.4,3.0051353,0.39486470222473136,0.39486470222473136
3,2.3,2.667815,-0.36781497001647967,0.36781497001647967
3,9.0,10.0009165,-1.0009164810180664,1.0009164810180664
3,2.6,3.3288207,-0.7288207054138183,0.7288207054138183
3,5.4,4.8614,0.5385998725891117,0.5385998725891117
3,14.2,11.009387,3.1906129837036126,3.1906129837036126
3,35.6,36.37767,-0.7776702880859361,0.7776702880859361
3,19.8,18.082098,1.7179019927978523,1.7179019927978523
3,24.700000000000003,23.747553,0.9524471282959013,0.9524471282959013
3,40.5,42.641388,-2.141387939453125,2.141387939453125
3,3.4,2.4902136,0.9097863674163817,0.9097863674163817
3,36.1,31.462734,4.637265777587892,4.637265777587892
3,11.4,12.05857,-0.6585699081420895,0.6585699081420895
3,5.7,5.4473667,0.2526332855224611,0.2526332855224611
3,1.7,2.4623451,-0.7623451232910157,0.7623451232910157
3,12.1,16.283443,-4.183443450927735,4.183443450927735
3,1.3,1.2004467,0.09955327510833745,0.09955327510833745
3,3.0000000000000004,2.977616,0.02238392829895064,0.02238392829895064
3,3.4,2.7116864,0.6883136272430419,0.6883136272430419
3,23.8,26.783081,-2.9830810546874993,2.9830810546874993
3,26.3,27.03091,-0.7309104919433587,0.7309104919433587
3,37.5,40.733692,-3.233692169189453,3.233692169189453
3,9.9,9.695586,0.20441379547119176,0.20441379547119176
3,1.5000000000000002,0.9897727,0.5102273225784304,0.5102273225784304
3,1.1,1.148457,-0.04845705032348624,0.04845705032348624
3,4.7,3.4024346,1.2975654125213625,1.2975654125213625
3,19.5,20.199297,-0.6992969512939453,0.6992969512939453
3,0.8,0.07666371,0.7233362898230553,0.7233362898230553
3,12.9,14.766861,-1.8668609619140621,1.8668609619140621
3,4.1,3.5413613,0.5586386680603024,0.5586386680603024
3,11.7,10.1923065,1.5076934814453118,1.5076934814453118
3,11.7,14.344298,-2.6442983627319343,2.6442983627319343
3,0.2,3.6378946,-3.4378946304321287,3.4378946304321287
3,1.6,1.6205474,-0.02054741382598868,0.02054741382598868
3,1.0,1.259036,-0.25903594493865967,0.25903594493865967
3,10.8,14.992269,-4.192268562316894,4.192268562316894
3,1.7,1.8825796,-0.18257956504821782,0.18257956504821782
3,0.8,1.2449433,-0.44494326114654537,0.44494326114654537
3,9.0,10.005673,-1.0056734085083008,1.0056734085083008
3,5.5,3.6616497,1.8383502960205078,1.8383502960205078
3,9.0,10.0874605,-1.0874605178833008,1.0874605178833008
3,2.9,4.114103,-1.214102840423584,1.214102840423584
3,7.5,21.100237,-13.600236892700195,13.600236892700195
3,0.5,-1.3611587,1.8611587285995483,1.8611587285995483
3,2.2,1.4704506,0.7295493602752687,0.7295493602752687
3,1.5000000000000002,1.0947415,0.4052585363388064,0.4052585363388064
3,0.6,0.41645604,0.18354395627975462,0.18354395627975462
3,3.4,3.7793925,-0.3793924808502198,0.3793924808502198
3,5.7,8.983122,-3.283121871948242,3.283121871948242
3,2.6,3.9241037,-1.3241037368774413,1.3241037368774413
3,7.8,9.262879,-1.4628793716430666,1.4628793716430666
3,2.6,2.808703,-0.20870294570922843,0.20870294570922843
3,6.7,11.99728,-5.297280120849609,5.297280120849609
3,4.7,7.8066373,-3.1066372871398924,3.1066372871398924
3,1.7,1.917534,-0.21753399372100835,0.21753399372100835
3,0.6,0.8212042,-0.22120418548583987,0.22120418548583987
3,19.8,28.55294,-8.752940368652343,8.752940368652343
3,2.0,1.9594877,0.0405123233795166,0.0405123233795166
3,23.0,23.329206,-0.3292064666748047,0.3292064666748047
3,26.2,26.136349,0.06365127563476491,0.06365127563476491
3,15.2,20.695017,-5.495016860961915,5.495016860961915
3,4.6,6.7113104,-2.111310386657715,2.111310386657715
3,3.8,8.136713,-4.336713027954102,4.336713027954102
3,1.5000000000000002,1.4134089,0.08659112453460716,0.08659112453460716
3,0.8,-0.08325982,0.8832598209381104,0.8832598209381104
3,1.3,0.49911338,0.800886619091034,0.800886619091034
3,11.4,18.622305,-7.222304916381836,7.222304916381836
3,0.3,-1.4178284,1.7178284406661988,1.7178284406661988
3,3.2,4.579706,-1.3797061920166014,1.3797061920166014
3,1.8,1.9973541,-0.19735414981842037,0.19735414981842037
3,4.0,3.8020437,0.19795632362365723,0.19795632362365723
3,0.1,0.30513376,-0.20513375997543334,0.20513375997543334
3,4.6,3.2474504,1.3525496482849118,1.3525496482849118
3,4.3,2.3104756,1.9895244121551512,1.9895244121551512
3,2.9,1.9987837,0.9012162923812865,0.9012162923812865
3,1.2,0.32825512,0.8717448830604553,0.8717448830604553
3,0.1,-1.5231293,1.6231293439865113,1.6231293439865113
3,11.299999999999999,18.332914,-7.032914352416993,7.032914352416993
3,0.6,-0.5071254,1.1071253776550294,1.1071253776550294
3,1.2,1.8769293,-0.6769292831420899,0.6769292831420899
3,0.9,1.3390571,-0.4390570878982544,0.4390570878982544
3,1.9,5.038371,-3.1383710861206056,3.1383710861206056
3,3.0000000000000004,3.2795591,-0.2795591354370113,0.2795591354370113
3,1.8,2.231203,-0.43120307922363277,0.43120307922363277
3,5.1,18.97007,-13.870069885253907,13.870069885253907
3,1.9,1.2649195,0.6350804805755614,0.6350804805755614
3,1.4,1.9173124,-0.5173123836517335,0.5173123836517335
3,9.9,10.792364,-0.8923641204833981,0.8923641204833981
3,0.1,-0.96673226,1.0667322635650636,1.0667322635650636
3,0.6,-0.12007421,0.7200742125511169,0.7200742125511169
3,2.8,3.1718054,-0.3718053817749025,0.3718053817749025
3,5.7,3.525824,2.1741759300231935,2.1741759300231935
3,2.1,1.8992131,0.2007869243621827,0.2007869243621827
3,2.4,5.6623936,-3.262393569946289,3.262393569946289
3,2.3,1.425604,0.8743960142135618,0.8743960142135618
3,1.2,0.3237561,0.8762439012527465,0.8762439012527465
3,2.4,3.0714965,-0.6714964866638184,0.6714964866638184
3,1.5000000000000002,1.5152185,-0.015218496322631614,0.015218496322631614
3,3.9,6.232446,-2.3324461936950684,2.3324461936950684
3,4.0,2.7585588,1.241441249847412,1.241441249847412
3,2.5,2.5132287,-0.013228654861450195,0.013228654861450195
3,2.8,3.6757088,-0.8757087707519533,0.8757087707519533
3,24.9,31.615187,-6.715186691284181,6.715186691284181
3,2.6,13.3826685,-10.782668495178223,10.782668495178223
3,0.3,-0.291927,0.5919270098209382,0.5919270098209382
3,0.3,0.21820828,0.08179171681404113,0.08179171681404113
3,1.3,1.2717128,0.028287220001220748,0.028287220001220748
3,1.4,0.9137542,0.48624577522277823,0.48624577522277823
3,0.1,-0.8262268,0.9262267708778381,0.9262267708778381
3,1.1,-0.49672642,1.5967264235019685,1.5967264235019685
3,0.9,0.8634735,0.03652652502059939,0.03652652502059939
3,0.7,1.0251217,-0.3251216888427735,0.3251216888427735
3,0.1,0.2952321,-0.19523208737373351,0.19523208737373351
3,0.4,0.41968662,-0.01968661546707151,0.01968661546707151
3,0.4,-0.10791903,0.507919029891491,0.507919029891491
3,1.6,8.214179,-6.614179039001465,6.614179039001465
3,1.0,0.57718474,0.4228152632713318,0.4228152632713318
3,3.2,0.8967212,2.3032788157463076,2.3032788157463076
3,4.1,3.3249824,0.7750175952911373,0.7750175952911373
3,3.4,3.0454867,0.3545133113861083,0.3545133113861083
3,3.2,2.2293217,0.9706782817840578,0.9706782817840578
3,2.6,1.2915926,1.3084074020385743,1.3084074020385743
3,3.0000000000000004,1.3616076,1.6383924484252934,1.6383924484252934
3,1.9,1.2812834,0.6187166213989257,0.6187166213989257
3,1.9,2.1599128,-0.2599128246307374,0.2599128246307374
3,0.6,0.12585768,0.4741423189640045,0.4741423189640045
3,4.1,4.8575125,-0.757512474060059,0.757512474060059
3,1.2,0.73000187,0.4699981331825256,0.4699981331825256
3,1.0,-0.58308816,1.5830881595611572,1.5830881595611572
3,2.8,2.68216,0.11784009933471662,0.11784009933471662
3,1.4,-0.19538526,1.5953852623701095,1.5953852623701095
3,3.5,2.0875967,1.4124033451080322,1.4124033451080322
3,3.7,3.0672174,0.6327826499938967,0.6327826499938967
3,2.9,0.83410203,2.0658979654312133,2.0658979654312133
3,0.1,0.10878665,-0.00878665000200271,0.00878665000200271
3,1.1,0.25591627,0.844083732366562,0.844083732366562
3,4.4,0.37783992,4.022160077095032,4.022160077095032
3,0.7,1.6957835,-0.9957834959030152,0.9957834959030152
3,2.3,1.3502959,0.9497040987014769,0.9497040987014769
3,1.4,0.22185218,1.17814781665802,1.17814781665802
3,1.4,1.8241209,-0.4241208791732789,0.4241208791732789
3,0.7,1.1082358,-0.4082358360290528,0.4082358360290528
3,2.7,3.0547836,-0.35478358268737775,0.35478358268737775
3,2.7,1.7033112,0.9966887950897219,0.9966887950897219
3,1.7,3.1129122,-1.4129121780395508,1.4129121780395508
3,0.6,0.843982,-0.24398198127746584,0.24398198127746584
3,4.2,2.7271347,1.4728652954101564,1.4728652954101564
3,1.8,2.4405284,-0.640528392791748,0.640528392791748
3,4.3,3.4776123,0.8223877429962156,0.8223877429962156
3,3.5,2.1079857,1.3920142650604248,1.3920142650604248
3,2.5,1.3426038,1.1573961973190308,1.1573961973190308
3,4.4,2.882513,1.517486953735352,1.517486953735352
3,4.5,3.155324,1.3446760177612305,1.3446760177612305
3,4.2,5.110129,-0.910128879547119,0.910128879547119
3,5.0,3.3543556,1.6456444263458252,1.6456444263458252
3,5.1,3.822993,1.2770069599151608,1.2770069599151608
3,5.1,5.9082193,-0.8082193374633793,0.8082193374633793
3,4.9,4.3214884,0.5785116195678714,0.5785116195678714
3,4.0,4.4412837,-0.4412837028503418,0.4412837028503418
3,4.8,4.9906216,-0.19062156677246112,0.19062156677246112
3,4.7,4.0849047,0.6150953292846681,0.6150953292846681
3,0.2,0.95966434,-0.7596643447875977,0.7596643447875977
3,5.3,4.6656027,0.6343973159790037,0.6343973159790037
3,5.1,3.5124664,1.5875335693359371,1.5875335693359371
3,5.1,5.1317663,-0.0317663192749027,0.0317663192749027
3,5.0,3.762207,1.23779296875,1.23779296875
3,2.9,3.7953541,-0.8953541278839112,0.8953541278839112
3,5.0,5.841943,-0.8419427871704102,0.8419427871704102
3,5.0,3.6709716,1.3290283679962158,1.3290283679962158
3,4.9,3.719918,1.1800819873809818,1.1800819873809818
3,4.9,4.5272017,0.3727983474731449,0.3727983474731449
3,5.0,3.999726,1.0002739429473877,1.0002739429473877
3,4.9,5.1515555,-0.2515555381774899,0.2515555381774899
3,4.8,5.2519693,-0.4519693374633791,0.4519693374633791
3,4.9,4.964964,-0.06496391296386683,0.06496391296386683
3,3.3,4.3825455,-1.0825454711914064,1.0825454711914064
3,3.3,4.6185913,-1.3185913085937502,1.3185913085937502
3,5.0,6.9343114,-1.9343113899230957,1.9343113899230957
3,4.8,6.5637846,-1.7637845993041994,1.7637845993041994
3,4.0,4.4696336,-0.4696335792541504,0.4696335792541504
3,4.3,4.484726,-0.18472595214843768,0.18472595214843768
3,4.0,4.1185718,-0.11857175827026367,0.11857175827026367
3,4.7,4.7325554,-0.0325553894042967,0.0325553894042967
3,4.6,5.4171815,-0.817181491851807,0.817181491851807
3,4.4,4.341193,0.05880680084228551,0.05880680084228551
3,4.8,6.394364,-1.5943638801574709,1.5943638801574709
3,4.8,5.866369,-1.0663687705993654,1.0663687705993654
3,4.8,6.44587,-1.6458699226379396,1.6458699226379396
3,4.8,6.268786,-1.4687859535217287,1.4687859535217287
3,4.2,5.6610417,-1.461041736602783,1.461041736602783
3,4.2,5.417194,-1.2171938896179197,1.2171938896179197
3,2.2,2.8244696,-0.6244695663452147,0.6244695663452147
3,2.6,3.1519363,-0.5519362926483153,0.5519362926483153
3,0.7,0.8048184,-0.1048183917999268,0.1048183917999268
3,1.7,2.722413,-1.0224130630493165,1.0224130630493165
3,1.9,1.8007776,0.09922244548797599,0.09922244548797599
3,4.1,6.889228,-2.789227867126465,2.789227867126465
3,2.9,3.558049,-0.658048963546753,0.658048963546753
3,0.5,0.91079,-0.41079002618789673,0.41079002618789673
3,4.7,8.517156,-3.817155647277832,3.817155647277832
3,4.8,5.851186,-1.0511857986450197,1.0511857986450197
3,4.1,6.302451,-2.2024511337280277,2.2024511337280277
3,3.4,3.1899216,0.21007838249206534,0.21007838249206534
3,3.3,3.3419604,-0.04196043014526385,0.04196043014526385
3,4.0,0.93335813,3.066641867160797,3.066641867160797
3,0.7,2.0512304,-1.3512304306030274,1.3512304306030274
3,2.0,2.339249,-0.3392488956451416,0.3392488956451416
3,4.1,3.4457002,0.6542998313903805,0.6542998313903805
3,4.7,5.008538,-0.3085377693176268,0.3085377693176268
3,4.6,4.8219724,-0.22197237014770543,0.22197237014770543
3,4.3,5.670012,-1.3700119972229006,1.3700119972229006
3,4.1,5.44877,-1.3487700462341312,1.3487700462341312
3,4.4,5.626488,-1.2264882087707516,1.2264882087707516
3,4.5,5.1572227,-0.6572227478027344,0.6572227478027344
3,2.5,3.715415,-1.2154150009155273,1.2154150009155273
3,0.2,0.3233308,-0.12333078980445861,0.12333078980445861
3,4.6,6.699365,-2.0993651390075687,2.0993651390075687
3,2.8,4.515672,-1.7156722068786623,1.7156722068786623
3,4.6,7.3371506,-2.737150573730469,2.737150573730469
3,4.3,4.4653516,-0.1653515815734865,0.1653515815734865
3,4.7,4.5131125,0.18688745498657244,0.18688745498657244
3,3.9,4.268787,-0.368786907196045,0.368786907196045
3,4.4,6.199259,-1.7992588043212887,1.7992588043212887
3,4.5,5.7880044,-1.2880043983459473,1.2880043983459473
3,4.2,5.8311863,-1.6311862945556639,1.6311862945556639
3,4.3,6.3115807,-2.0115806579589846,2.0115806579589846
3,2.8,4.0884094,-1.2884094238281252,1.2884094238281252
3,1.6,2.9658616,-1.3658615589141845,1.3658615589141845
3,0.7,0.92162776,-0.22162775993347172,0.22162775993347172
3,0.5,0.39737114,0.10262885689735413,0.10262885689735413
3,2.4,3.7795725,-1.3795724868774415,1.3795724868774415
3,4.1,6.4303126,-2.3303126335144047,2.3303126335144047
3,0.8,0.6611552,0.1388447761535645,0.1388447761535645
3,1.2,1.9933189,-0.7933189153671265,0.7933189153671265
3,3.3,4.5533442,-1.253344249725342,1.253344249725342
3,3.9,6.0882177,-2.1882177352905274,2.1882177352905274
3,3.3,3.3190439,-0.019043874740600764,0.019043874740600764
3,0.6,2.4357471,-1.8357471466064452,1.8357471466064452
3,2.2,4.03802,-1.8380201339721678,1.8380201339721678
3,2.3,4.8984666,-2.5984665870666506,2.5984665870666506
3,0.6,1.8078226,-1.207822585105896,1.207822585105896
3,2.1,3.90542,-1.8054200649261474,1.8054200649261474
3,2.6,3.8820417,-1.2820416927337646,1.2820416927337646
3,1.8,1.8883076,-0.08830757141113277,0.08830757141113277
3,3.6,7.8797374,-4.279737377166748,4.279737377166748
3,3.9,6.8862033,-2.9862032890319825,2.9862032890319825
3,3.9,5.923603,-2.023603057861328,2.023603057861328
3,3.9,5.361543,-1.4615431785583497,1.4615431785583497
3,3.7,5.3856196,-1.6856196403503416,1.6856196403503416
3,2.7,3.4951828,-0.7951827526092528,0.7951827526092528
3,3.3,4.064355,-0.7643548965454103,0.7643548965454103
3,2.6,3.5285342,-0.928534173965454,0.928534173965454
3,2.8,5.2799063,-2.4799062728881838,2.4799062728881838
3,2.3,4.311012,-2.0110117912292482,2.0110117912292482
3,3.1,6.075772,-2.9757718086242675,2.9757718086242675
3,2.1,3.678201,-1.5782009601593017,1.5782009601593017
3,3.1,3.4435833,-0.3435832500457763,0.3435832500457763
3,3.7,4.4384594,-0.7384593963623045,0.7384593963623045
3,2.7,2.7874112,-0.0874112129211424,0.0874112129211424
3,4.1,5.5957108,-1.4957107543945316,1.4957107543945316
3,4.1,4.971001,-0.8710011482238773,0.8710011482238773
3,3.6,4.877912,-1.2779120445251464,1.2779120445251464
3,3.6,3.8851724,-0.2851723670959472,0.2851723670959472
3,2.9,2.4977844,0.40221562385559073,0.40221562385559073
3,4.1,6.4825497,-2.382549667358399,2.382549667358399
3,4.0,4.846061,-0.8460612297058105,0.8460612297058105
3,4.5,6.5285873,-2.0285873413085938,2.0285873413085938
3,3.6,3.8289921,-0.2289921283721923,0.2289921283721923
3,1.9,2.1792424,-0.27924237251281747,0.27924237251281747
3,3.2,0.99335086,2.206649136543274,2.206649136543274
3,6.5,6.284746,0.2152538299560547,0.2152538299560547
3,12.700000000000001,7.412395,5.287604999542237,5.287604999542237
3,13.1,9.071466,4.028533554077148,4.028533554077148
3,27.8,8.848491,18.951509284973145,18.951509284973145
3,27.7,20.866566,6.833434295654296,6.833434295654296
3,28.5,24.17445,4.325550079345703,4.325550079345703
3,15.2,18.556767,-3.3567665100097663,3.3567665100097663
3,22.2,20.768702,1.4312984466552727,1.4312984466552727
3,18.6,21.854368,-3.2543682098388658,3.2543682098388658
3,28.7,27.58887,1.1111309051513665,1.1111309051513665
3,19.9,20.155785,-0.25578460693359517,0.25578460693359517
3,29.8,29.64722,0.15277938842773509,0.15277938842773509
3,29.9,29.791046,0.10895385742187358,0.10895385742187358
3,29.3,29.988451,-0.6884510040283196,0.6884510040283196
3,22.0,19.798794,2.2012062072753906,2.2012062072753906
3,7.4,6.7636523,0.6363476753234867,0.6363476753234867
3,13.5,18.189226,-4.689226150512695,4.689226150512695
3,19.5,21.641745,-2.141744613647461,2.141744613647461
3,31.6,32.905827,-1.3058265686035142,1.3058265686035142
3,31.3,30.086931,1.2130687713623054,1.2130687713623054
3,30.5,30.002584,0.49741554260253906,0.49741554260253906
3,30.7,28.462254,2.2377464294433587,2.2377464294433587
3,30.7,30.241976,0.4580242156982415,0.4580242156982415
3,30.2,27.444359,2.7556411743164055,2.7556411743164055
3,22.5,20.952269,1.5477313995361328,1.5477313995361328
3,20.9,18.932001,1.967998886108397,1.967998886108397
3,10.6,20.297035,-9.697035217285157,9.697035217285157
3,12.5,12.4394,0.06060028076171875,0.06060028076171875
3,30.3,33.433796,-3.1337959289550774,3.1337959289550774
3,24.6,23.378878,1.2211223602294936,1.2211223602294936
3,21.3,21.44364,-0.14363975524902273,0.14363975524902273
3,19.4,17.111027,2.288973236083983,2.288973236083983
3,26.9,27.107557,-0.2075572967529311,0.2075572967529311
3,34.6,32.258915,2.341085052490236,2.341085052490236
3,30.1,30.513006,-0.413006210327147,0.413006210327147
3,26.6,26.585676,0.014323806762696734,0.014323806762696734
3,22.8,20.770145,2.029854583740235,2.029854583740235
3,25.8,28.33853,-2.5385295867919915,2.5385295867919915
3,14.1,16.008493,-1.9084934234619144,1.9084934234619144
3,38.7,42.47055,-3.770550537109372,3.770550537109372
3,29.2,29.846512,-0.6465118408203132,0.6465118408203132
3,5.8,4.456694,1.3433058738708494,1.3433058738708494
3,13.4,14.007846,-0.6078458786010739,0.6078458786010739
3,1.7,1.1851392,0.5148608207702636,0.5148608207702636
3,17.4,21.952457,-4.552457427978517,4.552457427978517
3,20.3,21.195515,-0.8955146789550774,0.8955146789550774
3,40.4,40.857735,-0.45773468017578267,0.45773468017578267
3,29.9,33.76577,-3.865769958496095,3.865769958496095
3,31.0,30.295652,0.7043476104736328,0.7043476104736328
3,20.8,23.053822,-2.2538215637207024,2.2538215637207024
3,15.0,17.444872,-2.4448719024658203,2.4448719024658203
3,42.3,43.984222,-1.6842224121093778,1.6842224121093778
3,42.2,41.94514,0.25485916137695597,0.25485916137695597
3,42.1,41.972576,0.12742385864257955,0.12742385864257955
3,32.4,31.245651,1.154348754882811,1.154348754882811
3,37.2,37.898064,-0.6980636596679659,0.6980636596679659
3,36.8,37.354244,-0.5542442321777372,0.5542442321777372
3,40.9,41.491035,-0.5910354614257827,0.5910354614257827
3,40.3,39.639324,0.6606758117675753,0.6606758117675753
3,41.0,39.97242,1.0275802612304688,1.0275802612304688
3,27.4,38.16948,-10.769479370117189,10.769479370117189
3,38.2,38.581364,-0.3813636779785128,0.3813636779785128
3,40.4,43.319305,-2.9193054199218764,2.9193054199218764
3,37.2,40.39548,-3.195481109619138,3.195481109619138
3,40.3,41.359406,-1.0594055175781278,1.0594055175781278
3,42.1,41.631355,0.46864471435547017,0.46864471435547017
3,39.4,40.418846,-1.0188461303710952,1.0188461303710952
3,22.5,18.070438,4.429561614990234,4.429561614990234
3,7.0,7.19927,-0.19926977157592773,0.19926977157592773
3,8.1,6.947866,1.152134037017822,1.152134037017822
3,1.3,0.3979791,0.9020208895206452,0.9020208895206452
3,16.5,16.777987,-0.2779865264892578,0.2779865264892578
3,30.8,32.821545,-2.021544647216796,2.021544647216796
3,2.6,3.478626,-0.8786260128021239,0.8786260128021239
3,43.7,45.586044,-1.8860443115234347,1.8860443115234347
3,12.3,12.559136,-0.25913639068603445,0.25913639068603445
3,4.9,4.159804,0.7401961326599125,0.7401961326599125
3,28.3,34.006126,-5.706126403808593,5.706126403808593
3,23.299999999999997,26.358664,-3.058663558959964,3.058663558959964
3,4.0,4.100788,-0.10078811645507812,0.10078811645507812
3,11.1,10.358694,0.7413059234619137,0.7413059234619137
3,19.1,22.298582,-3.1985820770263658,3.1985820770263658
3,6.7,9.819354,-3.1193540573120115,3.1193540573120115
3,9.8,11.699277,-1.8992769241333,1.8992769241333
3,22.4,23.370108,-0.9701076507568374,0.9701076507568374
3,4.8,3.9084294,0.8915706157684324,0.8915706157684324
3,10.4,10.256764,0.14323558807373082,0.14323558807373082
3,25.2,29.027662,-3.8276622772216804,3.8276622772216804
3,37.7,38.620186,-0.9201858520507784,0.9201858520507784
3,1.4,1.9009016,-0.5009015560150147,0.5009015560150147
3,2.1,2.8907077,-0.7907077312469482,0.7907077312469482
3,6.6,8.052033,-1.4520334243774418,1.4520334243774418
3,20.8,23.726341,-2.926341247558593,2.926341247558593
3,33.1,37.373337,-4.273336791992186,4.273336791992186
3,14.9,14.163663,0.7363370895385746,0.7363370895385746
3,4.9,6.032511,-1.132511234283447,1.132511234283447
3,4.8,4.34988,0.45011978149414045,0.45011978149414045
3,0.6,1.0105826,-0.4105825662612915,0.4105825662612915
3,29.5,30.119469,-0.6194686889648438,0.6194686889648438
3,22.5,19.511944,2.988056182861328,2.988056182861328
3,1.4,1.6957563,-0.29575631618499765,0.29575631618499765
3,12.3,18.030603,-5.730603408813476,5.730603408813476
3,11.2,13.105157,-1.9051568984985359,1.9051568984985359
3,2.5,3.4664295,-0.9664294719696045,0.9664294719696045
3,2.7,3.254118,-0.554117965698242,0.554117965698242
3,38.5,43.609283,-5.109283447265625,5.109283447265625
3,0.8,0.11994627,0.6800537288188935,0.6800537288188935
3,3.3,4.628561,-1.3285610198974611,1.3285610198974611
3,1.4,1.6466852,-0.24668524265289316,0.24668524265289316
3,19.4,25.65046,-6.250459289550783,6.250459289550783
3,38.1,43.24366,-5.14365997314453,5.14365997314453
3,31.5,31.718697,-0.21869659423828125,0.21869659423828125
3,4.2,4.579706,-0.3797061920166014,0.3797061920166014
3,4.5,3.8510656,0.6489343643188477,0.6489343643188477
3,28.7,26.739655,1.9603454589843743,1.9603454589843743
3,0.8,0.0076434086,0.7923565913923085,0.7923565913923085
3,0.9,0.59878474,0.30121525526046755,0.30121525526046755
3,3.6,2.8357477,0.7642522811889649,0.7642522811889649
3,5.2,5.7325907,-0.5325906753540037,0.5325906753540037
3,27.3,29.705885,-2.405884933471679,2.405884933471679
3,24.9,23.849182,1.0508178710937486,1.0508178710937486
3,3.6,5.372832,-1.7728318214416503,1.7728318214416503
3,10.3,13.371845,-3.0718452453613274,3.0718452453613274
3,26.3,34.490944,-8.190943908691406,8.190943908691406
3,3.8,4.190157,-0.390156936645508,0.390156936645508
3,17.2,9.891052,7.308947753906249,7.308947753906249
3,4.1,14.720725,-10.620725059509278,10.620725059509278
3,19.0,18.759533,0.24046707153320312,0.24046707153320312
3,3.4,1.1495293,2.2504706621170043,2.2504706621170043
3,0.5,0.5031336,-0.0031335949897766113,0.0031335949897766113
3,1.5000000000000002,1.3823541,0.11764585971832298,0.11764585971832298
3,3.5,2.7072473,0.792752742767334,0.792752742767334
3,14.7,15.285295,-0.5852945327758796,0.5852945327758796
3,1.9,2.857769,-0.957769012451172,0.957769012451172
3,2.5,2.088735,0.41126489639282227,0.41126489639282227
3,3.9,4.8120685,-0.9120684623718263,0.9120684623718263
3,0.7,0.49534902,0.20465098023414607,0.20465098023414607
3,1.2,1.1456075,0.0543925285339355,0.0543925285339355
3,2.8,1.3112761,1.4887239217758177,1.4887239217758177
3,0.4,0.06466097,0.33533903360366824,0.33533903360366824
3,3.1,1.7286657,1.3713342905044557,1.3713342905044557
3,0.7,-0.06887511,0.7688751116394996,0.7688751116394996
3,2.4,1.8659408,0.534059190750122,0.534059190750122
3,4.4,4.3182087,0.08179130554199254,0.08179130554199254
3,0.8,-0.6678485,1.467848527431488,1.467848527431488
3,0.8,-0.51810706,1.3181070566177369,1.3181070566177369
3,1.8,1.4801567,0.319843339920044,0.319843339920044
3,0.7,-0.35744086,1.057440859079361,1.057440859079361
3,2.5,3.007736,-0.5077359676361084,0.5077359676361084
3,3.2,8.449425,-5.249424743652344,5.249424743652344
3,0.1,0.18632422,-0.08632422387599945,0.08632422387599945
3,4.0,3.275155,0.7248449325561523,0.7248449325561523
3,1.2,0.93948096,0.26051903963088985,0.26051903963088985
3,2.3,2.6182306,-0.3182305812835695,0.3182305812835695
3,2.9,1.5575,1.3424999952316283,1.3424999952316283
3,0.7,0.37087297,0.329127025604248,0.329127025604248
3,0.9,1.3843259,-0.48432586193084715,0.48432586193084715
3,0.8,0.80124545,-0.0012454509735106978,0.0012454509735106978
3,0.1,0.14378484,-0.04378483593463897,0.04378483593463897
3,1.8,2.4733593,-0.6733593463897705,0.6733593463897705
3,1.6,3.1108828,-1.5108827590942382,1.5108827590942382
3,4.1,11.332764,-7.232763671875,7.232763671875
3,1.0,0.28447777,0.7155222296714783,0.7155222296714783
3,1.8,2.2926702,-0.4926702499389648,0.4926702499389648
3,3.9,4.1134486,-0.21344861984252939,0.21344861984252939
3,2.3,2.6714857,-0.3714856624603273,0.3714856624603273
3,1.4,1.29682,0.10317995548248282,0.10317995548248282
3,3.0000000000000004,3.8758094,-0.8758094310760494,0.8758094310760494
3,0.4,0.2387083,0.16129169762134554,0.16129169762134554
3,0.7,0.44397324,0.2560267567634582,0.2560267567634582
3,0.3,0.30768412,-0.007684123516082775,0.007684123516082775
3,0.6,0.0017045072,0.5982954928418621,0.5982954928418621
3,1.0,0.61652124,0.3834787607192993,0.3834787607192993
3,5.1,5.6133924,-0.5133923530578617,0.5133923530578617
3,18.3,21.41016,-3.110160064697265,3.110160064697265
3,27.5,24.931126,2.5688743591308594,2.5688743591308594
3,25.3,19.949911,5.35008888244629,5.35008888244629
3,5.0,0.5328881,4.467111885547638,4.467111885547638
3,0.7,0.4638273,0.2361726880073547,0.2361726880073547
3,21.6,19.56821,2.031789398193361,2.031789398193361
3,3.1,2.968835,0.13116488456726083,0.13116488456726083
3,1.8,2.7077205,-0.9077205181121826,0.9077205181121826
3,3.9,3.5771744,0.32282557487487784,0.32282557487487784
3,2.0,2.3299289,-0.3299288749694824,0.3299288749694824
3,4.7,4.028782,0.6712181091308596,0.6712181091308596
3,4.0,3.0877233,0.9122767448425293,0.9122767448425293
3,1.2,0.98188764,0.21811236143112178,0.21811236143112178
3,5.9,4.840824,1.0591758728027347,1.0591758728027347
3,11.8,13.810465,-2.0104648590087884,2.0104648590087884
3,2.8,1.5798166,1.2201834201812742,1.2201834201812742
3,17.7,18.544216,-0.8442161560058601,0.8442161560058601
3,1.0,0.9016065,0.0983934998512268,0.0983934998512268
3,1.8,2.8227022,-1.022702169418335,1.022702169418335
3,3.4,2.0965,1.3035000801086425,1.3035000801086425
3,1.1,1.853594,-0.7535939455032348,0.7535939455032348
3,0.8,0.9296605,-0.1296604990959167,0.1296604990959167
3,2.4,1.9899176,0.41008236408233634,0.41008236408233634
3,1.2,1.124469,0.07553095817565914,0.07553095817565914
3,0.6,0.8929208,-0.29292079210281374,0.29292079210281374
3,11.6,12.412755,-0.8127550125122074,0.8127550125122074
3,0.7,-0.34441507,1.0444150686264038,1.0444150686264038
3,0.3,0.8544694,-0.5544694185256958,0.5544694185256958
3,1.7,1.259429,0.44057102203369136,0.44057102203369136
3,0.4,-0.14080514,0.5408051401376724,0.5408051401376724
3,0.4,-0.36981145,0.7698114454746247,0.7698114454746247
3,5.6,4.704708,0.8952919006347653,0.8952919006347653
3,46.9,53.105465,-6.205464935302736,6.205464935302736
3,45.6,46.388187,-0.7881874084472642,0.7881874084472642
3,50.3,47.753727,2.5462730407714815,2.5462730407714815
3,42.8,44.234512,-1.4345123291015653,1.4345123291015653
3,4.1,2.2143352,1.8856647968292233,1.8856647968292233
3,15.4,13.944938,1.455062294006348,1.455062294006348
3,18.6,17.92397,0.6760307312011733,0.6760307312011733
3,16.1,15.920411,0.17958889007568501,0.17958889007568501
3,21.2,20.74738,0.45262069702148366,0.45262069702148366
3,32.1,25.05393,7.046069717407228,7.046069717407228
3,46.4,43.63863,2.7613700866699205,2.7613700866699205
3,21.2,21.11052,0.08948059082031179,0.08948059082031179
3,35.2,29.977278,5.222722244262698,5.222722244262698
3,32.8,32.62132,0.17868118286132528,0.17868118286132528
3,40.6,37.85923,2.740769958496095,2.740769958496095
3,10.5,8.866837,1.6331634521484375,1.6331634521484375
3,50.0,44.799236,5.200763702392578,5.200763702392578
3,50.0,46.420174,3.5798263549804688,3.5798263549804688
3,48.00000000000001,47.006695,0.9933052062988352,0.9933052062988352
3,46.3,45.810616,0.4893844604492159,0.4893844604492159
3,8.8,7.7988257,1.0011742591857917,1.0011742591857917
3,18.8,9.816886,8.983114051818848,8.983114051818848
3,3.7,2.4148767,1.2851233005523683,1.2851233005523683
3,52.1,52.200333,-0.10033264160156108,0.10033264160156108
3,44.9,44.73986,0.16013946533202983,0.16013946533202983
3,46.0,44.778564,1.221435546875,1.221435546875
3,30.2,34.55814,-4.358139801025391,4.358139801025391
3,17.5,16.69316,0.8068408966064453,0.8068408966064453
3,3.7,4.062668,-0.3626678466796873,0.3626678466796873
3,22.5,26.29268,-3.7926807403564453,3.7926807403564453
3,2.8,2.219018,0.5809820175170897,0.5809820175170897
3,7.0,6.507177,0.49282312393188477,0.49282312393188477
3,22.9,25.985806,-3.085805511474611,3.085805511474611
3,14.8,11.135534,3.6644657135009773,3.6644657135009773
3,10.6,9.71396,0.8860403060913082,0.8860403060913082
3,31.6,33.16697,-1.5669692993164048,1.5669692993164048
3,13.8,16.720427,-2.9204265594482415,2.9204265594482415
3,39.3,41.662582,-2.3625823974609403,2.3625823974609403
3,5.9,6.5139685,-0.613968467712402,0.613968467712402
3,3.8,3.3180194,0.48198060989379865,0.48198060989379865
3,14.8,19.037434,-4.237433624267577,4.237433624267577
3,47.9,48.84201,-0.9420104980468764,0.9420104980468764
3,28.8,32.363297,-3.563296508789062,3.563296508789062
3,38.2,39.704536,-1.5045364379882784,1.5045364379882784
3,20.3,21.481115,-1.1811153411865227,1.1811153411865227
3,44.4,40.41454,3.9854606628417955,3.9854606628417955
3,46.0,43.414394,2.5856056213378906,2.5856056213378906
3,44.7,42.651527,2.0484725952148466,2.0484725952148466
3,43.4,44.197075,-0.7970748901367202,0.7970748901367202
3,39.7,43.640408,-3.9404075622558565,3.9404075622558565
3,46.7,47.296413,-0.5964134216308565,0.5964134216308565
3,40.1,40.537403,-0.4374031066894517,0.4374031066894517
3,45.199999999999996,44.335743,0.8642570495605426,0.8642570495605426
3,11.7,12.711165,-1.0111654281616218,1.0111654281616218
3,29.8,24.597015,5.202984619140626,5.202984619140626
3,7.2,9.255834,-2.055833625793457,2.055833625793457
3,31.6,34.726345,-3.126345062255858,3.126345062255858
3,24.700000000000003,21.013998,3.686001968383792,3.686001968383792
3,14.0,13.605839,0.3941612243652344,0.3941612243652344
3,7.3,7.656928,-0.356928062438965,0.356928062438965
3,23.6,26.234415,-2.6344150543212876,2.6344150543212876
3,38.0,42.37285,-4.3728485107421875,4.3728485107421875
3,25.3,24.317999,0.9820011138916023,0.9820011138916023
3,35.0,35.146393,-0.146392822265625,0.146392822265625
3,16.9,17.77517,-0.8751693725585952,0.8751693725585952
3,33.7,34.00847,-0.30846862792968466,0.30846862792968466
3,11.4,10.71074,0.6892599105834964,0.6892599105834964
3,2.7,3.5975575,-0.8975575447082518,0.8975575447082518
3,35.7,39.698498,-3.998497772216794,3.998497772216794
3,37.9,36.88038,1.0196212768554673,1.0196212768554673
3,38.9,38.8632,0.036798858642576704,0.036798858642576704
3,39.5,40.016865,-0.5168647766113281,0.5168647766113281
3,38.6,39.915283,-1.3152832031249986,1.3152832031249986
3,39.1,39.36659,-0.26658859252929545,0.26658859252929545
3,38.9,37.362473,1.537527465820311,1.537527465820311
3,38.0,37.89942,0.10057830810546875,0.10057830810546875
3,24.700000000000003,25.78668,-1.0866802215576143,1.0866802215576143
3,16.2,11.427102,4.772897911071777,4.772897911071777
3,5.4,4.172108,1.227891826629639,1.227891826629639
3,8.6,8.787998,-0.18799819946289098,0.18799819946289098
3,21.3,25.730122,-4.430121612548827,4.430121612548827
3,24.9,26.246035,-1.3460346221923842,1.3460346221923842
3,5.6,6.3778543,-0.7778543472290043,0.7778543472290043
3,24.5,26.479492,-1.9794921875,1.9794921875
3,4.0,4.579706,-0.5797061920166016,0.5797061920166016
3,27.6,31.360796,-3.760795974731444,3.760795974731444
3,19.8,21.69486,-1.8948604583740227,1.8948604583740227
3,29.1,32.464767,-3.364767456054686,3.364767456054686
3,3.7,3.9354563,-0.23545627593994123,0.23545627593994123
3,2.4,2.11347,0.2865299224853515,0.2865299224853515
3,14.6,17.03065,-2.4306491851806644,2.4306491851806644
3,10.5,11.011278,-0.5112781524658203,0.5112781524658203
3,16.6,16.670256,-0.07025566101074077,0.07025566101074077
3,10.6,10.634757,-0.0347570419311527,0.0347570419311527
3,15.9,15.393266,0.5067342758178714,0.5067342758178714
3,15.8,18.009184,-2.2091838836669915,2.2091838836669915
3,18.8,22.643658,-3.843657684326171,3.843657684326171
3,11.6,13.44689,-1.8468898773193363,1.8468898773193363
3,17.5,17.502823,-0.0028228759765625,0.0028228759765625
3,6.2,5.784659,0.41534109115600604,0.41534109115600604
3,25.400000000000002,29.202406,-3.8024059295654276,3.8024059295654276
3,19.2,19.594507,-0.3945072174072273,0.3945072174072273
3,21.6,21.610332,-0.010332489013670454,0.010332489013670454
3,15.0,15.926665,-0.9266653060913086,0.9266653060913086
3,6.6,7.077595,-0.4775952339172367,0.4775952339172367
3,14.2,15.022066,-0.8220661163330085,0.8220661163330085
3,28.7,29.43723,-0.7372291564941413,0.7372291564941413
3,29.6,28.165924,1.4340759277343764,1.4340759277343764
3,29.1,26.380499,2.719501113891603,2.719501113891603
3,28.9,26.555054,2.3449462890624986,2.3449462890624986
3,28.3,25.67383,2.626169967651368,2.626169967651368
3,25.3,24.240864,1.0591361999511726,1.0591361999511726
3,21.1,21.67512,-0.5751194000244126,0.5751194000244126
3,22.1,24.174181,-2.074180984497069,2.074180984497069
3,10.6,13.469731,-2.8697313308715824,2.8697313308715824
3,3.7,2.9389143,0.7610857009887697,0.7610857009887697
3,8.4,9.319372,-0.9193721771240231,0.9193721771240231
3,15.1,14.337236,0.7627635955810543,0.7627635955810543
3,21.9,24.667624,-2.7676235198974624,2.7676235198974624
3,27.5,27.004303,0.495697021484375,0.495697021484375
3,25.9,24.943512,0.9564880371093736,0.9564880371093736
3,25.5,23.460293,2.0397071838378906,2.0397071838378906
3,27.1,26.98176,0.11823997497558736,0.11823997497558736
3,26.2,26.171055,0.028945159912108664,0.028945159912108664
3,26.3,24.540245,1.759754943847657,1.759754943847657
3,26.3,24.460234,1.8397663116455085,1.8397663116455085
3,26.0,25.122543,0.8774566650390625,0.8774566650390625
3,23.299999999999997,24.572205,-1.2722045898437528,1.2722045898437528
3,25.3,25.408987,-0.10898704528808523,0.10898704528808523
3,16.1,14.475865,1.6241346359252944,1.6241346359252944
3,20.7,21.186728,-0.48672752380371165,0.48672752380371165
3,12.9,13.927888,-1.027887916564941,1.027887916564941
3,22.5,24.774448,-2.2744483947753906,2.2744483947753906
3,16.5,15.937586,0.5624141693115234,0.5624141693115234
3,16.1,18.286016,-2.186016464233397,2.186016464233397
3,27.2,28.045986,-0.8459861755371101,0.8459861755371101
3,16.6,14.678867,1.9211326599121108,1.9211326599121108
3,21.2,19.901747,1.2982532501220696,1.2982532501220696
3,10.1,9.316222,0.783777809143066,0.783777809143066
3,8.2,8.285833,-0.08583335876464915,0.08583335876464915
3,9.2,9.0537405,0.1462594985961907,0.1462594985961907
3,18.3,21.74297,-3.4429695129394524,3.4429695129394524
3,21.9,21.546225,0.35377540588378764,0.35377540588378764
3,10.8,11.310253,-0.5102531433105462,0.5102531433105462
3,12.8,13.22991,-0.4299098968505852,0.4299098968505852
3,3.7,1.8974531,1.8025469303131105,1.8025469303131105
3,25.9,28.385105,-2.485105133056642,2.485105133056642
3,7.4,6.586767,0.8132328033447269,0.8132328033447269
3,17.7,10.565272,7.134727668762206,7.134727668762206
3,25.7,26.101433,-0.40143280029296946,0.40143280029296946
3,18.7,17.51393,1.1860706329345696,1.1860706329345696
3,14.2,14.656023,-0.456023025512696,0.456023025512696
3,7.5,6.3211365,1.178863525390625,1.178863525390625
3,6.8,13.108792,-6.308792304992676,6.308792304992676
3,16.1,12.849637,3.2503629684448256,3.2503629684448256
3,23.5,24.29381,-0.7938098907470703,0.7938098907470703
3,14.3,10.127411,4.172589111328126,4.172589111328126
3,28.7,30.706429,-2.006428527832032,2.006428527832032
3,28.8,25.735527,3.064472961425782,3.064472961425782
3,29.8,26.640196,3.1598041534423835,3.1598041534423835
3,29.5,28.626684,0.8733158111572266,0.8733158111572266
3,29.3,25.61081,3.6891906738281257,3.6891906738281257
3,29.4,26.704203,2.6957973480224595,2.6957973480224595
3,17.6,18.506315,-0.9063152313232408,0.9063152313232408
3,23.9,22.698656,1.2013439178466783,1.2013439178466783
3,24.2,22.82497,1.3750297546386712,1.3750297546386712
3,18.5,19.957684,-1.4576835632324219,1.4576835632324219
3,19.9,21.717634,-1.817634201049806,1.817634201049806
3,29.1,28.233816,0.8661838531494155,0.8661838531494155
3,21.4,20.271803,1.128197097778319,1.128197097778319
3,20.5,18.424446,2.0755538940429688,2.0755538940429688
3,17.5,15.202528,2.2974720001220703,2.2974720001220703
3,14.2,10.173831,4.02616901397705,4.02616901397705
3,13.5,15.326603,-1.8266029357910156,1.8266029357910156
3,15.0,15.818939,-0.818939208984375,0.818939208984375
3,15.9,16.878088,-0.9780879974365231,0.9780879974365231
3,19.2,22.080332,-2.8803318023681648,2.8803318023681648
3,5.3,5.4343457,-0.1343457221984865,0.1343457221984865
3,26.3,25.927853,0.37214736938476634,0.37214736938476634
3,26.6,25.210989,1.3890110015869155,1.3890110015869155
3,24.3,20.723536,3.576464462280274,3.576464462280274
3,27.6,26.362497,1.2375026702880874,1.2375026702880874
3,31.7,29.018604,2.681395721435546,2.681395721435546
3,28.6,25.648012,2.9519878387451186,2.9519878387451186
3,31.5,30.50574,0.9942607879638672,0.9942607879638672
3,23.8,23.951595,-0.15159530639648366,0.15159530639648366
3,23.6,23.406818,0.1931816101074233,0.1931816101074233
3,17.9,16.825863,1.0741371154785142,1.0741371154785142
3,12.000000000000002,9.381824,2.618176460266115,2.618176460266115
3,11.4,13.655906,-2.255905723571777,2.255905723571777
3,28.3,30.15487,-1.854869079589843,1.854869079589843
3,33.9,34.308304,-0.4083038330078139,0.4083038330078139
3,8.4,5.873658,2.526341819763184,2.526341819763184
3,9.2,9.887593,-0.6875932693481452,0.6875932693481452
3,39.1,41.016296,-1.9162963867187486,1.9162963867187486
3,38.0,37.763954,0.23604583740234375,0.23604583740234375
3,11.8,9.699365,2.1006353378295906,2.1006353378295906
3,24.6,23.931097,0.668902969360353,0.668902969360353
3,7.6,7.2074156,0.3925844192504879,0.3925844192504879
3,4.1,3.8569157,0.24308428764343226,0.24308428764343226
3,7.6,9.095237,-1.4952367782592777,1.4952367782592777
3,31.8,33.047775,-1.2477752685546868,1.2477752685546868
3,40.0,38.45893,1.5410690307617188,1.5410690307617188
3,40.4,35.93951,4.460489654541014,4.460489654541014
3,39.5,37.028603,2.4713973999023438,2.4713973999023438
3,39.0,36.613354,2.386646270751953,2.386646270751953
3,39.3,37.2172,2.082798767089841,2.082798767089841
3,39.9,38.1708,1.7292007446289048,1.7292007446289048
3,32.3,33.955463,-1.655463409423831,1.655463409423831
3,40.0,35.622032,4.377967834472656,4.377967834472656
3,7.9,9.319797,-1.4197965621948239,1.4197965621948239
3,12.9,12.207615,0.6923851013183597,0.6923851013183597
3,14.2,15.210554,-1.0105541229248054,1.0105541229248054
3,42.0,42.922543,-0.9225425720214844,0.9225425720214844
3,38.3,38.982693,-0.6826927185058622,0.6826927185058622
3,20.5,19.134676,1.3653240203857422,1.3653240203857422
3,4.9,5.3694687,-0.4694686889648434,0.4694686889648434
3,14.7,16.284199,-1.5841987609863288,1.5841987609863288
3,28.2,30.301796,-2.101795959472657,2.101795959472657
3,43.0,43.95514,-0.95513916015625,0.95513916015625
3,18.0,22.52816,-4.528160095214844,4.528160095214844
3,15.3,18.987213,-3.6872131347656243,3.6872131347656243
3,40.6,40.89396,-0.29395904541015483,0.29395904541015483
3,35.5,37.740387,-2.240386962890625,2.240386962890625
3,46.4,42.88488,3.51511993408203,3.51511993408203
3,45.3,44.20229,1.097710418701169,1.097710418701169
3,35.4,28.35959,7.040409469604491,7.040409469604491
3,14.9,15.540064,-0.6400638580322262,0.6400638580322262
3,25.6,23.694921,1.905078506469728,1.905078506469728
3,32.6,34.57037,-1.970369720458983,1.970369720458983
3,15.8,14.154929,1.6450708389282234,1.6450708389282234
3,46.7,45.190407,1.5095932006835966,1.5095932006835966
3,43.8,41.481174,2.3188255310058565,2.3188255310058565
3,35.8,36.077354,-0.2773544311523466,0.2773544311523466
3,1.8,2.8463387,-1.0463387489318847,1.0463387489318847
3,4.1,5.347868,-1.2478679656982425,1.2478679656982425
3,22.4,23.012442,-0.6124416351318374,0.6124416351318374
3,18.4,18.789112,-0.38911209106445455,0.38911209106445455
3,15.2,15.635027,-0.435026931762696,0.435026931762696
3,39.0,42.27222,-3.2722206115722656,3.2722206115722656
3,46.2,44.61131,1.588690948486331,1.588690948486331
3,46.1,43.308006,2.7919937133789077,2.7919937133789077
3,15.1,17.529863,-2.4298633575439457,2.4298633575439457
3,7.0,5.2742143,1.725785732269287,1.725785732269287
3,19.3,16.346685,2.9533145904541023,2.9533145904541023
3,46.2,46.81037,-0.6103713989257784,0.6103713989257784
3,26.4,23.91834,2.4816593170166,2.4816593170166
3,1.9,1.3971989,0.5028010845184325,0.5028010845184325
3,2.5,2.1006153,0.3993847370147705,0.3993847370147705
3,2.4,1.8597115,0.5402884721755981,0.5402884721755981
3,7.3,6.6758103,0.6241896629333494,0.6241896629333494
3,9.6,9.901797,-0.3017972946166996,0.3017972946166996
3,26.7,26.425072,0.27492828369140554,0.27492828369140554
3,41.0,36.56818,4.431819915771484,4.431819915771484
3,38.5,38.425537,0.074462890625,0.074462890625
3,37.1,34.256172,2.84382781982422,2.84382781982422
3,35.0,35.823235,-0.8232345581054688,0.8232345581054688
3,10.5,9.368011,1.131988525390625,1.131988525390625
3,33.5,31.355604,2.1443958282470703,2.1443958282470703
3,37.2,39.265656,-2.065655517578122,2.065655517578122
3,20.9,18.561314,2.338686370849608,2.338686370849608
3,0.8,1.308972,-0.5089720010757446,0.5089720010757446
3,17.2,16.302015,0.8979846954345696,0.8979846954345696
3,4.8,4.116984,0.6830161094665526,0.6830161094665526
3,3.5,6.227187,-2.727187156677246,2.727187156677246
3,1.4,2.0659456,-0.6659456253051759,0.6659456253051759
3,1.5000000000000002,1.6450123,-0.14501225948333718,0.14501225948333718
3,2.2,1.9326085,0.2673915147781374,0.2673915147781374
3,23.7,29.16087,-5.460869598388673,5.460869598388673
3,4.6,3.5535712,1.0464287757873532,1.0464287757873532
3,33.0,33.889065,-0.8890647888183594,0.8890647888183594
3,30.7,35.515095,-4.815094757080079,4.815094757080079
3,5.9,2.5335307,3.366469287872315,3.366469287872315
3,1.0,0.82904875,0.170951247215271,0.170951247215271
3,0.5,0.78390324,-0.28390324115753174,0.28390324115753174
3,1.4,1.1424809,0.25751914978027335,0.25751914978027335
3,3.2,2.6770005,0.5229994773864748,0.5229994773864748
3,0.8,1.3110584,-0.5110584020614624,0.5110584020614624
3,0.1,0.7109227,-0.6109227180480957,0.6109227180480957
3,1.4,1.0493119,0.35068812370300284,0.35068812370300284
3,3.9,2.6957657,1.2042342662811278,1.2042342662811278
3,1.1,1.1225971,-0.022597098350524814,0.022597098350524814
3,1.2,0.6375078,0.5624922037124633,0.5624922037124633
3,1.4,1.3486019,0.051398062705993564,0.051398062705993564
3,0.8,0.5244223,0.27557771205902104,0.27557771205902104
3,31.4,41.54465,-10.144651031494142,10.144651031494142
3,25.8,28.39996,-2.5999595642089837,2.5999595642089837
3,0.7,0.68467766,0.015322339534759477,0.015322339534759477
3,2.2,2.0621986,0.13780136108398455,0.13780136108398455
3,1.2,2.1297276,-0.9297276020050049,0.9297276020050049
3,1.1,0.8185246,0.2814754009246827,0.2814754009246827
3,10.1,10.766088,-0.6660875320434574,0.6660875320434574
3,0.1,-0.0050165523,0.10501655228435994,0.10501655228435994
3,0.3,0.5803998,-0.2803998112678528,0.2803998112678528
3,1.3,1.3248188,-0.02481884956359859,0.02481884956359859
3,11.5,15.380276,-3.8802757263183594,3.8802757263183594
3,0.2,-1.4045388,1.6045387506484985,1.6045387506484985
3,4.3,3.9363272,0.3636727809906004,0.3636727809906004
3,2.9,2.5472953,0.35270466804504386,0.35270466804504386
3,3.2,9.630574,-6.430574226379394,6.430574226379394
3,0.6,0.44248414,0.1575158596038818,0.1575158596038818
3,2.6,6.2587185,-3.658718490600586,3.658718490600586
3,0.6,1.042008,-0.4420080423355103,0.4420080423355103
3,4.6,5.184568,-0.5845679283142093,0.5845679283142093
3,1.3,1.266233,0.03376703262329106,0.03376703262329106
3,7.8,12.767576,-4.967576217651367,4.967576217651367
3,4.5,3.9967108,0.5032892227172852,0.5032892227172852
3,0.2,-0.21783194,0.41783193945884706,0.41783193945884706
3,1.7,2.0571396,-0.3571396350860596,0.3571396350860596
3,20.8,29.17913,-8.379130554199218,8.379130554199218
3,3.0000000000000004,2.9533641,0.04663586616516158,0.04663586616516158
3,0.1,-0.38577697,0.4857769668102264,0.4857769668102264
3,1.3,0.8390339,0.4609660983085633,0.4609660983085633
3,2.4,11.753829,-9.35382900238037,9.35382900238037
3,3.8,2.9764454,0.8235545635223387,0.8235545635223387
3,1.9,1.380603,0.5193970441818236,0.5193970441818236
3,0.2,2.3531659,-2.153165864944458,2.153165864944458
3,1.0,1.2801286,-0.2801285982131958,0.2801285982131958
3,0.4,0.5314087,-0.13140872716903684,0.13140872716903684
3,5.1,3.649615,1.450384950637817,1.450384950637817
3,1.4,0.9769276,0.42307242155075064,0.42307242155075064
3,0.3,-0.97687334,1.2768733382225037,1.2768733382225037
3,2.7,2.80993,-0.10993008613586408,0.10993008613586408
3,13.2,14.677719,-1.4777191162109382,1.4777191162109382
3,18.8,17.283415,1.5165851593017585,1.5165851593017585
3,1.7,0.37576434,1.3242356598377227,1.3242356598377227
3,1.2,0.8905886,0.3094114184379577,0.3094114184379577
3,5.3,0.19089323,5.109106767177582,5.109106767177582
3,5.4,8.692819,-3.2928186416625973,3.2928186416625973
3,0.6,1.4967519,-0.8967519044876099,0.8967519044876099
3,4.2,3.4060452,0.7939548015594484,0.7939548015594484
3,3.1,2.3220341,0.7779658794403077,0.7779658794403077
3,3.4,7.0357556,-3.6357556343078614,3.6357556343078614
3,3.9,3.6587229,0.2412771224975585,0.2412771224975585
3,22.8,22.125906,0.6740940093994148,0.6740940093994148
3,6.5,7.056714,-0.5567140579223633,0.5567140579223633
3,4.0,4.8146925,-0.814692497253418,0.814692497253418
3,0.6,-0.2183757,0.8183756977319717,0.8183756977319717
3,3.2,3.3199008,-0.11990075111389142,0.11990075111389142
3,1.9,3.12874,-1.2287400722503663,1.2287400722503663
3,14.7,12.967764,1.7322360992431634,1.7322360992431634
3,18.1,17.797361,0.30263862609863423,0.30263862609863423
3,1.3,0.57070553,0.7292944669723511,0.7292944669723511
3,11.2,9.448874,1.751125526428222,1.751125526428222
3,2.1,1.7282566,0.37174341678619394,0.37174341678619394
3,1.6,1.562211,0.03778896331787118,0.03778896331787118
3,28.4,26.108837,2.2911628723144517,2.2911628723144517
3,21.1,18.469202,2.630797958374025,2.630797958374025
3,0.2,-0.7174463,0.9174463272094726,0.9174463272094726
3,1.3,0.4970745,0.8029254853725434,0.8029254853725434
3,15.2,16.46032,-1.2603195190429695,1.2603195190429695
3,2.1,1.2943909,0.8056090831756593,0.8056090831756593
3,19.4,19.527843,-0.1278434753417983,0.1278434753417983
3,7.2,6.1581078,1.0418922424316408,1.0418922424316408
3,1.8,1.8173496,-0.017349553108215288,0.017349553108215288
3,1.4,1.5287368,-0.12873682975769052,0.12873682975769052
3,5.8,5.727287,0.07271318435668928,0.07271318435668928
3,5.0,3.5998197,1.4001803398132324,1.4001803398132324
3,40.9,38.402554,2.497446441650389,2.497446441650389
3,0.3,-0.08886937,0.3888693705201149,0.3888693705201149
3,10.5,11.583477,-1.0834770202636719,1.0834770202636719
3,18.5,20.173405,-1.6734046936035156,1.6734046936035156
3,44.4,42.72902,1.670980834960936,1.670980834960936
3,9.5,9.48477,0.015230178833007812,0.015230178833007812
3,11.299999999999999,9.961319,1.3386810302734364,1.3386810302734364
3,34.6,33.20339,1.3966117858886733,1.3966117858886733
3,43.4,44.232796,-0.8327957153320327,0.8327957153320327
3,4.1,4.4576383,-0.35763826370239293,0.35763826370239293
3,11.2,6.022843,5.177157115936279,5.177157115936279
3,0.5,2.5734158,-2.073415756225586,2.073415756225586
3,28.9,29.649506,-0.7495056152343764,0.7495056152343764
3,3.2,3.6315265,-0.431526470184326,0.431526470184326
3,40.3,36.012592,4.287407684326169,4.287407684326169
3,4.0,3.0819974,0.9180026054382324,0.9180026054382324
3,10.8,8.17248,2.627520370483399,2.627520370483399
3,5.7,5.5274277,0.17257232666015643,0.17257232666015643
3,44.1,46.136986,-2.0369857788085923,2.0369857788085923
3,5.9,5.7431993,0.15680065155029332,0.15680065155029332
3,19.2,15.044829,4.155170631408691,4.155170631408691
3,37.2,38.607895,-1.4078948974609347,1.4078948974609347
3,51.4,49.630642,1.7693580627441392,1.7693580627441392
3,49.8,47.654648,2.1453521728515597,2.1453521728515597
3,43.9,43.09279,0.8072113037109361,0.8072113037109361
3,13.9,13.4062605,0.4937395095825199,0.4937395095825199
3,47.6,44.370926,3.229074096679689,3.229074096679689
3,49.2,48.18905,1.010951232910159,1.010951232910159
3,49.7,46.35011,3.349890899658206,3.349890899658206
3,46.9,47.912506,-1.0125061035156264,1.0125061035156264
3,49.2,47.595394,1.6046058654785185,1.6046058654785185
3,50.5,50.090977,0.4090232849121094,0.4090232849121094
3,47.6,46.939972,0.6600280761718764,0.6600280761718764
3,48.1,44.086273,4.013726806640626,4.013726806640626
3,37.1,34.860023,2.239976501464845,2.239976501464845
3,23.9,19.062445,4.83755531311035,4.83755531311035
3,20.0,21.144882,-1.1448822021484375,1.1448822021484375
3,45.0,45.652252,-0.652252197265625,0.652252197265625
3,3.3,2.3679187,0.9320812702178953,0.9320812702178953
3,4.9,5.480114,-0.5801139831542965,0.5801139831542965
3,4.7,5.64811,-0.9481099128723143,0.9481099128723143
3,20.7,24.061728,-3.3617275238037116,3.3617275238037116
3,46.8,47.250385,-0.45038528442383097,0.45038528442383097
3,37.0,38.52861,-1.5286102294921875,1.5286102294921875
3,36.9,39.839806,-2.939805603027345,2.939805603027345
3,46.599999999999994,49.130436,-2.5304359436035213,2.5304359436035213
3,44.7,45.843834,-1.143833923339841,1.143833923339841
3,44.50000000000001,46.56389,-2.0638885498046804,2.0638885498046804
3,42.9,46.373123,-3.473123168945314,3.473123168945314
3,44.0,46.0463,-2.0462989807128906,2.0462989807128906
3,45.199999999999996,46.720882,-1.5208824157714886,1.5208824157714886
3,40.8,41.878178,-1.0781776428222685,1.0781776428222685
3,19.1,16.42208,2.6779209136962905,2.6779209136962905
3,6.3,5.889275,0.41072492599487287,0.41072492599487287
3,2.6,2.9498951,-0.34989514350891104,0.34989514350891104
3,1.6,1.9458114,-0.34581139087676993,0.34581139087676993
3,6.4,6.498907,-0.09890708923339808,0.09890708923339808
3,14.3,15.817,-1.5170003890991204,1.5170003890991204
3,35.1,36.95506,-1.8550590515136705,1.8550590515136705
3,1.8,1.160868,0.6391319513320923,0.6391319513320923
3,17.9,20.801123,-2.901122665405275,2.901122665405275
3,3.0000000000000004,2.7417133,0.25828671455383345,0.25828671455383345
3,3.3,3.4964776,-0.1964776039123537,0.1964776039123537
3,27.4,30.61776,-3.217759704589845,3.217759704589845
3,25.0,23.982536,1.0174636840820312,1.0174636840820312
3,39.7,43.947975,-4.247975158691403,4.247975158691403
3,32.4,33.183475,-0.783475494384767,0.783475494384767
3,35.6,37.229275,-1.629274749755858,1.629274749755858
3,24.9,25.956537,-1.056537246704103,1.056537246704103
3,33.8,36.4332,-2.6332008361816435,2.6332008361816435
3,39.2,39.655373,-0.4553726196289034,0.4553726196289034
3,41.3,40.01136,1.288639831542966,1.288639831542966
3,40.7,40.292824,0.4071762084960966,0.4071762084960966
3,37.5,37.536613,-0.03661346435546875,0.03661346435546875
3,39.9,39.496395,0.4036048889160142,0.4036048889160142
3,38.0,37.417416,0.5825843811035156,0.5825843811035156
3,38.7,37.690025,1.009974670410159,1.009974670410159
3,16.6,15.372382,1.2276178359985366,1.2276178359985366
3,2.9,1.8955429,1.004457139968872,1.004457139968872
3,14.4,19.343065,-4.94306526184082,4.94306526184082
3,21.0,23.791529,-2.7915287017822266,2.7915287017822266
3,19.6,17.420738,2.1792617797851577,2.1792617797851577
3,36.8,37.11963,-0.31962890625000284,0.31962890625000284
3,23.8,22.57085,1.2291496276855476,1.2291496276855476
3,22.4,23.928633,-1.528632736206056,1.528632736206056
3,19.9,22.607449,-2.707448577880861,2.707448577880861
3,33.0,35.318512,-2.318511962890625,2.318511962890625
3,32.0,31.900038,0.09996223449707031,0.09996223449707031
3,22.3,23.671455,-1.3714553833007805,1.3714553833007805
3,4.2,4.3698306,-0.16983060836791974,0.16983060836791974
3,29.8,29.867044,-0.06704444885253835,0.06704444885253835
3,33.2,33.599575,-0.39957504272460653,0.39957504272460653
3,33.5,32.371048,1.1289520263671875,1.1289520263671875
3,32.1,30.98178,1.1182209014892592,1.1182209014892592
3,25.1,27.162218,-2.062218093872069,2.062218093872069
3,30.0,29.84154,0.1584606170654297,0.1584606170654297
3,17.4,17.28774,0.11225929260253764,0.11225929260253764
3,26.5,24.276129,2.2238712310791016,2.2238712310791016
3,31.3,32.560062,-1.260062408447265,1.260062408447265
3,31.5,32.659504,-1.1595039367675781,1.1595039367675781
3,17.8,17.063002,0.736998367309571,0.736998367309571
3,30.4,29.613907,0.7860931396484361,0.7860931396484361
3,29.8,28.532845,1.2671554565429695,1.2671554565429695
3,26.3,25.85822,0.4417808532714851,0.4417808532714851
3,21.7,19.280909,2.4190914154052727,2.4190914154052727
3,30.3,27.030575,3.2694252014160163,3.2694252014160163
3,22.0,27.744986,-5.744985580444336,5.744985580444336
3,15.4,15.427234,-0.027233695983886363,0.027233695983886363
3,21.5,23.622204,-2.122203826904297,2.122203826904297
3,21.3,21.70033,-0.400330734252929,0.400330734252929
3,13.5,12.592099,0.9079008102416992,0.9079008102416992
3,15.0,15.189778,-0.18977832794189453,0.18977832794189453
3,24.000000000000004,24.81988,-0.819879531860348,0.819879531860348
3,25.9,26.833147,-0.9331470489501967,0.9331470489501967
3,29.7,26.570513,3.129487228393554,3.129487228393554
3,23.0,22.333523,0.6664772033691406,0.6664772033691406
3,22.1,23.996708,-1.8967079162597642,1.8967079162597642
3,21.5,19.647936,1.8520641326904297,1.8520641326904297
3,13.9,15.171478,-1.2714782714843746,1.2714782714843746
3,19.9,19.557627,0.3423732757568345,0.3423732757568345
3,17.8,19.66626,-1.8662597656249993,1.8662597656249993
3,16.0,17.506218,-1.5062179565429688,1.5062179565429688
4,0.5,14.549013,-14.049013137817383,14.049013137817383
4,19.6,16.152061,3.4479385375976577,3.4479385375976577
4,1.1,-0.5259131,1.6259131193161012,1.6259131193161012
4,5.9,4.3347707,1.5652293205261234,1.5652293205261234
4,0.1,-0.2992813,0.3992812991142273,0.3992812991142273
4,0.4,-1.8955669,2.295566940307617,2.295566940307617
4,1.0,2.5661516,-1.5661516189575195,1.5661516189575195
4,9.2,6.9158587,2.284141254425048,2.284141254425048
4,5.5,4.1298275,1.3701725006103516,1.3701725006103516
4,0.4,-0.020188915,0.42018891461193564,0.42018891461193564
4,0.9,0.55133575,0.34866424798965456,0.34866424798965456
4,0.8,-0.2750309,1.0750309109687806,1.0750309109687806
4,6.5,0.2732272,6.226772785186768,6.226772785186768
4,3.9,3.7118046,0.18819537162780753,0.18819537162780753
4,20.2,18.356165,1.8438350677490227,1.8438350677490227
4,14.6,10.092953,4.507047271728515,4.507047271728515
4,11.5,5.5249777,5.975022315979004,5.975022315979004
4,41.3,41.819836,-0.5198356628417997,0.5198356628417997
4,1.4,1.2453686,0.1546314001083373,0.1546314001083373
4,21.3,19.809967,1.4900329589843757,1.4900329589843757
4,1.7,2.0269887,-0.3269887447357178,0.3269887447357178
4,2.7,2.9642198,-0.26421980857849103,0.26421980857849103
4,0.8,0.48906928,0.3109307169914246,0.3109307169914246
4,2.8,3.4956095,-0.6956095218658449,0.6956095218658449
4,2.8,2.905684,-0.10568399429321307,0.10568399429321307
4,4.0,3.8209112,0.17908883094787598,0.17908883094787598
4,1.1,1.3037063,-0.20370628833770743,0.20370628833770743
4,21.5,27.12145,-5.621450424194336,5.621450424194336
4,3.7,3.5264678,0.17353219985961932,0.17353219985961932
4,18.2,23.915802,-5.715802001953126,5.715802001953126
4,1.0,0.93510485,0.0648951530456543,0.0648951530456543
4,14.6,18.71452,-4.114519500732422,4.114519500732422
4,1.8,1.8255355,-0.025535535812377885,0.025535535812377885
4,37.4,42.97118,-5.5711799621582045,5.5711799621582045
4,42.9,42.914173,-0.014173126220704546,0.014173126220704546
4,41.5,43.145565,-1.6455650329589844,1.6455650329589844
4,1.4,2.2895322,-0.8895321846008302,0.8895321846008302
4,21.6,17.779049,3.820951080322267,3.820951080322267
4,7.4,4.1687036,3.2312964439392093,3.2312964439392093
4,1.4,1.729654,-0.3296539545059205,0.3296539545059205
4,10.2,10.036643,0.16335697174072195,0.16335697174072195
4,15.9,16.25368,-0.35367927551269496,0.35367927551269496
4,48.8,47.267284,1.5327156066894503,1.5327156066894503
4,49.7,45.987083,3.712916564941409,3.712916564941409
4,49.0,44.450485,4.5495147705078125,4.5495147705078125
4,50.0,48.377983,1.6220169067382812,1.6220169067382812
4,51.3,48.99303,2.306969451904294,2.306969451904294
4,50.5,46.802406,3.6975936889648438,3.6975936889648438
4,3.5,2.9288008,0.5711991786956787,0.5711991786956787
4,36.3,30.556536,5.743464279174802,5.743464279174802
4,38.0,34.522602,3.477397918701172,3.477397918701172
4,11.7,11.045628,0.6543724060058587,0.6543724060058587
4,43.5,40.039806,3.460193634033203,3.460193634033203
4,53.9,52.64354,1.256460571289061,1.256460571289061
4,52.3,49.939888,2.360111999511716,2.360111999511716
4,49.400000000000006,50.14776,-0.7477584838867131,0.7477584838867131
4,51.9,52.66454,-0.7645393371582045,0.7645393371582045
4,45.5,45.600388,-0.1003875732421875,0.1003875732421875
4,2.5,0.77745485,1.7225451469421387,1.7225451469421387
4,8.1,7.835355,0.26464519500732386,0.26464519500732386
4,4.7,3.5243452,1.1756548404693605,1.1756548404693605
4,13.8,13.816323,-0.016323280334471946,0.016323280334471946
4,4.1,3.465123,0.6348770618438717,0.6348770618438717
4,23.8,24.125826,-0.3258258819580071,0.3258258819580071
4,24.5,26.483175,-1.983175277709961,1.983175277709961
4,26.6,27.306067,-0.706066513061522,0.706066513061522
4,3.2,3.3950481,-0.195048141479492,0.195048141479492
4,26.2,32.361,-6.161000061035157,6.161000061035157
4,24.5,27.513453,-3.0134525299072266,3.0134525299072266
4,28.1,26.745815,1.354184722900392,1.354184722900392
4,27.1,28.511421,-1.4114212036132798,1.4114212036132798
4,1.7,1.9326452,-0.23264520168304448,0.23264520168304448
4,1.1,1.4741365,-0.37413647174835196,0.37413647174835196
4,29.0,31.125309,-2.1253089904785156,2.1253089904785156
4,13.2,12.550297,0.6497032165527337,0.6497032165527337
4,16.4,15.90052,0.49947967529296733,0.49947967529296733
4,40.4,40.99601,-0.5960098266601577,0.5960098266601577
4,50.800000000000004,48.46683,2.3331687927246136,2.3331687927246136
4,51.0,48.986794,2.0132064819335938,2.0132064819335938
4,46.9,47.783825,-0.8838249206542983,0.8838249206542983
4,48.00000000000001,46.554626,1.445373535156257,1.445373535156257
4,42.7,42.71149,-0.011490631103512783,0.011490631103512783
4,27.1,28.963182,-1.863182449340819,1.863182449340819
4,28.6,25.028364,3.5716358184814467,3.5716358184814467
4,40.0,39.78886,0.21113967895507812,0.21113967895507812
4,47.7,47.15994,0.5400611877441435,0.5400611877441435
4,47.5,47.18383,0.31616973876953125,0.31616973876953125
4,46.1,45.687256,0.4127441406250014,0.4127441406250014
4,45.1,45.888943,-0.788942718505858,0.788942718505858
4,44.0,46.520306,-2.520305633544922,2.520305633544922
4,31.8,27.227867,4.572132873535157,4.572132873535157
4,0.9,-1.0300785,1.9300785303115844,1.9300785303115844
4,2.7,2.7134826,-0.013482618331909002,0.013482618331909002
4,9.2,9.206123,-0.0061233520507819605,0.0061233520507819605
4,27.1,29.013689,-1.913689041137694,1.913689041137694
4,14.4,16.340145,-1.940145111083984,1.940145111083984
4,10.5,9.903393,0.5966072082519531,0.5966072082519531
4,2.8,4.1254506,-1.3254506111145021,1.3254506111145021
4,6.6,6.469354,0.13064584732055629,0.13064584732055629
4,45.7,46.92216,-1.222161102294919,1.222161102294919
4,40.0,37.14137,2.858631134033203,2.858631134033203
4,12.1,12.958346,-0.8583463668823246,0.8583463668823246
4,10.0,9.227052,0.7729482650756836,0.7729482650756836
4,41.4,43.819824,-2.4198242187500014,2.4198242187500014
4,22.599999999999998,23.299652,-0.6996520996093771,0.6996520996093771
4,30.5,28.309748,2.1902523040771484,2.1902523040771484
4,40.7,37.203823,3.4961769104003935,3.4961769104003935
4,40.1,38.69712,1.4028793334960952,1.4028793334960952
4,40.0,39.104446,0.8955535888671875,0.8955535888671875
4,39.7,37.298492,2.401507568359378,2.401507568359378
4,38.1,35.405746,2.694253540039064,2.694253540039064
4,28.3,26.139305,2.160694885253907,2.160694885253907
4,27.5,31.10413,-3.6041297912597656,3.6041297912597656
4,24.5,22.446495,2.0535049438476562,2.0535049438476562
4,10.0,9.028087,0.9719133377075195,0.9719133377075195
4,8.7,8.095557,0.6044427871704094,0.6044427871704094
4,25.5,25.232466,0.2675342559814453,0.2675342559814453
4,22.7,21.329716,1.3702842712402337,1.3702842712402337
4,17.0,16.68297,0.3170299530029297,0.3170299530029297
4,37.4,36.58458,0.8154205322265611,0.8154205322265611
4,18.5,17.439196,1.0608043670654297,1.0608043670654297
4,17.8,15.993498,1.8065021514892585,1.8065021514892585
4,4.6,5.1583405,-0.5583404541015629,0.5583404541015629
4,18.9,23.078026,-4.178025817871095,4.178025817871095
4,21.4,18.890055,2.5099452972412095,2.5099452972412095
4,36.6,35.622963,0.9770370483398452,0.9770370483398452
4,5.3,5.58834,-0.2883398056030275,0.2883398056030275
4,6.8,5.6636558,1.136344242095947,1.136344242095947
4,20.4,20.336956,0.0630439758300767,0.0630439758300767
4,15.8,16.619678,-0.8196784973144524,0.8196784973144524
4,26.6,29.740004,-3.1400035858154283,3.1400035858154283
4,35.1,35.875515,-0.775514984130858,0.775514984130858
4,34.7,33.5833,1.1166984558105497,1.1166984558105497
4,34.4,32.144794,2.2552055358886705,2.2552055358886705
4,30.9,27.88222,3.0177806854248033,3.0177806854248033
4,27.4,26.821787,0.5782131195068345,0.5782131195068345
4,24.700000000000003,26.28891,-1.5889099121093722,1.5889099121093722
4,13.7,15.0720215,-1.3720214843750007,1.3720214843750007
4,16.4,18.96854,-2.568540191650392,2.568540191650392
4,3.6,2.5044103,1.0955897331237794,1.0955897331237794
4,29.7,30.019388,-0.3193881988525398,0.3193881988525398
4,31.7,30.93864,0.7613594055175774,0.7613594055175774
4,23.5,18.663343,4.83665657043457,4.83665657043457
4,24.6,22.650795,1.9492050170898452,1.9492050170898452
4,27.1,25.47669,1.623309707641603,1.623309707641603
4,10.5,14.059434,-3.559433937072754,3.559433937072754
4,22.4,23.031647,-0.6316467285156264,0.6316467285156264
4,22.7,24.052523,-1.3525226593017585,1.3525226593017585
4,24.2,27.091385,-2.891384887695313,2.891384887695313
4,26.9,26.829906,0.0700935363769517,0.0700935363769517
4,28.2,30.139204,-1.9392040252685554,1.9392040252685554
4,27.8,27.874763,-0.07476348876953054,0.07476348876953054
4,15.9,18.73001,-2.830009078979492,2.830009078979492
4,28.4,28.495396,-0.09539566040039205,0.09539566040039205
4,26.5,26.170712,0.3292884826660156,0.3292884826660156
4,7.4,9.157735,-1.7577348709106442,1.7577348709106442
4,24.6,22.44719,2.152810668945314,2.152810668945314
4,28.5,28.577774,-0.0777740478515625,0.0777740478515625
4,15.5,15.983013,-0.4830131530761719,0.4830131530761719
4,7.2,7.0059347,0.19406528472900408,0.19406528472900408
4,12.000000000000002,13.067081,-1.0670814514160138,1.0670814514160138
4,19.1,21.676996,-2.5769962310791,2.5769962310791
4,26.8,26.977297,-0.1772968292236321,0.1772968292236321
4,9.0,9.102005,-0.1020050048828125,0.1020050048828125
4,24.000000000000004,25.177824,-1.1778240203857386,1.1778240203857386
4,15.8,20.166136,-4.3661357879638665,4.3661357879638665
4,24.8,28.780706,-3.9807064056396477,3.9807064056396477
4,25.3,23.082315,2.2176845550537116,2.2176845550537116
4,26.2,26.15896,0.04103965759277273,0.04103965759277273
4,16.1,14.18329,1.916710472106935,1.916710472106935
4,23.5,21.57084,1.929159164428711,1.929159164428711
4,7.9,6.5106416,1.3893584251403812,1.3893584251403812
4,26.2,28.081415,-1.8814151763916023,1.8814151763916023
4,26.0,25.983711,0.01628875732421875,0.01628875732421875
4,25.7,25.078426,0.6215736389160149,0.6215736389160149
4,26.6,27.405233,-0.8052333831787095,0.8052333831787095
4,26.8,25.570486,1.2295139312744148,1.2295139312744148
4,26.5,26.560326,-0.06032562255859375,0.06032562255859375
4,26.3,25.120943,1.179056930541993,1.179056930541993
4,26.2,25.370253,0.8297473907470696,0.8297473907470696
4,27.8,25.657192,2.1428077697753913,2.1428077697753913
4,27.8,26.093985,1.7060153961181648,1.7060153961181648
4,29.0,28.062464,0.9375362396240234,0.9375362396240234
4,27.6,25.179525,2.4204746246337905,2.4204746246337905
4,27.1,23.972057,3.1279426574707045,3.1279426574707045
4,25.400000000000002,22.050198,3.3498023986816428,3.3498023986816428
4,18.5,13.860328,4.63967227935791,4.63967227935791
4,23.4,22.69127,0.7087291717529283,0.7087291717529283
4,28.9,28.870195,0.029804611206053266,0.029804611206053266
4,28.7,28.373884,0.3261157989501946,0.3261157989501946
4,14.7,11.958478,2.741522026062011,2.741522026062011
4,20.3,21.526918,-1.226918411254882,1.226918411254882
4,22.8,22.285799,0.5142009735107429,0.5142009735107429
4,14.2,12.083045,2.1169549942016594,2.1169549942016594
4,26.3,26.053349,0.24665145874023509,0.24665145874023509
4,30.5,30.489697,0.010303497314453125,0.010303497314453125
4,30.4,29.611084,0.7889160156249986,0.7889160156249986
4,26.4,24.035326,2.3646739959716783,2.3646739959716783
4,19.0,19.576157,-0.5761566162109375,0.5761566162109375
4,25.1,25.789679,-0.689678573608397,0.689678573608397
4,23.1,25.575533,-2.4755329132080064,2.4755329132080064
4,27.3,29.698353,-2.3983528137207024,2.3983528137207024
4,28.9,31.665379,-2.765378570556642,2.765378570556642
4,29.5,31.948952,-2.4489517211914062,2.4489517211914062
4,29.9,30.61436,-0.7143608093261733,0.7143608093261733
4,28.7,27.712435,0.9875652313232415,0.9875652313232415
4,17.9,14.545536,3.354463958740233,3.354463958740233
4,5.7,4.4621167,1.2378832817077638,1.2378832817077638
4,31.1,35.46156,-4.3615592956542955,4.3615592956542955
4,22.0,22.50184,-0.5018405914306641,0.5018405914306641
4,24.6,23.65155,0.9484497070312514,0.9484497070312514
4,32.0,34.23441,-2.2344093322753906,2.2344093322753906
4,27.6,28.166338,-0.5663379669189439,0.5663379669189439
4,25.6,29.282562,-3.6825622558593736,3.6825622558593736
4,33.1,35.39296,-2.292959594726561,2.292959594726561
4,23.5,24.794844,-1.2948436737060547,1.2948436737060547
4,29.0,30.517391,-1.5173912048339844,1.5173912048339844
4,4.4,6.0371056,-1.637105560302734,1.637105560302734
4,33.0,37.763664,-4.763664245605469,4.763664245605469
4,25.3,24.671339,0.628660964965821,0.628660964965821
4,32.8,32.158356,0.6416442871093722,0.6416442871093722
4,24.8,24.418224,0.38177566528320384,0.38177566528320384
4,26.3,27.809875,-1.5098754882812493,1.5098754882812493
4,30.4,30.816,-0.41599998474121236,0.41599998474121236
4,28.0,28.425423,-0.42542266845703125,0.42542266845703125
4,18.0,18.555277,-0.5552768707275391,0.5552768707275391
4,34.4,34.86939,-0.46938858032226705,0.46938858032226705
4,9.0,8.917405,0.0825948715209961,0.0825948715209961
4,26.7,28.065454,-1.3654544830322273,1.3654544830322273
4,25.1,23.420141,1.679858779907228,1.679858779907228
4,3.5,0.84897506,2.6510249376296997,2.6510249376296997
4,39.3,42.257076,-2.957076263427737,2.957076263427737
4,38.7,41.203743,-2.5037429809570284,2.5037429809570284
4,38.7,40.47982,-1.779820251464841,1.779820251464841
4,38.5,38.293568,0.20643234252929688,0.20643234252929688
4,38.7,39.937233,-1.2372329711914034,1.2372329711914034
4,37.7,40.126728,-2.4267280578613253,2.4267280578613253
4,38.3,39.779743,-1.479743194580081,1.479743194580081
4,29.2,25.846605,3.353394699096679,3.353394699096679
4,24.8,22.842716,1.957283782958985,1.957283782958985
4,39.1,41.791527,-2.6915267944335923,2.6915267944335923
4,39.8,40.35166,-0.5516616821289091,0.5516616821289091
4,27.6,28.161957,-0.5619567871093736,0.5619567871093736
4,38.9,39.42494,-0.5249382019042983,0.5249382019042983
4,41.6,44.674667,-3.074667358398436,3.074667358398436
4,42.6,43.575947,-0.9759468078613267,0.9759468078613267
4,22.2,25.598131,-3.398131179809571,3.398131179809571
4,35.7,34.31084,1.3891593933105497,1.3891593933105497
4,20.9,19.394575,1.505424880981444,1.505424880981444
4,5.1,5.2787337,-0.17873373031616246,0.17873373031616246
4,18.1,22.00174,-3.9017395019531236,3.9017395019531236
4,40.0,45.103542,-5.103542327880859,5.103542327880859
4,24.9,24.656261,0.2437385559082017,0.2437385559082017
4,39.1,38.256298,0.8437019348144545,0.8437019348144545
4,38.9,40.145073,-1.2450729370117202,1.2450729370117202
4,40.1,41.327362,-1.2273620605468736,1.2273620605468736
4,44.3,44.41103,-0.11102981567383097,0.11102981567383097
4,36.3,35.81491,0.48508911132812216,0.48508911132812216
4,18.4,16.324036,2.0759643554687486,2.0759643554687486
4,48.00000000000001,47.02833,0.9716682434082102,0.9716682434082102
4,48.6,48.35392,0.24608001708984517,0.24608001708984517
4,48.4,49.093067,-0.6930671691894545,0.6930671691894545
4,48.1,48.202137,-0.1021369934082017,0.1021369934082017
4,22.1,19.998165,2.101834869384767,2.101834869384767
4,19.3,15.690113,3.6098869323730476,3.6098869323730476
4,9.3,8.537383,0.7626169204711921,0.7626169204711921
4,7.9,6.583433,1.3165668487548832,1.3165668487548832
4,4.6,3.6598558,0.9401441574096676,0.9401441574096676
4,3.1,2.9667015,0.1332984924316407,0.1332984924316407
4,13.2,14.46725,-1.2672498703002937,1.2672498703002937
4,30.5,29.668434,0.8315658569335938,0.8315658569335938
4,19.5,16.609074,2.8909263610839844,2.8909263610839844
4,14.7,16.474342,-1.774342346191407,1.774342346191407
4,8.8,9.913816,-1.1138164520263665,1.1138164520263665
4,31.2,31.562088,-0.3620880126953132,0.3620880126953132
4,8.5,8.943243,-0.44324302673339844,0.44324302673339844
4,4.1,3.2717953,0.8282047271728512,0.8282047271728512
4,2.9,2.9958875,-0.09588751792907724,0.09588751792907724
4,10.7,11.616167,-0.916167068481446,0.916167068481446
4,3.4,3.6227157,-0.22271571159362802,0.22271571159362802
4,6.7,5.504614,1.1953861236572267,1.1953861236572267
4,16.5,12.619459,3.8805408477783203,3.8805408477783203
4,39.8,40.040005,-0.24000473022461222,0.24000473022461222
4,22.0,20.131235,1.868764877319336,1.868764877319336
4,28.9,27.322124,1.5778755187988267,1.5778755187988267
4,46.9,47.805607,-0.905606842041017,0.905606842041017
4,4.4,2.9833825,1.4166175365448002,1.4166175365448002
4,41.8,37.50511,4.29488830566406,4.29488830566406
4,13.2,14.148876,-0.9488761901855476,0.9488761901855476
4,7.2,6.5379925,0.662007522583008,0.662007522583008
4,2.1,2.7843866,-0.6843866348266601,0.6843866348266601
4,15.4,18.615858,-3.2158580780029293,3.2158580780029293
4,1.7,1.6524583,0.047541689872741655,0.047541689872741655
4,3.8,3.6388972,0.16110281944274885,0.16110281944274885
4,4.8,2.8395338,1.9604661941528319,1.9604661941528319
4,29.5,31.219131,-1.7191314697265625,1.7191314697265625
4,31.5,31.978092,-0.4780921936035156,0.4780921936035156
4,45.7,47.23689,-1.536888885498044,1.536888885498044
4,11.9,12.265485,-0.3654848098754879,0.3654848098754879
4,2.0,1.4406307,0.5593693256378174,0.5593693256378174
4,1.5000000000000002,1.3871881,0.1128119230270388,0.1128119230270388
4,6.000000000000001,5.4250393,0.574960708618165,0.574960708618165
4,22.2,24.52235,-2.3223503112792976,2.3223503112792976
4,1.3,0.31834096,0.9816590428352356,0.9816590428352356
4,16.5,18.483198,-1.9831981658935547,1.9831981658935547
4,5.2,4.380164,0.8198358535766603,0.8198358535766603
4,3.3,12.012322,-8.712322425842284,8.712322425842284
4,18.9,17.195923,1.7040771484374986,1.7040771484374986
4,8.5,4.4597306,4.040269374847412,4.040269374847412
4,3.5,1.9169502,1.5830497741699219,1.5830497741699219
4,1.8,1.3395864,0.4604136228561402,0.4604136228561402
4,17.5,18.71047,-1.210470199584961,1.210470199584961
4,2.7,2.143793,0.5562068939208986,0.5562068939208986
4,1.4,1.664575,-0.2645749807357789,0.2645749807357789
4,14.7,12.975834,1.7241661071777337,1.7241661071777337
4,6.9,4.579706,2.320293807983399,2.320293807983399
4,15.5,13.147444,2.3525562286376953,2.3525562286376953
4,7.6,5.9964385,1.6035614967346188,1.6035614967346188
4,29.6,28.123241,1.4767585754394545,1.4767585754394545
4,0.9,-0.64194787,1.541947865486145,1.541947865486145
4,3.7,2.064372,1.6356279373168947,1.6356279373168947
4,2.4,2.0690088,0.33099117279052725,0.33099117279052725
4,1.2,1.1940928,0.005907249450683549,0.005907249450683549
4,6.9,7.4403915,-0.5403915405273434,0.5403915405273434
4,11.8,11.483242,0.31675796508789134,0.31675796508789134
4,4.2,4.531044,-0.3310440063476561,0.3310440063476561
4,14.6,14.18301,0.41698989868164027,0.41698989868164027
4,4.1,3.131354,0.9686459064483639,0.9686459064483639
4,20.6,14.072145,6.527854537963869,6.527854537963869
4,14.2,12.084743,2.1152574539184563,2.1152574539184563
4,3.6,3.2882936,0.31170639991760263,0.31170639991760263
4,1.3,1.2325892,0.06741075515747075,0.06741075515747075
4,39.2,38.743885,0.4561149597167997,0.4561149597167997
4,3.6,3.1051743,0.4948256969451905,0.4948256969451905
4,43.7,38.75331,4.94668884277344,4.94668884277344
4,43.7,44.852028,-1.1520278930664034,1.1520278930664034
4,41.6,42.773018,-1.1730178833007798,1.1730178833007798
4,21.5,23.081474,-1.5814743041992188,1.5814743041992188
4,26.0,23.416317,2.5836830139160156,2.5836830139160156
4,3.0000000000000004,3.1528378,-0.152837753295898,0.152837753295898
4,1.4,1.145662,0.25433804988861075,0.25433804988861075
4,2.2,2.0081823,0.19181771278381365,0.19181771278381365
4,39.4,43.070534,-3.6705337524414077,3.6705337524414077
4,0.7,0.30973673,0.39026327133178706,0.39026327133178706
4,9.9,8.924676,0.9753240585327152,0.9753240585327152
4,4.3,3.306037,0.993963050842285,0.993963050842285
4,13.9,12.736543,1.163457298278809,1.163457298278809
4,0.4,0.3489411,0.0510589122772217,0.0510589122772217
4,18.3,15.681453,2.6185472488403327,2.6185472488403327
4,9.9,9.590456,0.30954399108886754,0.30954399108886754
4,11.4,13.506549,-2.1065488815307614,2.1065488815307614
4,2.0,1.1220273,0.8779727220535278,0.8779727220535278
4,0.3,-0.23471506,0.5347150593996048,0.5347150593996048
4,20.7,28.010452,-7.310452270507813,7.310452270507813
4,1.2,0.567322,0.6326779842376709,0.6326779842376709
4,3.0000000000000004,3.19023,-0.19022989273071245,0.19022989273071245
4,12.1,5.2257833,6.8742166519165036,6.8742166519165036
4,7.9,14.015105,-6.115105247497558,6.115105247497558
4,6.3,6.8587074,-0.5587074279785158,0.5587074279785158
4,2.9,3.4412975,-0.5412975311279298,0.5412975311279298
4,29.1,32.978798,-3.878797912597655,3.878797912597655
4,7.1,3.9483967,3.151603317260742,3.151603317260742
4,2.3,2.5518527,-0.2518527030944826,0.2518527030944826
4,25.6,28.389677,-2.7896770477294908,2.7896770477294908
4,0.3,0.58615756,-0.28615756034851075,0.28615756034851075
4,1.2,0.83261245,0.3673875451087951,0.3673875451087951
4,5.6,4.332432,1.267568206787109,1.267568206787109
4,21.5,20.209053,1.2909469604492188,1.2909469604492188
4,3.5,3.7991347,-0.2991347312927246,0.2991347312927246
4,20.2,18.746243,1.45375747680664,1.45375747680664
4,4.6,2.8806553,1.7193447113037106,1.7193447113037106
4,1.7,1.0069767,0.6930232763290405,0.6930232763290405
4,3.8,4.6964736,-0.8964735984802248,0.8964735984802248
4,2.7,1.9358063,0.7641937255859377,0.7641937255859377
4,18.4,19.818924,-1.418923950195314,1.418923950195314
4,16.2,14.299937,1.9000627517700188,1.9000627517700188
4,14.5,12.511393,1.988607406616211,1.988607406616211
4,5.3,4.579706,0.7202938079833983,0.7202938079833983
4,44.3,47.501854,-3.2018539428710966,3.2018539428710966
4,41.70000000000001,38.8264,2.8735992431640724,2.8735992431640724
4,1.9,1.5417322,0.35826780796051017,0.35826780796051017
4,9.0,6.9976325,2.0023674964904785,2.0023674964904785
4,6.3,4.418202,1.8817980766296385,1.8817980766296385
4,49.7,49.951668,-0.2516677856445284,0.2516677856445284
4,44.4,40.959724,3.4402755737304673,3.4402755737304673
4,0.8,3.1907816,-2.390781593322754,2.390781593322754
4,3.1,2.9778924,0.12210760116577157,0.12210760116577157
4,28.9,36.994354,-8.094354248046876,8.094354248046876
4,13.4,22.854914,-9.454913711547851,9.454913711547851
4,17.7,20.018387,-2.318386840820313,2.318386840820313
4,1.4,2.1129942,-0.7129941940307618,0.7129941940307618
4,4.7,11.321587,-6.621586608886719,6.621586608886719
4,1.2,6.7555485,-5.555548477172851,5.555548477172851
4,2.3,21.853521,-19.553521347045898,19.553521347045898
4,0.5,0.7333529,-0.2333528995513916,0.2333528995513916
4,0.4,0.15097469,0.24902530908584597,0.24902530908584597
4,0.1,-0.6934044,0.7934043765068054,0.7934043765068054
4,1.7,0.419937,1.280062985420227,1.280062985420227
4,3.1,5.2793746,-2.179374599456787,2.179374599456787
4,3.1,2.6953866,0.4046133518218995,0.4046133518218995
4,4.4,1.8402728,2.559727215766907,2.559727215766907
4,3.9,2.0433273,1.8566726684570312,1.8566726684570312
4,2.8,1.8579624,0.9420376300811766,0.9420376300811766
4,3.4,3.676173,-0.27617297172546396,0.27617297172546396
4,2.8,2.5455663,0.2544336795806883,0.2544336795806883
4,3.2,1.921139,1.2788609981536867,1.2788609981536867
4,0.5,0.7067855,-0.20678550004959106,0.20678550004959106
4,1.5000000000000002,2.393944,-0.8939440250396726,0.8939440250396726
4,7.1,8.258912,-1.1589120864868168,1.1589120864868168
4,3.0000000000000004,1.774744,1.2252559661865239,1.2252559661865239
4,0.1,0.060822643,0.039177356660366064,0.039177356660366064
4,2.6,3.0710955,-0.47109546661376944,0.47109546661376944
4,5.3,5.4761224,-0.1761223793029787,0.1761223793029787
4,3.7,3.0472107,0.6527893066406252,0.6527893066406252
4,6.8,6.8299265,-0.029926490783691584,0.029926490783691584
4,7.1,7.3171644,-0.21716442108154332,0.21716442108154332
4,0.6,1.0918163,-0.4918163061141968,0.4918163061141968
4,5.7,3.1515536,2.5484463691711428,2.5484463691711428
4,0.6,-0.36818117,0.9681811690330505,0.9681811690330505
4,3.0000000000000004,3.5240898,-0.5240898132324214,0.5240898132324214
4,0.3,1.098873,-0.7988730192184448,0.7988730192184448
4,8.3,8.74333,-0.443330001831054,0.443330001831054
4,2.2,2.9785326,-0.778532552719116,0.778532552719116
4,4.8,5.3073096,-0.5073096275329592,0.5073096275329592
4,0.5,1.8348162,-1.3348162174224854,1.3348162174224854
4,3.4,3.3983476,0.0016523838043212002,0.0016523838043212002
4,3.6,1.1942247,2.405775284767151,2.405775284767151
4,0.2,1.7310551,-1.5310551404953003,1.5310551404953003
4,0.1,0.059379272,0.04062072783708573,0.04062072783708573
4,2.4,2.6123633,-0.21236333847045907,0.21236333847045907
4,6.2,5.8338885,0.366111469268799,0.366111469268799
4,6.2,5.5453076,0.6546923637390138,0.6546923637390138
4,0.2,0.2318623,-0.03186230659484862,0.03186230659484862
4,4.2,4.026283,0.17371721267700213,0.17371721267700213
4,1.9,1.080422,0.8195779561996459,0.8195779561996459
4,8.8,8.293769,0.5062311172485359,0.5062311172485359
4,4.5,4.3464885,0.15351152420043945,0.15351152420043945
4,9.3,7.968879,1.3311207771301277,1.3311207771301277
4,7.7,6.8924522,0.8075477600097658,0.8075477600097658
4,6.1,6.138762,-0.038761997222900746,0.038761997222900746
4,9.5,7.126538,2.373462200164795,2.373462200164795
4,9.8,6.8716407,2.9283593177795417,2.9283593177795417
4,9.5,7.5142765,1.9857234954833984,1.9857234954833984
4,0.3,1.4924088,-1.1924087524414062,1.1924087524414062
4,10.2,8.6809225,1.5190774917602532,1.5190774917602532
4,10.5,8.986297,1.5137033462524414,1.5137033462524414
4,10.5,8.267914,2.232086181640625,2.232086181640625
4,10.4,9.218851,1.1811489105224613,1.1811489105224613
4,8.9,9.266143,-0.36614284515380824,0.36614284515380824
4,10.1,10.13313,-0.033130073547363637,0.033130073547363637
4,10.3,8.727413,1.5725868225097663,1.5725868225097663
4,1.3,1.1176348,0.1823652267456055,0.1823652267456055
4,10.7,10.606387,0.09361286163330007,0.09361286163330007
4,10.6,12.236365,-1.6363653182983402,1.6363653182983402
4,10.6,11.147671,-0.5476707458496097,0.5476707458496097
4,10.5,10.835547,-0.33554744720458984,0.33554744720458984
4,6.6,9.079559,-2.4795593261718754,2.4795593261718754
4,10.6,11.104427,-0.5044273376464847,0.5044273376464847
4,10.5,10.714651,-0.21465110778808594,0.21465110778808594
4,10.3,10.878988,-0.5789882659912102,0.5789882659912102
4,10.5,10.608761,-0.10876083374023438,0.10876083374023438
4,10.4,10.634667,-0.2346673965454098,0.2346673965454098
4,10.6,10.8841915,-0.2841915130615238,0.2841915130615238
4,10.6,11.074563,-0.474563026428223,0.474563026428223
4,10.7,10.478942,0.2210580825805657,0.2210580825805657
4,7.4,7.6793313,-0.2793313026428219,0.2793313026428219
4,7.9,7.4326096,0.4673904418945316,0.4673904418945316
4,10.4,10.383457,0.01654281616210973,0.01654281616210973
4,10.6,10.148584,0.4514156341552731,0.4514156341552731
4,9.3,9.63638,-0.33638019561767507,0.33638019561767507
4,9.9,9.64883,0.251169586181641,0.251169586181641
4,9.0,9.2749,-0.2749004364013672,0.2749004364013672
4,10.4,9.576219,0.8237813949584964,0.8237813949584964
4,10.4,9.92228,0.4777196884155277,0.4777196884155277
4,10.6,9.275555,1.3244453430175778,1.3244453430175778
4,10.2,10.027618,0.1723815917968743,0.1723815917968743
4,10.2,9.711973,0.4880268096923821,0.4880268096923821
4,11.0,10.197049,0.8029508590698242,0.8029508590698242
4,10.8,9.816762,0.9832380294799812,0.9832380294799812
4,9.9,9.068636,0.8313640594482425,0.8313640594482425
4,9.2,8.624677,0.575323295593261,0.575323295593261
4,5.8,5.3816214,0.41837863922119123,0.41837863922119123
4,6.3,5.389418,0.9105818748474119,0.9105818748474119
4,2.3,1.9743389,0.32566111087799055,0.32566111087799055
4,4.1,4.2135124,-0.11351242065429723,0.11351242065429723
4,5.1,3.1979768,1.9020231723785397,1.9020231723785397
4,10.0,7.6559215,2.344078540802002,2.344078540802002
4,7.0,5.6358676,1.3641324043273926,1.3641324043273926
4,1.9,2.2629542,-0.3629542350769044,0.3629542350769044
4,9.9,9.692271,0.2077287673950199,0.2077287673950199
4,9.6,8.786872,0.8131280899047848,0.8131280899047848
4,9.4,8.221749,1.1782506942749027,1.1782506942749027
4,7.9,5.2662277,2.6337722778320316,2.6337722778320316
4,7.9,4.8646603,3.035339736938477,3.035339736938477
4,0.3,1.7273799,-1.4273799180984497,1.4273799180984497
4,9.3,11.928823,-2.6288234710693352,2.6288234710693352
4,2.4,1.3689983,1.0310017108917235,1.0310017108917235
4,4.8,4.269922,0.5300782203674315,0.5300782203674315
4,9.6,8.425607,1.174393272399902,1.174393272399902
4,9.9,8.065729,1.8342708587646488,1.8342708587646488
4,9.5,8.224923,1.2750768661499023,1.2750768661499023
4,8.9,8.052304,0.8476957321166996,0.8476957321166996
4,8.8,8.353873,0.44612674713134837,0.44612674713134837
4,9.4,8.065358,1.3346418380737308,1.3346418380737308
4,9.2,8.18479,1.0152103424072259,1.0152103424072259
4,6.000000000000001,6.208479,-0.2084789276123038,0.2084789276123038
4,1.0,0.60574496,0.39425504207611084,0.39425504207611084
4,9.9,9.338857,0.5611433029174808,0.5611433029174808
4,6.6,5.738679,0.8613210678100582,0.8613210678100582
4,10.3,9.062215,1.2377851486206062,1.2377851486206062
4,9.0,7.722489,1.2775111198425293,1.2775111198425293
4,10.2,8.25737,1.9426300048828118,1.9426300048828118
4,8.7,7.8291306,0.8708693504333489,0.8708693504333489
4,9.6,8.844474,0.7555261611938473,0.7555261611938473
4,9.1,8.711809,0.38819084167480433,0.38819084167480433
4,8.8,8.667616,0.13238410949707102,0.13238410949707102
4,9.4,9.175609,0.2243913650512699,0.2243913650512699
4,6.7,6.4435205,0.2564794540405275,0.2564794540405275
4,4.4,4.70469,-0.3046899795532223,0.3046899795532223
4,2.2,1.7894124,0.41058762073516863,0.41058762073516863
4,1.9,1.3505523,0.5494476795196532,0.5494476795196532
4,6.000000000000001,4.5128646,1.4871354103088388,1.4871354103088388
4,8.8,9.275176,-0.4751760482788079,0.4751760482788079
4,2.4,1.5177909,0.8822090864181518,0.8822090864181518
4,3.5,3.0517275,0.4482724666595459,0.4482724666595459
4,7.8,6.8688664,0.9311335563659666,0.9311335563659666
4,8.4,7.729943,0.6700572013854984,0.6700572013854984
4,7.8,5.7766027,2.0233972549438475,2.0233972549438475
4,2.3,3.2122033,-0.9122032642364504,0.9122032642364504
4,5.3,5.552979,-0.2529789924621584,0.2529789924621584
4,5.7,5.537823,0.1621767997741701,0.1621767997741701
4,2.0,2.4331634,-0.4331634044647217,0.4331634044647217
4,5.2,5.214549,-0.014549064636230291,0.014549064636230291
4,6.3,7.468973,-1.1689731597900392,1.1689731597900392
4,4.4,3.3773656,1.0226344108581547,1.0226344108581547
4,8.2,8.434637,-0.23463706970214915,0.23463706970214915
4,8.4,7.852395,0.5476049423217777,0.5476049423217777
4,8.5,6.899535,1.6004648208618164,1.6004648208618164
4,8.2,6.6868095,1.5131904602050774,1.5131904602050774
4,8.1,6.825751,1.274249172210693,1.274249172210693
4,6.3,5.240744,1.0592558860778807,1.0592558860778807
4,7.5,5.6962757,1.8037242889404297,1.8037242889404297
4,6.1,5.5297933,0.5702067375183102,0.5702067375183102
4,7.0,6.591278,0.408721923828125,0.408721923828125
4,6.4,5.3788652,1.0211347579956058,1.0211347579956058
4,7.6,6.9327917,0.6672082901000973,0.6672082901000973
4,5.4,5.253222,0.14677801132202184,0.14677801132202184
4,7.6,5.1025777,2.497422313690185,2.497422313690185
4,8.7,7.396642,1.303357791900634,1.303357791900634
4,6.3,4.091028,2.2089717864990233,2.2089717864990233
4,9.2,10.017033,-0.8170326232910163,0.8170326232910163
4,8.8,7.521678,1.2783220291137702,1.2783220291137702
4,8.4,7.6465597,0.7534402847290043,0.7534402847290043
4,8.3,6.33585,1.96415023803711,1.96415023803711
4,6.7,4.9766593,1.723340702056885,1.723340702056885
4,8.8,8.108101,0.6918991088867195,0.6918991088867195
4,8.5,8.553081,-0.05308055877685547,0.05308055877685547
4,10.0,10.280758,-0.2807579040527344,0.2807579040527344
4,8.4,6.886914,1.5130862236022953,1.5130862236022953
4,3.8,3.9149451,-0.11494512557983416,0.11494512557983416
4,0.5,1.122958,-0.6229579448699951,0.6229579448699951
4,7.1,6.889199,0.2108012199401852,0.2108012199401852
4,9.1,10.918676,-1.8186763763427738,1.8186763763427738
4,8.7,7.395439,1.3045608520507805,1.3045608520507805
4,8.0,8.678277,-0.6782770156860352,0.6782770156860352
4,10.0,7.8410273,2.15897274017334,2.15897274017334
4,9.6,9.059173,0.540827369689941,0.540827369689941
4,9.3,8.850818,0.449182319641114,0.449182319641114
4,5.0,4.946124,0.05387592315673828,0.05387592315673828
4,7.8,6.346351,1.4536488533020018,1.4536488533020018
4,6.8,8.313846,-1.5138456344604494,1.5138456344604494
4,8.3,9.872548,-1.5725481033325188,1.5725481033325188
4,7.5,7.9829764,-0.48297643661499023,0.48297643661499023
4,8.9,9.167095,-0.2670951843261715,0.2670951843261715
4,8.4,9.570302,-1.1703020095825192,1.1703020095825192
4,8.5,9.8522625,-1.3522624969482422,1.3522624969482422
4,8.1,8.68912,-0.5891202926635746,0.5891202926635746
4,2.7,3.5045216,-0.804521608352661,0.804521608352661
4,5.1,5.9464316,-0.8464316368103031,0.8464316368103031
4,6.8,6.91151,-0.11150999069213885,0.11150999069213885
4,9.0,10.68734,-1.6873397827148438,1.6873397827148438
4,8.8,8.752607,0.04739265441894602,0.04739265441894602
4,8.6,8.823283,-0.22328319549560582,0.22328319549560582
4,9.1,8.64214,0.4578596115112301,0.4578596115112301
4,9.4,9.496491,-0.09649143218994105,0.09649143218994105
4,9.4,9.542072,-0.14207229614257777,0.14207229614257777
4,7.6,7.1012125,0.49878749847412074,0.49878749847412074
4,6.6,6.1153073,0.48469266891479457,0.48469266891479457
4,3.8,6.137706,-2.3377058029174806,2.3377058029174806
4,4.3,4.165277,0.13472299575805646,0.13472299575805646
4,8.6,7.9087095,0.6912904739379879,0.6912904739379879
4,6.9,6.8986673,0.001332664489746449,0.001332664489746449
4,6.5,7.331935,-0.831934928894043,0.831934928894043
4,6.3,5.977347,0.3226531028747557,0.3226531028747557
4,9.0,8.414197,0.5858030319213867,0.5858030319213867
4,8.7,8.720569,-0.02056865692138743,0.02056865692138743
4,9.0,8.528421,0.47157859802246094,0.47157859802246094
4,6.6,7.7461042,-1.1461042404174808,1.1461042404174808
4,6.6,5.852688,0.7473121643066403,0.7473121643066403
4,7.2,7.561018,-0.3610179901123045,0.3610179901123045
4,4.9,5.583764,-0.6837640762329098,0.6837640762329098
4,9.0,11.720479,-2.7204790115356445,2.7204790115356445
4,8.3,7.49057,0.8094299316406257,0.8094299316406257
4,1.6,4.597869,-2.9978689193725585,2.9978689193725585
4,4.4,4.6694064,-0.26940641403198207,0.26940641403198207
4,0.2,1.0310181,-0.8310181379318238,0.8310181379318238
4,5.0,4.579706,0.42029380798339844,0.42029380798339844
4,5.5,3.837232,1.6627678871154785,1.6627678871154785
4,8.9,9.545222,-0.6452222824096676,0.6452222824096676
4,7.4,5.926988,1.4730118751525882,1.4730118751525882
4,7.4,6.8065147,0.593485260009766,0.593485260009766
4,6.000000000000001,5.7327046,0.26729536056518644,0.26729536056518644
4,4.7,4.4514437,0.2485563278198244,0.2485563278198244
4,9.7,10.31136,-0.6113603591918952,0.6113603591918952
4,9.4,9.32136,0.07864036560058629,0.07864036560058629
4,9.4,9.443419,-0.04341945648193324,0.04341945648193324
4,7.8,7.9461174,-0.14611740112304705,0.14611740112304705
4,8.8,8.401449,0.3985507965087898,0.3985507965087898
4,9.2,8.1473055,1.0526945114135735,1.0526945114135735
4,9.5,8.935131,0.5648689270019531,0.5648689270019531
4,9.5,8.703087,0.7969131469726562,0.7969131469726562
4,9.0,8.997934,0.0020656585693359375,0.0020656585693359375
4,7.0,8.106956,-1.1069555282592773,1.1069555282592773
4,9.4,8.306916,1.093083763122559,1.093083763122559
4,9.5,8.572231,0.9277687072753906,0.9277687072753906
4,8.7,9.246469,-0.5464685440063484,0.5464685440063484
4,9.1,9.601103,-0.5011028289794925,0.5011028289794925
4,9.2,8.717566,0.48243446350097585,0.48243446350097585
4,8.7,9.205686,-0.5056856155395515,0.5056856155395515
4,5.7,6.4159846,-0.7159846305847166,0.7159846305847166
4,2.2,1.8772684,0.32273156642913836,0.32273156642913836
4,2.7,2.061094,0.6389059543609621,0.6389059543609621
4,0.2,0.78782904,-0.5878290414810181,0.5878290414810181
4,4.5,4.579706,-0.07970619201660156,0.07970619201660156
4,6.7,8.816252,-2.116251754760742,2.116251754760742
4,0.7,0.8743324,-0.17433242797851567,0.17433242797851567
4,9.2,4.724647,4.475352954864501,4.475352954864501
4,3.4,2.61506,0.7849399089813232,0.7849399089813232
4,1.6,1.1101828,0.489817237854004,0.489817237854004
4,5.6,5.3492985,0.2507015228271481,0.2507015228271481
4,5.3,5.9372883,-0.637288284301758,0.637288284301758
4,1.2,0.32091734,0.8790826618671417,0.8790826618671417
4,2.7,2.2948492,0.40515084266662615,0.40515084266662615
4,4.3,3.584708,0.7152920246124266,0.7152920246124266
4,2.1,2.9656532,-0.8656531810760497,0.8656531810760497
4,2.9,3.407434,-0.5074339866638184,0.5074339866638184
4,4.7,5.044911,-0.34491090774536115,0.34491090774536115
4,1.4,0.45952195,0.9404780507087707,0.9404780507087707
4,2.9,0.29850966,2.601490342617035,2.601490342617035
4,6.4,8.836599,-2.4365993499755856,2.4365993499755856
4,30.9,17.634888,13.265112304687499,13.265112304687499
4,1.4,1.039907,0.3600930213928222,0.3600930213928222
4,1.9,1.8632776,0.036722445487975985,0.036722445487975985
4,6.2,2.6604557,3.5395442962646486,3.5395442962646486
4,19.2,15.009389,4.19061107635498,4.19061107635498
4,24.3,22.157253,2.1427467346191413,2.1427467346191413
4,12.700000000000001,9.792762,2.9072381973266612,2.9072381973266612
4,4.8,3.530325,1.2696750640869139,1.2696750640869139
4,4.5,4.0274324,0.4725675582885742,0.4725675582885742
4,0.5,1.5714799,-1.0714799165725708,1.0714799165725708
4,25.400000000000002,22.361607,3.0383934020996115,3.0383934020996115
4,20.6,13.303966,7.296034431457521,7.296034431457521
4,1.2,1.323887,-0.12388699054718022,0.12388699054718022
4,12.6,13.90547,-1.30546989440918,1.30546989440918
4,10.5,10.39669,0.10330963134765625,0.10330963134765625
4,2.1,3.3155625,-1.2155624866485595,1.2155624866485595
4,2.6,3.1096134,-0.5096134185791015,0.5096134185791015
4,33.9,36.786613,-2.88661346435547,2.88661346435547
4,0.8,0.03900019,0.7609998092055321,0.7609998092055321
4,3.1,3.346962,-0.24696197509765616,0.24696197509765616
4,1.4,1.5994092,-0.19940922260284433,0.19940922260284433
4,17.6,22.861092,-5.26109161376953,5.26109161376953
4,33.0,37.304363,-4.304363250732422,4.304363250732422
4,28.8,25.666124,3.1338756561279304,3.1338756561279304
4,4.9,4.579706,0.3202938079833988,0.3202938079833988
4,4.8,3.6222653,1.1777346611022947,1.1777346611022947
4,24.6,23.737202,0.8627983093261733,0.8627983093261733
4,0.7,0.023166616,0.6768333844840526,0.6768333844840526
4,0.6,0.48954305,0.11045694947242735,0.11045694947242735
4,3.7,2.5914743,1.1085257053375246,1.1085257053375246
4,6.000000000000001,4.697374,1.3026261329650888,1.3026261329650888
4,29.1,26.190731,2.909268951416017,2.909268951416017
4,24.9,21.213568,3.68643226623535,3.68643226623535
4,6.3,4.816793,1.483207035064697,1.483207035064697
4,12.1,12.706113,-0.6061128616333011,0.6061128616333011
4,34.3,32.949913,1.3500869750976534,1.3500869750976534
4,11.1,4.614179,6.485820865631103,6.485820865631103
4,26.0,13.844477,12.155523300170898,12.155523300170898
4,34.4,20.293629,14.106371307373045,14.106371307373045
4,39.0,34.402695,4.5973052978515625,4.5973052978515625
4,5.3,3.3870008,1.9129992008209227,1.9129992008209227
4,0.8,0.8246017,-0.02460170984268184,0.02460170984268184
4,2.3,1.9163178,0.3836821794509886,0.3836821794509886
4,8.5,3.5514693,4.948530673980713,4.948530673980713
4,31.5,27.941652,3.558347702026367,3.558347702026367
4,10.9,8.678193,2.221806907653809,2.221806907653809
4,7.0,3.1255167,3.874483346939087,3.874483346939087
4,20.4,18.208437,2.1915630340576158,2.1915630340576158
4,1.3,1.7679613,-0.46796126365661617,0.46796126365661617
4,2.0,2.2110918,-0.2110917568206787,0.2110917568206787
4,11.299999999999999,8.057593,3.242406654357909,3.242406654357909
4,0.8,1.0755286,-0.27552862167358394,0.27552862167358394
4,7.2,6.059564,1.1404358863830568,1.1404358863830568
4,1.2,0.32246268,0.8775373220443725,0.8775373220443725
4,5.1,4.170607,0.9293929100036618,0.9293929100036618
4,15.8,17.141705,-1.3417045593261712,1.3417045593261712
4,1.3,0.6292357,0.6707643151283265,0.6707643151283265
4,1.3,0.40868545,0.8913145542144776,0.8913145542144776
4,3.5,4.2250743,-0.725074291229248,0.725074291229248
4,1.2,0.3694571,0.830542904138565,0.830542904138565
4,6.9,6.544322,0.3556779861450199,0.3556779861450199
4,19.1,19.975037,-0.8750366210937486,0.8750366210937486
4,0.4,0.83167464,-0.4316746354103088,0.4316746354103088
4,15.8,13.463792,2.336208152770997,2.336208152770997
4,2.1,1.3153768,0.7846232414245606,0.7846232414245606
4,6.5,11.5811,-5.0811004638671875,5.0811004638671875
4,5.8,3.2081745,2.591825532913208,2.591825532913208
4,1.2,1.1071273,0.09287269115447994,0.09287269115447994
4,1.6,1.806906,-0.20690598487853995,0.20690598487853995
4,1.4,1.3974848,0.002515220642089755,0.002515220642089755
4,0.2,0.42612457,-0.22612457275390624,0.22612457275390624
4,3.6,2.806095,0.7939051151275636,0.7939051151275636
4,9.1,9.625278,-0.525278472900391,0.525278472900391
4,17.2,17.297018,-0.09701805114746165,0.09701805114746165
4,1.6,0.79155415,0.8084458470344544,0.8084458470344544
4,5.7,4.9727387,0.727261257171631,0.727261257171631
4,8.6,7.9823823,0.6176177024841305,0.6176177024841305
4,4.4,4.2372823,0.1627177238464359,0.1627177238464359
4,2.4,1.7636511,0.6363488674163817,0.6363488674163817
4,6.3,7.070152,-0.7701518058776857,0.7701518058776857
4,0.8,0.60693043,0.19306956529617314,0.19306956529617314
4,1.2,0.85904866,0.3409513354301452,0.3409513354301452
4,0.6,0.2782665,0.32173351049423216,0.32173351049423216
4,0.1,-0.02360642,0.12360641956329346,0.12360641956329346
4,1.1,0.32210183,0.7778981685638429,0.7778981685638429
4,1.8,2.0324883,-0.23248834609985347,0.23248834609985347
4,12.9,10.546895,2.353104972839356,2.353104972839356
4,33.4,35.297066,-1.8970657348632827,1.8970657348632827
4,48.4,44.383633,4.016367340087889,4.016367340087889
4,47.4,44.900333,2.499666595458983,2.499666595458983
4,0.1,0.09788642,0.0021135792136192377,0.0021135792136192377
4,20.8,18.721485,2.0785148620605476,2.0785148620605476
4,1.3,0.4938879,0.8061120986938477,0.8061120986938477
4,46.5,50.224335,-3.724334716796875,3.724334716796875
4,4.4,3.1554368,1.2445632457733158,1.2445632457733158
4,2.9,3.3122315,-0.41223154067993173,0.41223154067993173
4,7.5,6.5280266,0.9719734191894531,0.9719734191894531
4,3.0000000000000004,3.1256366,-0.12563657760620073,0.12563657760620073
4,12.700000000000001,11.8005295,0.8994705200195323,0.8994705200195323
4,6.9,6.0291653,0.8708347320556644,0.8708347320556644
4,2.1,1.6181885,0.4818114995956422,0.4818114995956422
4,12.1,12.039064,0.06093559265136683,0.06093559265136683
4,28.8,30.679543,-1.8795425415039055,1.8795425415039055
4,7.2,5.784562,1.4154378890991213,1.4154378890991213
4,31.2,33.21935,-2.019348907470704,2.019348907470704
4,1.6,1.3573567,0.24264333248138437,0.24264333248138437
4,5.3,2.9470112,2.352988767623901,2.352988767623901
4,8.7,6.7581143,1.9418856620788567,1.9418856620788567
4,1.8,1.6830889,0.1169111013412476,0.1169111013412476
4,1.3,1.4319565,-0.13195652961730953,0.13195652961730953
4,5.7,4.2860565,1.4139434814453127,1.4139434814453127
4,1.9,1.1851268,0.7148732185363769,0.7148732185363769
4,1.1,0.41204223,0.6879577696323396,0.6879577696323396
4,17.1,15.63654,1.4634595870971694,1.4634595870971694
4,1.3,-0.05199,1.3519899986684323,1.3519899986684323
4,0.7,0.82157177,-0.12157176733016972,0.12157176733016972
4,2.9,1.7582982,1.14170184135437,1.14170184135437
4,0.9,0.30764365,0.5923563480377197,0.5923563480377197
4,0.8,-0.25888798,1.0588879764080048,1.0588879764080048
4,7.8,7.197909,0.6020911216735838,0.6020911216735838
4,64.8,62.43013,2.3698699951171847,2.3698699951171847
4,60.3,56.959625,3.340374755859372,3.340374755859372
4,67.2,60.149143,7.050856781005862,7.050856781005862
4,58.9,56.42131,2.478689575195311,2.478689575195311
4,6.2,4.2772617,1.9227382659912111,1.9227382659912111
4,23.2,20.981916,2.2180835723876946,2.2180835723876946
4,26.6,23.444475,3.155524826049806,3.155524826049806
4,22.5,21.30464,1.1953601837158203,1.1953601837158203
4,31.1,27.812643,3.2873569488525405,3.2873569488525405
4,44.2,40.734486,3.4655143737792997,3.4655143737792997
4,63.5,61.930187,1.5698127746582031,1.5698127746582031
4,29.8,28.81245,0.9875495910644538,0.9875495910644538
4,49.0,46.364285,2.6357154846191406,2.6357154846191406
4,46.4,46.375553,0.024446868896482954,0.024446868896482954
4,55.7,54.964306,0.735694122314456,0.735694122314456
4,14.9,14.652757,0.24724330902099645,0.24724330902099645
4,65.6,61.335537,4.264463043212885,4.264463043212885
4,65.5,63.28146,2.2185401916503906,2.2185401916503906
4,64.6,64.17973,0.4202667236328068,0.4202667236328068
4,62.2,61.99116,0.20883865356445597,0.20883865356445597
4,12.6,11.637461,0.9625392913818356,0.9625392913818356
4,25.5,17.211985,8.288015365600586,8.288015365600586
4,5.5,4.0473037,1.4526963233947754,1.4526963233947754
4,67.3,67.916374,-0.6163742065429716,0.6163742065429716
4,59.8,57.770935,2.029064941406247,2.029064941406247
4,60.8,59.101418,1.698582458496091,1.698582458496091
4,41.0,42.88232,-1.8823204040527344,1.8823204040527344
4,25.0,22.75528,2.244720458984375,2.244720458984375
4,5.4,5.734656,-0.3346558570861813,0.3346558570861813
4,30.2,32.292774,-2.092774200439454,2.092774200439454
4,4.5,3.778312,0.7216880321502686,0.7216880321502686
4,10.1,9.292588,0.8074117660522457,0.8074117660522457
4,30.2,33.775665,-3.5756652832031257,3.5756652832031257
4,20.6,19.670097,0.9299026489257827,0.9299026489257827
4,14.5,15.777637,-1.2776365280151367,1.2776365280151367
4,40.5,42.91601,-2.4160118103027344,2.4160118103027344
4,19.1,21.073025,-1.973024749755858,1.973024749755858
4,51.7,52.964966,-1.2649658203124972,1.2649658203124972
4,8.5,8.432133,0.06786727905273438,0.06786727905273438
4,5.5,5.3881664,0.11183357238769531,0.11183357238769531
4,20.1,23.309214,-3.2092136383056626,3.2092136383056626
4,61.7,59.208515,2.4914848327636747,2.4914848327636747
4,38.7,38.030743,0.669257354736331,0.669257354736331
4,50.3,50.317165,-0.017165374755862217,0.017165374755862217
4,27.0,27.611938,-0.6119384765625,0.6119384765625
4,57.7,53.235695,4.464305114746097,4.464305114746097
4,58.8,56.172947,2.6270530700683565,2.6270530700683565
4,57.3,53.80738,3.492619323730466,3.492619323730466
4,56.2,55.348915,0.8510848999023466,0.8510848999023466
4,51.6,55.010925,-3.4109252929687486,3.4109252929687486
4,59.6,59.26955,0.3304496765136733,0.3304496765136733
4,51.9,52.65847,-0.7584701538085952,0.7584701538085952
4,57.9,56.920876,0.9791244506835923,0.9791244506835923
4,15.6,15.380964,0.21903572082519496,0.21903572082519496
4,38.6,33.935787,4.664212799072267,4.664212799072267
4,9.9,11.475777,-1.575776672363281,1.575776672363281
4,41.4,42.583797,-1.1837974548339858,1.1837974548339858
4,32.6,27.739752,4.860248184204103,4.860248184204103
4,18.9,17.20562,1.6943801879882798,1.6943801879882798
4,10.0,9.755008,0.24499225616455078,0.24499225616455078
4,30.9,33.978523,-3.0785232543945327,3.0785232543945327
4,48.9,52.92519,-4.0251899719238295,4.0251899719238295
4,32.7,31.959406,0.7405941009521513,0.7405941009521513
4,45.900000000000006,43.928658,1.9713424682617244,1.9713424682617244
4,22.5,23.09535,-0.5953502655029297,0.5953502655029297
4,43.4,46.398632,-2.9986320495605483,2.9986320495605483
4,15.1,15.0742035,0.025796508789062145,0.025796508789062145
4,4.0,4.7797647,-0.7797646522521973,0.7797646522521973
4,46.3,49.097816,-2.797816467285159,2.797816467285159
4,48.8,49.011417,-0.21141738891601847,0.21141738891601847
4,50.2,48.90899,1.291011047363284,1.291011047363284
4,50.4,50.891224,-0.49122390747070455,0.49122390747070455
4,49.3,49.405132,-0.10513229370117472,0.10513229370117472
4,49.7,50.388103,-0.688103485107419,0.688103485107419
4,49.6,48.414318,1.1856819152832045,1.1856819152832045
4,48.9,48.192574,0.7074264526367173,0.7074264526367173
4,32.2,32.947395,-0.7473953247070284,0.7473953247070284
4,21.6,17.69944,3.900559997558595,3.900559997558595
4,7.5,5.6630015,1.836998462677002,1.836998462677002
4,11.7,11.529336,0.17066402435302663,0.17066402435302663
4,28.0,31.223253,-3.2232532501220703,3.2232532501220703
4,33.0,33.864914,-0.8649139404296875,0.8649139404296875
4,8.0,9.509527,-1.5095272064208984,1.5095272064208984
4,31.9,33.596382,-1.6963821411132827,1.6963821411132827
4,6.1,5.008958,1.0910421371459957,1.0910421371459957
4,37.0,39.66928,-2.669281005859375,2.669281005859375
4,27.3,29.314434,-2.014434051513671,2.014434051513671
4,38.4,41.268707,-2.8687072753906264,2.8687072753906264
4,5.6,4.4586854,1.141314601898193,1.141314601898193
4,3.6,2.2304885,1.3695114612579347,1.3695114612579347
4,20.1,22.527237,-2.427236938476561,2.427236938476561
4,14.7,14.196515,0.503484916687011,0.503484916687011
4,22.2,20.475046,1.7249538421630852,1.7249538421630852
4,14.7,16.029335,-1.329335021972657,1.329335021972657
4,21.7,21.522469,0.17753143310546804,0.17753143310546804
4,21.7,22.819456,-1.119456100463868,1.119456100463868
4,25.2,28.156881,-2.9568813323974616,2.9568813323974616
4,16.3,18.253666,-1.953665924072265,1.953665924072265
4,23.6,23.048063,0.5519367218017592,0.5519367218017592
4,9.1,7.1897936,1.9102064132690426,1.9102064132690426
4,33.1,36.05589,-2.9558891296386705,2.9558891296386705
4,25.7,25.404314,0.295685958862304,0.295685958862304
4,28.8,28.836033,-0.036032867431639914,0.036032867431639914
4,20.3,21.077883,-0.7778827667236321,0.7778827667236321
4,9.7,10.149008,-0.44900779724121165,0.44900779724121165
4,19.6,20.713497,-1.113497161865233,1.113497161865233
4,36.9,36.623444,0.2765563964843736,0.2765563964843736
4,37.7,37.06601,0.6339904785156278,0.6339904785156278
5,63.78699999999988,34.332027,29.454972564697144,29.454972564697144
5,71.98393750000011,62.543888,9.440049407959094,9.440049407959094
5,28.955062500000107,33.676373,-4.721310028076065,4.721310028076065
5,101.65099999999968,99.22717,2.4238271484371836,2.4238271484371836
5,302.9868750000023,313.4852,-10.498323974607047,10.498323974607047
5,165.55212500000067,165.5201,0.03202917480535916,0.03202917480535916
5,145.1229374999999,138.23326,6.889676391601455,6.889676391601455
5,248.9248749999984,238.47926,10.445611694334332,10.445611694334332
5,53.33831249999998,49.0786,4.259710662841776,4.259710662841776
5,28.07374999999985,29.91874,-1.844989318847805,1.844989318847805
5,41.6761875000002,36.90297,4.773218139648634,4.773218139648634
5,65.987875,48.531227,17.456647888183596,17.456647888183596
5,20.548999999999968,18.612001,1.9369985809325847,1.9369985809325847
5,317.163999999999,284.8169,32.34710546874902,32.34710546874902
5,26.962124999999947,23.437008,3.5251170959472127,3.5251170959472127
5,136.56699999999992,111.51245,25.054548828124922,25.054548828124922
5,48.99500000000017,50.605328,-1.610327606201004,1.610327606201004
5,54.65687499999992,54.46849,0.18838439941398377,0.18838439941398377
5,67.87699999999982,103.83871,-35.96170697021502,35.96170697021502
5,174.1641249999989,194.1157,-19.951582397462033,19.951582397462033
5,336.3419999999985,316.54874,19.79326342773288,19.79326342773288
5,65.08187500000037,64.18033,0.9015466308597411,0.9015466308597411
5,66.3001249999998,62.286926,4.013198730468545,4.013198730468545
5,275.15487499999955,292.68155,-17.526674072266076,17.526674072266076
5,290.37312499999894,276.81326,13.559862060545811,13.559862060545811
5,81.63800000000006,64.91418,16.723823059082093,16.723823059082093
5,106.74087499999924,105.18619,1.5546872558586102,1.5546872558586102
5,38.096125000000185,37.256004,0.8401206665040917,0.8401206665040917
5,131.33743103040928,100.129715,31.207716064588965,31.207716064588965
5,143.6984934148176,145.42563,-1.727135247291784,1.727135247291784
5,143.6984934148179,120.25214,23.446357184349154,23.446357184349154
5,109.1372807618538,118.135185,-8.997904479845417,8.997904479845417
5,80.99975000000016,87.68636,-6.6866132202146815,6.6866132202146815
5,78.86012499999998,82.30133,-3.4412055664062677,3.4412055664062677
5,288.1739999999997,270.48315,17.690845703124694,17.690845703124694
5,281.6020000000027,277.75958,3.842417480471454,3.842417480471454
5,241.4699999999996,211.26367,30.2063281249996,30.2063281249996
5,120.91974999999982,110.46145,10.45830133056623,10.45830133056623
5,67.70975000000006,73.94129,-6.231541809081975,6.231541809081975
5,256.30999999999995,260.1237,-3.8136877441406796,3.8136877441406796
5,198.16024999999897,187.56929,10.590959838866155,10.590959838866155
5,72.10000000000011,63.297134,8.802865600586046,8.802865600586046
5,215.40950000000143,184.99509,30.414413330079554,30.414413330079554
5,198.56049999999928,204.39989,-5.839387084961658,5.839387084961658
5,171.25999999999948,163.69057,7.569432983397917,7.569432983397917
5,256.44999999999845,247.16595,9.284045410154704,9.284045410154704
5,248.4202499999992,248.64874,-0.2284926757820358,0.2284926757820358
5,251.4494999999998,247.42952,4.019980346679489,4.019980346679489
5,239.7002500000007,236.39087,3.3093808593756933,3.3093808593756933
5,242.63000000000056,236.84415,5.785853271484939,5.785853271484939
5,221.8699999999997,231.4591,-9.589106445312808,9.589106445312808
5,36.559749999999845,38.560997,-2.001247009277499,2.001247009277499
5,169.1002500000002,149.08481,20.015441650390812,20.015441650390812
5,225.47,225.1989,0.27110168457031136,0.27110168457031136
5,173.1597499999993,182.40288,-9.243127807617896,9.243127807617896
5,242.27000000000032,227.51779,14.752208251953448,14.752208251953448
5,156.82024999999916,166.8193,-9.999055419922712,9.999055419922712
5,202.39000000000087,209.26021,-6.870208129881945,6.870208129881945
5,195.22,191.09634,4.123656005859374,4.123656005859374
5,206.50000000000003,192.80312,13.696884155273466,13.696884155273466
5,120.15025000000016,105.42638,14.723873657226719,14.723873657226719
5,104.25975,86.648506,17.611243835449216,17.611243835449216
5,211.0397500000001,225.34418,-14.304427246093638,14.304427246093638
5,229.86049999999983,229.09537,0.7651325683592063,0.7651325683592063
5,227.13949999999832,205.43018,21.70932421874832,21.70932421874832
5,221.4304999999993,208.5532,12.877292602538375,12.877292602538375
5,216.92000000000004,200.05075,16.86924926757817,16.86924926757817
5,205.0595000000003,197.13875,7.920751831054986,7.920751831054986
5,37.59974999999992,120.55856,-82.95881323242196,82.95881323242196
5,220.93075000000084,189.1523,31.77845202636803,31.77845202636803
5,204.2794999999996,197.47466,6.804844848632399,6.804844848632399
5,25.79049999999997,27.307442,-1.5169417114258117,1.5169417114258117
5,43.08000000000017,40.910202,2.1697979736329813,2.1697979736329813
5,163.76949999999945,173.1262,-9.356705444336484,9.356705444336484
5,91.77050000000014,90.724174,1.0463255004884218,1.0463255004884218
5,90.16,67.32917,22.830829772949215,22.830829772949215
5,216.3299999999984,206.13847,10.191526489256205,10.191526489256205
5,207.3595000000012,197.88629,9.47320849609494,9.47320849609494
5,117.98000000000008,119.28431,-1.3043093872069562,1.3043093872069562
5,176.46049999999997,161.93864,14.52185559082028,14.52185559082028
5,170.90899999999988,181.52814,-10.619137207031372,10.619137207031372
5,165.14099999999974,162.56454,2.5764553222653603,2.5764553222653603
5,149.4600000000002,163.79742,-14.337424316406043,14.337424316406043
5,197.03000000000023,199.54749,-2.5174853515622715,2.5174853515622715
5,168.21999999999937,182.82397,-14.603974609375626,14.603974609375626
5,155.46950000000032,164.62434,-9.15484387206999,9.15484387206999
5,151.28049999999993,152.26582,-0.98532336425788,0.98532336425788
5,124.32000000000016,156.2377,-31.91770141601546,31.91770141601546
5,185.43949999999987,186.52051,-1.0810078125001326,1.0810078125001326
5,156.03999999999974,182.25427,-26.214272460937764,26.214272460937764
5,132.62000000000023,137.49284,-4.872843627929456,4.872843627929456
5,160.17950000000047,163.00648,-2.826984985351089,2.826984985351089
5,188.361,190.37904,-2.0180435791015725,2.0180435791015725
5,188.7594999999997,182.97743,5.782067749023128,5.782067749023128
5,194.16950000000028,174.79942,19.370076782226846,19.370076782226846
5,164.1604999999998,159.23262,4.927879760741973,4.927879760741973
5,93.95049999999968,91.760414,2.190085876464522,2.190085876464522
5,165.5999999999999,186.87726,-21.27725830078134,21.27725830078134
5,125.90949999999997,127.706436,-1.7969361572265967,1.7969361572265967
5,157.9705000000002,156.12402,1.846476562500186,1.846476562500186
5,105.79949999999998,127.427635,-21.628135192871113,21.628135192871113
5,55.79949999999995,92.39915,-36.599647033691454,36.599647033691454
5,106.87100000000024,134.55258,-27.68158178710914,27.68158178710914
5,160.24000000000024,170.81978,-10.579778442382576,10.579778442382576
5,189.6599999999995,184.26112,5.398876342772951,5.398876342772951
5,171.38950000000003,171.58293,-0.1934315185546609,0.1934315185546609
5,100.09999999999997,108.54915,-8.449148559570347,8.449148559570347
5,143.2005000000001,158.69353,-15.493027221679597,15.493027221679597
5,136.1195,168.3883,-32.26880566406251,32.26880566406251
5,167.84899999999982,177.28429,-9.435286499023618,9.435286499023618
5,159.04099999999983,163.71623,-4.675232299804861,4.675232299804861
5,151.4495000000004,158.37982,-6.930321777343352,6.930321777343352
5,183.65999999999983,186.38737,-2.7273748779298614,2.7273748779298614
5,175.20050000000023,184.67447,-9.473968994140392,9.473968994140392
5,165.2599999999999,171.60002,-6.340021362304782,6.340021362304782
5,183.3499999999999,187.97586,-4.625860595703216,4.625860595703216
5,179.47000000000014,183.6201,-4.1501019287107965,4.1501019287107965
5,126.86949999999987,137.48386,-10.614356201172,10.614356201172
5,152.83999999999995,142.68262,10.157382812499947,10.157382812499947
5,174.78099999999992,172.98091,1.8000887451171081,1.8000887451171081
5,178.7185000000003,175.61276,3.105737548828415,3.105737548828415
5,180.19050000000004,173.81113,6.379373291015668,6.379373291015668
5,168.47100000000012,168.63878,-0.16777868652332018,0.16777868652332018
5,98.78849999999989,100.14547,-1.3569696655274583,1.3569696655274583
5,55.930499999999874,133.71971,-77.78921130371106,77.78921130371106
5,135.42999999999986,153.47371,-18.043709106445448,18.043709106445448
5,179.90099999999953,174.23721,5.663786865233902,5.663786865233902
5,181.23,173.3211,7.90889404296874,7.90889404296874
5,180.4494999999998,178.77419,1.675314819335739,1.675314819335739
5,168.61999999999978,174.52412,-5.904124145508035,5.904124145508035
5,173.6899999999999,179.17128,-5.48127990722665,5.48127990722665
5,166.59049999999968,172.18018,-5.589675781250321,5.589675781250321
5,183.9894999999999,181.38177,2.6077250976561572,2.6077250976561572
5,176.38950000000006,179.3292,-2.93969311523432,2.93969311523432
5,117.05100000000007,160.1788,-43.1278024902343,43.1278024902343
5,189.69999999999976,184.7372,4.962802124023199,4.962802124023199
5,174.88950000000017,177.87381,-2.9843098144529563,2.9843098144529563
5,189.40049999999988,179.1534,10.247103393554568,10.247103393554568
5,191.4394999999997,191.80696,-0.3674610595706156,0.3674610595706156
5,159.28000000000043,156.298,2.9819958496098025,2.9819958496098025
5,67.47949999999983,47.44495,20.034549896240065,20.034549896240065
5,142.83999999999995,155.50262,-12.662624511718803,12.662624511718803
5,196.6410000000001,185.56645,11.074547973632917,11.074547973632917
5,189.81950000000023,183.05446,6.76504138183617,6.76504138183617
5,198.04000000000013,194.57584,3.464163818359509,3.464163818359509
5,192.0300000000004,187.70277,4.3272259521488365,4.3272259521488365
5,195.8389999999996,189.05899,6.780009521483976,6.780009521483976
5,119.96099999999991,176.23099,-56.26998754882821,56.26998754882821
5,204.15000000000035,180.62547,23.52452697753941,23.52452697753941
5,194.19049999999984,194.04828,0.1422211914060938,0.1422211914060938
5,168.2999999999991,172.63483,-4.334826660157148,4.334826660157148
5,168.2900000000005,167.61166,0.6783361816411286,0.6783361816411286
5,202.5399999999996,186.621,15.91899780273397,15.91899780273397
5,203.26000000000028,207.80783,-4.5478308105466,4.5478308105466
5,197.36949999999925,197.35374,0.015755493163311485,0.015755493163311485
5,210.73049999999893,199.3932,11.337296264647364,11.337296264647364
5,215.30000000000103,189.28685,26.013150024415097,26.013150024415097
5,152.31900000000064,201.55513,-49.23613000488217,49.23613000488217
5,161.9210000000001,145.04813,16.87287377929698,16.87287377929698
5,142.0399999999996,161.20705,-19.16704650878947,19.16704650878947
5,210.9590000000005,190.87157,20.08743322753955,20.08743322753955
5,165.701,178.18175,-12.480747436523444,12.480747436523444
5,221.4999999999993,221.54463,-0.04463195800852304,0.04463195800852304
5,95.03999999999996,127.845116,-32.80511566162113,32.80511566162113
5,207.62999999999965,199.72295,7.907053833007467,7.907053833007467
5,154.20900000000006,153.43413,0.7748721923828725,0.7748721923828725
5,227.2499999999997,220.51978,6.730224609374687,6.730224609374687
5,136.0509999999993,174.02734,-37.976343750000694,37.976343750000694
5,230.05999999999904,219.0943,10.965700683592786,10.965700683592786
5,231.36799999999965,231.14684,0.22116467285121644,0.22116467285121644
5,208.251,206.14926,2.1017385253906298,2.1017385253906298
5,232.5810000000002,232.62534,-0.04433569335918719,0.04433569335918719
5,230.1099999999984,227.73059,2.3794091796858936,2.3794091796858936
5,131.01900000000012,138.29395,-7.274945312499881,7.274945312499881
5,65.51099999999995,42.880787,22.630213104248,22.630213104248
5,69.05000000000011,58.822876,10.22712402343761,10.22712402343761
5,259.8200000000006,256.76404,3.0559619140631185,3.0559619140631185
5,75.36000000000035,68.04441,7.3155892944339485,7.3155892944339485
5,242.75900000000195,235.56543,7.193570312501947,7.193570312501947
5,160.8509999999998,173.68834,-12.837339233398637,12.837339233398637
5,125.40000000000026,123.56481,1.8351882934572927,1.8351882934572927
5,35.01999999999994,31.420557,3.5994429779052126,3.5994429779052126
5,263.6699999999997,275.40112,-11.731123046875325,11.731123046875325
5,97.40000000000003,87.72484,9.675161743164097,9.675161743164097
5,108.47999999999988,102.3243,6.155697326660032,6.155697326660032
5,252.2299999999977,262.34518,-10.115184326174187,10.115184326174187
5,217.91899999999933,208.89276,9.026238769530579,9.026238769530579
5,108.09099999999948,90.07353,18.017467895507295,18.017467895507295
5,163.44899999999916,123.92476,39.52424108886635,39.52424108886635
5,273.5809999999992,274.83044,-1.2494443359382785,1.2494443359382785
5,269.92000000000087,272.3276,-2.4076062011710064,2.4076062011710064
5,235.57899999999827,230.45859,5.120412353513899,5.120412353513899
5,266.2800000000008,265.05237,1.2276318359383254,1.2276318359383254
5,245.3099999999992,244.62085,0.6891503906242065,0.6891503906242065
5,76.35999999999936,112.652534,-36.29253448486392,36.29253448486392
5,88.55100000000022,74.78658,13.764417053222871,13.764417053222871
5,257.37900000000246,256.84543,0.5335715332055884,0.5335715332055884
5,245.68000000000103,248.25137,-2.571373291014595,2.571373291014595
5,276.69900000000024,276.16855,0.5304514160158647,0.5304514160158647
5,214.79200000000031,213.79344,0.9985582275393767,0.9985582275393767
5,258.6280000000006,250.10773,8.520272949219361,8.520272949219361
5,267.07100000000065,253.43555,13.635453125000652,13.635453125000652
5,49.65000000000018,38.98756,10.662439727783386,10.662439727783386
5,202.0989999999996,165.53467,36.56433203124959,36.56433203124959
5,96.68199999999908,85.7672,10.914803344725641,10.914803344725641
5,249.9790000000024,241.47757,8.501430419924276,8.501430419924276
5,302.0609999999995,301.6695,0.3915053710932739,0.3915053710932739
5,284.18999999999835,273.22858,10.9614233398421,10.9614233398421
5,293.70899999999955,294.16318,-0.45417749023482656,0.45417749023482656
5,270.87999999999835,264.00613,6.873865966795222,6.873865966795222
5,298.3090000000013,278.60764,19.7013645019544,19.7013645019544
5,279.5010000000001,283.70444,-4.203437255859285,4.203437255859285
5,126.66100000000004,105.30757,21.35342858886723,21.35342858886723
5,62.15999999999979,55.392105,6.767894897460728,6.767894897460728
5,67.10900000000008,85.74702,-18.6380169067382,18.6380169067382
5,298.9900000000012,277.09515,21.894846191407453,21.894846191407453
5,293.5190000000008,277.4576,16.061388916016426,16.061388916016426
5,127.931,112.70928,15.221718078613279,15.221718078613279
5,258.790999999997,231.60443,27.186568847653234,27.186568847653234
5,202.4089999999983,201.38846,1.0205417480451615,1.0205417480451615
5,237.6199999999977,219.9468,17.67320739745864,17.67320739745864
5,124.7600000000009,106.31912,18.440877685547775,18.440877685547775
5,68.47000000000006,73.118576,-4.648576049804632,4.648576049804632
5,273.4479999999998,270.8194,2.6286030273435586,2.6286030273435586
5,290.42300000000165,286.65778,3.7652241210954003,3.7652241210954003
5,291.687999999999,285.53156,6.156444824217772,6.156444824217772
5,278.88999999999766,284.49185,-5.601851806642969,5.601851806642969
5,230.6920000000013,240.71365,-10.021653564451839,10.021653564451839
5,224.3999999999984,207.3128,17.087194824217164,17.087194824217164
5,248.00999999999937,220.05261,27.957387695311866,27.957387695311866
5,194.65799999999984,157.689,36.96900463867172,36.96900463867172
5,175.26900000000134,178.4377,-3.1686983642564712,3.1686983642564712
5,275.48300000000137,258.84076,16.64224072265762,16.64224072265762
5,294.5079999999988,281.94598,12.562016113280038,12.562016113280038
5,106.21099999999996,110.3603,-4.149298156738325,4.149298156738325
5,11.85099999999999,11.657421,0.19357888793944333,0.19357888793944333
5,63.16799999999994,60.821815,2.346184509277286,2.346184509277286
5,236.5110000000018,220.38683,16.12417443847835,16.12417443847835
5,37.95999999999996,27.89019,10.06980987548824,10.06980987548824
5,11.929999999999982,11.3127165,0.6172835159301577,0.6172835159301577
5,11.971000000000018,8.880508,3.0904915771484553,3.0904915771484553
5,17.96,16.777826,1.1821736907958993,1.1821736907958993
5,34.99900000000013,21.03028,13.968720840454232,13.968720840454232
5,93.43099999999974,86.14772,7.283279663085679,7.283279663085679
5,191.65900000000005,181.28061,10.378390869140674,10.378390869140674
5,166.8599999999996,150.23294,16.627059326171462,16.627059326171462
5,171.80000000000203,152.48311,19.316891479494217,19.316891479494217
5,11.448,9.429866,2.0181341629028324,2.0181341629028324
5,8.951999999999991,13.714175,-4.762175224304208,4.762175224304208
5,212.5299999999987,177.07521,35.45478942870963,35.45478942870963
5,104.32999999999988,69.62915,34.700849609374885,34.700849609374885
5,212.8980000000001,154.16037,58.737630126953235,58.737630126953235
5,12.97300000000003,12.558914,0.4140858154297167,0.4140858154297167
5,252.0570000000002,225.19446,26.862541992187687,26.862541992187687
5,139.8410000000004,137.09027,2.750729003906656,2.750729003906656
5,76.95999999999988,114.77153,-37.81153015136731,37.81153015136731
5,16.399999999999974,18.24074,-1.8407398223877216,1.8407398223877216
5,5.570999999999995,2.1921341,3.378865858077998,3.378865858077998
5,86.57899999999904,65.91059,20.66840887451076,20.66840887451076
5,262.381999999998,236.07756,26.304439575193328,26.304439575193328
5,269.2190000000008,260.1113,9.107702392578915,9.107702392578915
5,134.05900000000014,106.66623,27.392770751953265,27.392770751953265
5,187.4319999999992,189.78668,-2.354682128907058,2.354682128907058
5,28.75000000000013,25.9649,2.78510093688978,2.78510093688978
5,170.46900000000002,153.9965,16.472494262695335,16.472494262695335
5,12.791000000000013,12.319786,0.47121392822266905,0.47121392822266905
5,67.57900000000024,51.41167,16.167329315185782,16.167329315185782
5,134.4090000000009,121.22299,13.186008056641526,13.186008056641526
5,10.630000000000006,9.847435,0.7825650024414124,0.7825650024414124
5,2.502000000000005,5.7772565,-3.2752564888000437,3.2752564888000437
5,29.89,24.16046,5.729540481567383,5.729540481567383
5,22.38899999999992,22.144619,0.2443810119628118,0.2443810119628118
5,12.201000000000064,15.873329,-3.672329162597592,3.672329162597592
5,101.3279999999998,120.16491,-18.836909362793165,18.836909362793165
5,6.96,7.051518,-0.09151796340942386,0.09151796340942386
5,7.121999999999992,7.3346734,-0.21267340469361162,0.21267340469361162
5,7.64,4.4922714,3.147728576660156,3.147728576660156
5,12.32000000000004,16.302542,-3.9825417327880466,3.9825417327880466
5,67.85899999999997,80.6262,-12.76719781494144,12.76719781494144
5,13.211,11.704144,1.5068564758300784,1.5068564758300784
5,8.020000000000023,9.645358,-1.6253580856323016,1.6253580856323016
5,13.49799999999997,10.904431,2.593568656921356,2.593568656921356
5,59.20199999999995,58.713074,0.48892626953119844,0.48892626953119844
5,88.98900000000009,58.993088,29.995912231445402,29.995912231445402
5,21.291000000000054,16.190668,5.100331893920952,5.100331893920952
5,115.11799999999928,67.167496,47.95050427246022,47.95050427246022
5,11.03999999999999,11.999067,-0.9590673065185644,0.9590673065185644
5,38.20099999999988,32.604534,5.596465850829958,5.596465850829958
5,125.43100000000068,109.047325,16.383674865723336,16.383674865723336
5,9.589000000000004,9.70511,-0.11610959625243744,0.11610959625243744
5,202.0899999999997,224.83092,-22.740917358398747,22.740917358398747
5,19.20100000000005,24.130127,-4.92912695312495,4.92912695312495
5,32.007999999999896,32.146492,-0.13849200439463516,0.13849200439463516
5,2.492,-1.0488094,3.5408094091415405,3.5408094091415405
5,10.277999999999986,11.535211,-1.257210609436049,1.257210609436049
5,6.62100000000001,6.4710107,0.1499893150329692,0.1499893150329692
5,17.210000000000125,17.799267,-0.5892668151854217,0.5892668151854217
5,14.651,16.764767,-2.1137666931152346,2.1137666931152346
5,7.0389999999999935,3.5933452,3.445654834747308,3.445654834747308
5,11.03099999999999,5.7129226,5.31807742691039,5.31807742691039
5,5.7799999999999905,3.9955366,1.7844634342193508,1.7844634342193508
5,8.829999999999998,8.01377,0.8162298965454085,0.8162298965454085
5,17.49900000000025,7.908723,9.59027712249781,9.59027712249781
5,5.879000000000009,5.980591,-0.10159082031249067,0.10159082031249067
5,7.502000000000001,10.5102825,-3.0082825164794915,3.0082825164794915
5,126.50899999999966,123.43648,3.072522338866847,3.072522338866847
5,12.12100000000001,10.48644,1.6345602951049898,1.6345602951049898
5,44.880000000000045,45.512123,-0.6321231079101111,0.6321231079101111
5,3.2189999999999976,2.809676,0.40932406806945565,0.40932406806945565
5,6.47099999999999,6.6396246,-0.16862459564209953,0.16862459564209953
5,10.229,9.9289055,0.30009451293945233,0.30009451293945233
5,60.791000000000004,74.23005,-13.439049133300777,13.439049133300777
5,37.70900000000003,47.908802,-10.199802032470672,10.199802032470672
5,5.48,8.027934,-2.547934074401855,2.547934074401855
5,10.140999999999991,10.893389,-0.7523887481689542,0.7523887481689542
5,8.349000000000014,10.216058,-1.8670577774047707,1.8670577774047707
5,2.598999999999998,3.1120644,-0.5130643615722676,0.5130643615722676
5,52.812000000000126,53.686348,-0.8743479614256557,0.8743479614256557
5,31.149,23.080471,8.068528961181642,8.068528961181642
5,142.8600000000002,135.53493,7.32507263183615,7.32507263183615
5,83.92100000000055,86.671745,-2.7507453002924223,2.7507453002924223
5,89.13000000000056,96.8489,-7.71889984130803,7.71889984130803
5,273.807999999998,274.59113,-0.7831254882832468,0.7831254882832468
5,13.071000000000003,12.927256,0.14374436950683922,0.14374436950683922
5,133.88000000000045,151.25447,-17.374470825194862,17.374470825194862
5,15.890000000000011,17.726814,-1.83681427001952,1.83681427001952
5,20.59999999999993,22.801506,-2.2015060424805384,2.2015060424805384
5,8.590999999999985,8.99908,-0.4080797042846829,0.4080797042846829
5,22.21999999999985,22.648645,-0.4286454010011269,0.4286454010011269
5,23.948000000000096,22.60988,1.338119552612401,1.338119552612401
5,29.55100000000006,25.338337,4.212663055419981,4.212663055419981
5,11.181000000000004,10.533152,0.6478483734130904,0.6478483734130904
5,150.8289999999997,151.24648,-0.4174752197268674,0.4174752197268674
5,29.98100000000003,26.770145,3.2108545837402644,3.2108545837402644
5,124.14800000000028,140.60847,-16.460474731445032,16.460474731445032
5,10.489000000000017,8.837283,1.6517168655395675,1.6517168655395675
5,104.0619999999994,124.280876,-20.218876159668568,20.218876159668568
5,14.980000000000093,14.569449,0.41055057525644045,0.41055057525644045
5,242.0799999999996,251.70981,-9.629808349609789,9.629808349609789
5,284.4510000000003,283.51794,0.933055664062806,0.933055664062806
5,267.51999999999805,280.81537,-13.2953686523457,13.2953686523457
5,15.74800000000008,21.432245,-5.684245254516522,5.684245254516522
5,145.59199999999973,126.213165,19.378834716796604,19.378834716796604
5,49.14000000000007,28.784676,20.35532440185554,20.35532440185554
5,14.519999999999987,14.115287,0.4047131729125848,0.4047131729125848
5,66.66999999999985,60.015457,6.654542846679533,6.654542846679533
5,105.02900000000044,110.313255,-5.284255310058157,5.284255310058157
5,304.82000000000096,299.48578,5.3342211914072095,5.3342211914072095
5,308.1889999999999,298.48676,9.702244628906158,9.702244628906158
5,306.8019999999996,290.7893,16.012693359374623,16.012693359374623
5,309.57899999999944,311.35733,-1.7783303222661857,1.7783303222661857
5,314.03,312.71545,1.3145458984374727,1.3145458984374727
5,305.83000000000044,300.02438,5.805616455078564,5.805616455078564
5,27.11000000000019,25.942957,1.1670430755617147,1.1670430755617147
5,230.50999999999925,188.75392,41.75607849121019,41.75607849121019
5,239.7600000000012,221.46046,18.29953552246215,18.29953552246215
5,74.94000000000005,85.91388,-10.973879394531195,10.973879394531195
5,266.57999999999794,260.37445,6.205549316404188,6.205549316404188
5,318.91099999999807,296.01935,22.89165185546682,22.89165185546682
5,311.9090000000003,296.9766,14.932406982422151,14.932406982422151
5,298.57100000000025,298.62973,-0.05873022460912125,0.05873022460912125
5,311.75800000000027,302.30798,9.450016601562766,9.450016601562766
5,276.1220000000004,271.22278,4.899221679687912,4.899221679687912
5,19.27000000000011,15.041246,4.228753585815539,4.228753585815539
5,55.029999999999966,44.59777,10.432229309081997,10.432229309081997
5,33.24000000000008,23.070665,10.16933464050301,10.16933464050301
5,83.25000000000048,76.215675,7.034324645996577,7.034324645996577
5,30.97000000000001,24.31219,6.657810897827158,6.657810897827158
5,149.93999999999994,145.21852,4.721478881835878,4.721478881835878
5,143.06999999999996,132.49551,10.57448608398434,10.57448608398434
5,162.7980000000002,146.17314,16.624858520508013,16.624858520508013
5,24.880000000000088,31.295763,-6.4157630157469825,6.4157630157469825
5,152.20199999999872,173.44934,-21.24734082031378,21.24734082031378
5,144.36000000000013,156.95901,-12.599014892577998,12.599014892577998
5,175.75999999999993,156.60068,19.15932250976556,19.15932250976556
5,170.96999999999954,170.54117,0.4288317871089191,0.4288317871089191
5,15.640000000000006,17.130417,-1.4904168701171816,1.4904168701171816
5,11.43999999999999,16.854496,-5.414496002197275,5.414496002197275
5,169.11999999999867,168.73865,0.3813525390611687,0.3813525390611687
5,86.61000000000003,88.69805,-2.088051452636691,2.088051452636691
5,95.2800000000001,99.68925,-4.409247131347556,4.409247131347556
5,250.7299999999992,248.93814,1.791859130858569,1.791859130858569
5,304.200000000002,297.09274,7.107257080080103,7.107257080080103
5,306.0100000000024,301.98062,4.029378662111753,4.029378662111753
5,286.02199999999925,295.53986,-9.517855957031998,9.517855957031998
5,293.43600000000083,291.87173,1.5642653808602063,1.5642653808602063
5,267.0940000000001,275.90732,-8.813318115234267,8.813318115234267
5,167.4979999999994,186.03044,-18.532441284180294,18.532441284180294
5,188.01999999999973,171.04251,16.9774890136716,16.9774890136716
5,251.76000000000028,249.89514,1.8648583984377751,1.8648583984377751
5,291.83999999999975,287.09497,4.745029296874748,4.745029296874748
5,288.7799999999994,287.23694,1.5430615234369043,1.5430615234369043
5,281.05999999999904,272.24414,8.815859374999036,8.815859374999036
5,277.232,266.41473,10.817266113281278,10.817266113281278
5,275.6379999999985,266.05643,9.581572998045374,9.581572998045374
5,198.9399999999995,174.83035,24.10964721679636,24.10964721679636
5,10.95000000000001,7.301173,3.648826789855967,3.648826789855967
5,23.00200000000006,18.031025,4.970975067138731,4.970975067138731
5,64.84999999999994,55.324543,9.52545700073236,9.52545700073236
5,176.7199999999999,202.92786,-26.207856445312586,26.207856445312586
5,93.45999999999997,96.72995,-3.2699499511719097,3.2699499511719097
5,73.31800000000005,64.08154,9.236457031250055,9.236457031250055
5,24.410000000000025,45.257298,-20.847297515869116,20.847297515869116
5,46.42000000000001,36.26297,10.157030029296884,10.157030029296884
5,287.00999999999937,279.77362,7.236379394530616,7.236379394530616
5,259.54999999999774,231.24815,28.3018463134743,28.3018463134743
5,81.90000000000022,99.05726,-17.157258605956812,17.157258605956812
5,69.10199999999995,77.765465,-8.663464782714897,8.663464782714897
5,262.87799999999885,289.55267,-26.6746733398449,26.6746733398449
5,147.64200000000076,161.69214,-14.050138671874237,14.050138671874237
5,205.99799999999908,175.2108,30.787199829100643,30.787199829100643
5,256.06000000000097,241.246,14.813997802735344,14.813997802735344
5,254.18,252.50354,1.6764599609375068,1.6764599609375068
5,252.702000000001,253.19495,-0.49294628906150706,0.49294628906150706
5,253.96000000000083,245.84776,8.112236938477395,8.112236938477395
5,243.73000000000036,235.56487,8.165134887695672,8.165134887695672
5,181.4979999999995,192.83846,-11.340455200195805,11.340455200195805
5,176.80999999999918,177.04768,-0.23768371582113446,0.23768371582113446
5,158.93200000000004,168.65594,-9.723944824218705,9.723944824218705
5,69.26800000000006,63.8252,5.442800872802792,5.442800872802792
5,62.60000000000021,56.04446,6.555539703369348,6.555539703369348
5,166.34,160.93845,5.401553955078128,5.401553955078128
5,145.7379999999999,133.3272,12.410805786132698,12.410805786132698
5,117.31199999999994,126.663666,-9.351665771484434,9.351665771484434
5,237.3000000000018,220.71689,16.583111572267427,16.583111572267427
5,120.80999999999982,136.9928,-16.182797851562682,16.182797851562682
5,116.98000000000012,110.45088,6.529118041992305,6.529118041992305
5,36.76999999999994,38.815006,-2.0450062561035764,2.0450062561035764
5,127.89999999999972,173.50163,-45.601632690429966,45.601632690429966
5,142.69000000000045,121.16935,21.520650329590296,21.520650329590296
5,234.63800000000023,221.4215,13.216506469726795,13.216506469726795
5,40.631999999999934,38.410255,2.2217445678710277,2.2217445678710277
5,51.33999999999998,47.729927,3.610072937011701,3.610072937011701
5,134.07999999999984,143.74962,-9.669618530273596,9.669618530273596
5,107.00000000000011,114.93185,-7.93184661865223,7.93184661865223
5,173.3500000000005,183.7389,-10.388906860351057,10.388906860351057
5,222.6700000000004,230.80803,-8.138029174804274,8.138029174804274
5,219.32800000000063,220.19272,-0.8647185058587468,0.8647185058587468
5,218.58000000000047,209.48505,9.094953613281717,9.094953613281717
5,203.0819999999998,196.14111,6.940886718749795,6.940886718749795
5,174.34999999999894,162.56876,11.781243896483318,11.781243896483318
5,163.50000000000003,164.19589,-0.6958923339843466,0.6958923339843466
5,93.00200000000004,92.271126,0.7308742065430067,0.7308742065430067
5,109.02800000000002,116.94149,-7.913490173339824,7.913490173339824
5,29.49799999999989,24.169659,5.328341339111219,5.328341339111219
5,188.0039999999997,192.16777,-4.163770385742481,4.163770385742481
5,200.64799999999963,217.75214,-17.104136230469123,17.104136230469123
5,154.71999999999997,137.89151,16.828489990234345,16.828489990234345
5,158.55200000000008,159.20703,-0.6550312499999222,0.6550312499999222
5,175.3599999999999,176.28687,-0.9268652343751,0.9268652343751
5,75.66999999999992,150.9505,-75.28050048828133,75.28050048828133
5,145.54799999999997,153.23012,-7.682117797851589,7.682117797851589
5,149.07999999999973,164.68008,-15.600084228515897,15.600084228515897
5,154.94000000000003,160.16133,-5.221331176757786,5.221331176757786
5,163.4879999999998,168.22961,-4.741614257812699,4.741614257812699
5,178.10200000000015,184.74626,-6.6442615966795415,6.6442615966795415
5,176.06199999999995,172.54263,3.51936694335933,3.51936694335933
5,105.16799999999984,143.58781,-38.41981433105485,38.41981433105485
5,180.3000000000002,174.64091,5.659085083008023,5.659085083008023
5,170.4019999999999,175.85182,-5.449821899414161,5.449821899414161
5,55.39799999999995,59.94205,-4.544050933837937,4.544050933837937
5,157.90600000000003,148.88417,9.021829467773472,9.021829467773472
5,181.69600000000008,177.28879,4.407212158203208,4.407212158203208
5,106.40000000000006,109.88037,-3.4803710937499375,3.4803710937499375
5,53.001999999999995,53.376633,-0.37463269042969216,0.37463269042969216
5,86.298,87.19276,-0.8947566528320294,0.8947566528320294
5,120.50000000000009,138.87956,-18.379562377929602,18.379562377929602
5,161.5980000000001,160.14258,1.4554218750000985,1.4554218750000985
5,64.60000000000001,72.76678,-8.16677703857421,8.16677703857421
5,150.4020000000002,161.28506,-10.88306469726541,10.88306469726541
5,131.09800000000004,142.72704,-11.629035522460896,11.629035522460896
5,160.80200000000022,158.74896,2.05303759765647,2.05303759765647
5,104.89800000000017,119.8551,-14.957102539062333,14.957102539062333
5,159.6999999999999,163.98445,-4.284451293945409,4.284451293945409
5,100.802,109.851295,-9.0492954711914,9.0492954711914
5,145.102,129.55959,15.542414428710941,15.542414428710941
5,55.196,59.990005,-4.7940054931640645,4.7940054931640645
5,160.0999999999998,155.62251,4.477487182616983,4.477487182616983
5,156.004,158.19774,-2.193738647460947,2.193738647460947
5,154.49599999999998,148.99442,5.501584716796856,5.501584716796856
5,157.298,155.847,1.4509998779296893,1.4509998779296893
5,161.10400000000033,154.93799,6.166011718750326,6.166011718750326
5,158.4999999999998,153.63449,4.865509033202926,4.865509033202926
5,157.89999999999995,154.32967,3.5703338623046363,3.5703338623046363
5,159.00199999999975,163.21153,-4.209532592773684,4.209532592773684
5,168.19599999999974,161.90819,6.287812133788805,6.287812133788805
5,166.0019999999998,152.29431,13.70768847656231,13.70768847656231
5,175.09800000000013,175.37112,-0.2731242675779981,0.2731242675779981
5,165.20200000000014,167.075,-1.8729969482420472,1.8729969482420472
5,161.79799999999975,161.70195,0.09604992675755852,0.09604992675755852
5,156.30000000000007,139.27692,17.023083496093818,17.023083496093818
5,116.5999999999999,105.55887,11.04113159179677,11.04113159179677
5,143.8980000000003,137.69342,6.204579589844059,6.204579589844059
5,173.6039999999997,166.25694,7.347057250976263,7.347057250976263
5,169.39799999999974,172.8736,-3.4755961914065097,3.4755961914065097
5,92.1040000000001,91.20067,0.9033316650391612,0.9033316650391612
5,125.69800000000026,125.22775,0.4702473144533883,0.4702473144533883
5,141.2,140.4899,0.7101013183593636,0.7101013183593636
5,93.60000000000004,86.60945,6.9905487060547244,6.9905487060547244
5,167.5999999999999,151.25761,16.34238586425772,16.34238586425772
5,180.902,187.51176,-6.609764526367201,6.609764526367201
5,179.69599999999988,176.41234,3.2836617431639468,3.2836617431639468
5,158.8979999999999,158.19911,0.6988880615233484,0.6988880615233484
5,118.20399999999984,125.050865,-6.8468651733400065,6.8468651733400065
5,154.30000000000018,158.1812,-3.8811981201170056,3.8811981201170056
5,142.49999999999994,159.77269,-17.272689819335994,17.272689819335994
5,165.59799999999967,165.41565,0.18235058593717213,0.18235058593717213
5,173.90400000000002,180.65329,-6.74928979492185,6.74928979492185
5,174.6959999999997,181.08383,-6.387831787109661,6.387831787109661
5,177.09999999999982,186.86261,-9.762609863281426,9.762609863281426
5,170.6,170.64557,-0.045568847656255684,0.045568847656255684
5,112.60200000000002,95.76488,16.83712268066408,16.83712268066408
5,40.40000000000006,38.6841,1.7158988952637344,1.7158988952637344
5,185.8980000000001,186.91415,-1.0161540527342652,1.0161540527342652
5,128.20200000000008,131.414,-3.2120014648436666,3.2120014648436666
5,150.3020000000003,140.9806,9.321393920898743,9.321393920898743
5,190.4980000000004,189.57114,0.9268635253910134,0.9268635253910134
5,163.1979999999999,169.2178,-6.019803955078231,6.019803955078231
5,156.10199999999952,178.36543,-22.263432739258292,22.263432739258292
5,196.80000000000024,199.34125,-2.5412475585935113,2.5412475585935113
5,144.0999999999999,146.95331,-2.853308105468841,2.853308105468841
5,173.9960000000003,179.28001,-5.284014038085644,5.284014038085644
5,32.00399999999995,45.728806,-13.72480554199224,13.72480554199224
5,195.39999999999955,204.3955,-8.995492553711387,8.995492553711387
5,156.10000000000036,138.41747,17.682534790039426,17.682534790039426
5,193.1040000000005,184.1522,8.951793579102059,8.951793579102059
5,150.89599999999982,157.17949,-6.2834891357423714,6.2834891357423714
5,162.19799999999913,168.68195,-6.483945800782124,6.483945800782124
5,183.30000000000007,176.06557,7.234432983398506,7.234432983398506
5,170.80000000000035,173.28642,-2.486422729491835,2.486422729491835
5,111.89999999999915,125.98204,-14.082040405274284,14.082040405274284
5,204.2980000000008,204.00638,0.2916218261726726,0.2916218261726726
5,59.402000000000015,73.71404,-14.312042663574204,14.312042663574204
5,160.70200000000025,167.88116,-7.179164550780996,7.179164550780996
5,153.2020000000002,137.84312,15.35887561035176,15.35887561035176
5,26.59799999999996,14.7676935,11.830306480407675,11.830306480407675
5,235.0020000000005,257.34323,-22.341231201171382,22.341231201171382
5,231.29800000000003,242.17813,-10.880131103515595,10.880131103515595
5,231.3999999999994,252.00806,-20.60805664062559,20.60805664062559
5,230.0020000000009,238.9717,-8.969694946288172,8.969694946288172
5,231.29600000000087,232.11438,-0.8183798828116267,0.8183798828116267
5,225.5019999999998,228.03941,-2.537413452148627,2.537413452148627
5,228.89599999999984,220.39099,8.505008789062344,8.505008789062344
5,177.3019999999995,145.71735,31.58465380859326,31.58465380859326
5,154.6000000000009,116.31246,38.28753814697356,38.28753814697356
5,233.9000000000009,238.52516,-4.625161743163176,4.625161743163176
5,237.904,243.31218,-5.408179565429691,5.408179565429691
5,170.49799999999962,185.4087,-14.910706665039442,14.910706665039442
5,230.10199999999955,205.75276,24.349238159179237,24.349238159179237
5,244.49799999999985,256.47275,-11.974747802734527,11.974747802734527
5,250.2980000000023,259.3939,-9.095890380857071,9.095890380857071
5,138.60200000000015,193.18423,-54.58223461914048,54.58223461914048
5,217.4020000000005,214.34111,3.060889770508311,3.060889770508311
5,126.4999999999997,133.51718,-7.017181396484673,7.017181396484673
5,35.998,31.328302,4.669697616577146,4.669697616577146
5,115.39799999999993,126.56104,-11.163042785644606,11.163042785644606
5,233.6999999999979,258.06577,-24.36576538086146,24.36576538086146
5,150.6019999999985,138.2551,12.346903564451623,12.346903564451623
5,228.7019999999996,210.25209,18.449909545898038,18.449909545898038
5,228.0979999999995,224.29765,3.800346801757314,3.800346801757314
5,234.5000000000008,244.92458,-10.424575805663267,10.424575805663267
5,255.5999999999992,248.839,6.760995483397636,6.760995483397636
5,212.7999999999992,231.98047,-19.180468750000813,19.180468750000813
5,108.00199999999964,96.79124,11.210763122558234,11.210763122558234
5,277.7980000000016,250.93419,26.863811157228156,26.863811157228156
5,278.8980000000006,283.9588,-5.060801269530657,5.060801269530657
5,277.6000000000007,278.14737,-0.5473693847649201,0.5473693847649201
5,288.50399999999763,279.5171,8.986910156247632,8.986910156247632
5,141.29999999999995,129.55151,11.748486328124955,11.748486328124955
5,118.09599999999992,113.637184,4.458815856933512,4.458815856933512
5,63.5039999999999,62.865227,0.6387732543944296,0.6387732543944296
5,55.0979999999999,43.422134,11.675865600585837,11.675865600585837
5,33.50000000000017,27.943754,5.556245803833178,5.556245803833178
5,24.395999999999997,20.096592,4.299408050537107,4.299408050537107
5,89.30400000000006,84.712875,4.591124633789121,4.591124633789121
5,192.6939999999998,175.8647,16.829299682616977,16.829299682616977
5,122.70200000000024,95.85565,26.84634814453149,26.84634814453149
5,98.80599999999968,98.3408,0.4652025756832785,0.4652025756832785
5,56.79800000000007,58.558014,-1.7600139160155521,1.7600139160155521
5,194.7999999999996,209.54372,-14.743716430664449,14.743716430664449
5,54.29600000000008,52.33458,1.96142053222664,1.96142053222664
5,31.008,33.546482,-2.5384820861816415,2.5384820861816415
5,23.39800000000001,20.935425,2.4625751953125103,2.4625751953125103
5,71.50200000000001,85.34334,-13.841338012695303,13.841338012695303
5,26.394000000000023,19.863031,6.530968612670922,6.530968612670922
5,46.10400000000016,46.43828,-0.33427819824202487,0.33427819824202487
5,105.7979999999996,86.03755,19.76044812011679,19.76044812011679
5,239.19999999999945,245.4445,-6.244503784180239,6.244503784180239
5,144.4000000000012,145.52325,-1.1232543945300506,1.1232543945300506
5,176.70399999999975,166.85475,9.84924841308569,9.84924841308569
5,279.4939999999988,284.14355,-4.649554687501222,4.649554687501222
5,32.6039999999999,28.676739,3.927261260986228,3.927261260986228
5,256.59399999999897,246.28703,10.306966918944283,10.306966918944283
5,87.80199999999985,97.63763,-9.835626647949368,9.835626647949368
5,50.60000000000005,58.163204,-7.563204193115183,7.563204193115183
5,17.403999999999982,15.532302,1.871698097228986,1.871698097228986
5,99.49599999999992,82.22683,17.26917047119133,17.26917047119133
5,14.204,11.000577,3.203423027038575,3.203423027038575
5,28.496,31.754858,-3.2588580169677748,3.2588580169677748
5,35.20199999999998,19.787933,15.414066650390602,15.414066650390602
5,183.30000000000163,190.10068,-6.800677490232744,6.800677490232744
5,198.2979999999981,192.53238,5.765620849607473,5.765620849607473
5,285.796000000001,277.8224,7.9736123046885155,7.9736123046885155
5,83.6080000000003,68.416275,15.19172497558624,15.19172497558624
5,15.702000000000032,14.161192,1.5408080596924147,1.5408080596924147
5,13.792,13.097696,0.6943036956787108,0.6943036956787108
5,43.00399999999989,49.238804,-6.234803863525499,6.234803863525499
5,158.9979999999998,161.80435,-2.8063518066408335,2.8063518066408335
5,11.298,7.4700313,3.8279687385559082,3.8279687385559082
5,107.40200000000026,115.44631,-8.044311950683337,8.044311950683337
5,36.60400000000002,34.67308,1.930919555664083,1.930919555664083
5,91.49800000000124,89.59976,1.898238037110616,1.898238037110616
5,106.59800000000004,110.09357,-3.4955668945312084,3.4955668945312084
5,49.304,44.485363,4.818636993408205,4.818636993408205
5,23.494,23.722042,-0.2280420837402346,0.2280420837402346
5,12.3,11.082665,1.2173345565795906,1.2173345565795906
5,100.5999999999987,111.94827,-11.348272705079424,11.348272705079424
5,18.004,14.517665,3.4863350906372084,3.4863350906372084
5,10.8,12.493186,-1.6931859970092766,1.6931859970092766
5,83.6980000000006,100.13007,-16.432073547362677,16.432073547362677
5,49.102,24.468348,24.63365245056152,24.63365245056152
5,87.40199999999996,85.89011,1.5118937988280834,1.5118937988280834
5,43.89799999999987,43.791245,0.10675549316393074,0.10675549316393074
5,153.4000000000008,171.13634,-17.736337280272636,17.736337280272636
5,7.000000000000001,6.3005505,0.6994495391845712,0.6994495391845712
5,22.79799999999999,23.536938,-0.7389377136230557,0.7389377136230557
5,15.3,14.0919895,1.2080104827880866,1.2080104827880866
5,9.504,11.352597,-1.8485972366333012,1.8485972366333012
5,44.59600000000004,35.28568,9.310321136474649,9.310321136474649
5,70.502,69.68696,0.8150416870117141,0.8150416870117141
5,26.20399999999999,25.971914,0.23208570861815403,0.23208570861815403
5,88.19399999999949,72.48378,15.710220092772929,15.710220092772929
5,23.800000000000008,18.430645,5.369355010986336,5.369355010986336
5,111.103999999999,88.47952,22.62447729492088,22.62447729492088
5,81.49399999999929,72.49452,8.999477905272727,8.999477905272727
5,21.90399999999997,17.711023,4.192976669311495,4.192976669311495
5,8.698,5.4705954,3.2274046401977543,3.2274046401977543
5,223.00199999999964,226.1908,-3.18879589843786,3.18879589843786
5,20.9,24.316074,-3.416074371337892,3.416074371337892
5,240.7999999999994,232.48785,8.312145996093136,8.312145996093136
5,252.49800000000064,257.67307,-5.175065185546231,5.175065185546231
5,242.6020000000006,244.12224,-1.5202381591790868,1.5202381591790868
5,112.29800000000031,114.859085,-2.561085083007498,2.561085083007498
5,141.2059999999991,144.98012,-3.7741177978524547,3.7741177978524547
5,17.796,13.742834,4.053165908813476,4.053165908813476
5,10.596,9.988862,0.6071379623413087,0.6071379623413087
5,15.305999999999967,13.809187,1.4968130645751625,1.4968130645751625
5,222.4960000000005,218.84555,3.6504494628911175,3.6504494628911175
5,5.804,4.7760553,1.0279446640014651,1.0279446640014651
5,56.69600000000009,47.28781,9.408188720703215,9.408188720703215
5,24.89800000000003,19.597689,5.300311325073274,5.300311325073274
5,77.70400000000072,69.73267,7.971326354981187,7.971326354981187
5,3.598,5.7724934,-2.174493362426758,2.174493362426758
5,102.39999999999957,87.26624,15.133757019042534,15.133757019042534
5,62.49999999999992,62.007683,0.4923171997069531,0.4923171997069531
5,60.49799999999991,59.95641,0.5415905456542092,0.5415905456542092
5,14.20399999999993,13.754324,0.44967604064934363,0.44967604064934363
5,3.904,3.7573798,0.14662022972106925,0.14662022972106925
5,121.79600000000072,129.26784,-7.4718375244133455,7.4718375244133455
5,9.098,7.9803843,1.1176156501770027,1.1176156501770027
5,19.90399999999996,19.216444,0.6875559844970311,0.6875559844970311
5,61.10199999999965,42.15181,18.950190307616836,18.950190307616836
5,43.798,45.416813,-1.6188128967285138,1.6188128967285138
5,39.4040000000001,41.62516,-2.2211602172850533,2.2211602172850533
5,21.69,13.6801,8.009899559020997,8.009899559020997
5,156.10599999999948,145.11562,10.99038415527292,10.99038415527292
5,42.29600000000004,36.70318,5.592821594238323,5.592821594238323
5,14.40400000000002,15.19854,-0.7945397338866993,0.7945397338866993
5,155.7960000000001,159.93044,-4.1344351806639565,4.1344351806639565
5,5.306,5.8595133,-0.5535132827758789,0.5535132827758789
5,9.194,14.530354,-5.336353546142577,5.336353546142577
5,34.69799999999997,28.908525,5.789474533081027,5.789474533081027
5,124.30199999999992,107.760475,16.541524841308515,16.541524841308515
5,30.103999999999857,30.317533,-0.2135334930421351,0.2135334930421351
5,105.99800000000046,101.67801,4.319990966797334,4.319990966797334
5,29.39800000000003,22.82222,6.575780151367219,6.575780151367219
5,11.902,10.104274,1.7977262039184563,1.7977262039184563
5,24.702,25.792974,-1.0909744720458967,1.0909744720458967
5,17.49799999999995,14.72364,2.77435955810542,2.77435955810542
5,114.99999999999972,120.22252,-5.222518920898722,5.222518920898722
5,90.09600000000026,77.69417,12.401831909179947,12.401831909179947
5,75.2060000000005,67.14166,8.06433740234425,8.06433740234425
5,34.99600000000007,41.597412,-6.601412109374927,6.601412109374927
5,244.2060000000009,248.3058,-4.099801391600664,4.099801391600664
5,221.19599999999835,215.05066,6.1453408203108495,6.1453408203108495
5,15.89800000000003,12.657861,3.2401392440796197,3.2401392440796197
5,51.9,45.16157,6.738428497314452,6.738428497314452
5,36.004,30.77284,5.231159500122068,5.231159500122068
5,272.09799999999876,250.9551,21.1429066162097,21.1429066162097
5,247.8980000000001,238.07463,9.823369262695422,9.823369262695422
5,7.406000000000001,8.579352,-1.1733523788452143,1.1733523788452143
5,19.301999999999996,15.540276,3.7617244262695273,3.7617244262695273
5,212.49199999999888,200.0667,12.425303833006694,12.425303833006694
5,117.4019999999993,114.137825,3.2641749877922734,3.2641749877922734
5,141.9000000000016,117.34163,24.558370971681285,24.558370971681285
5,17.3,13.2810135,4.0189865112304695,4.0189865112304695
5,86.40400000000011,57.113537,29.290463165283313,29.290463165283313
5,55.99600000000001,48.227695,7.768304534912119,7.768304534912119
5,131.69999999999948,136.77934,-5.0793426513677105,5.0793426513677105
5,17.09800000000004,11.001806,6.096193740844768,6.096193740844768
5,12.60000000000002,9.265498,3.334501838684101,3.334501838684101
5,11.201999999999998,4.0097733,7.192226745605467,7.192226745605467
5,8.402000000000001,9.030407,-0.6284069519042959,0.6284069519042959
5,91.40199999999965,102.02174,-10.619743774414417,10.619743774414417
5,245.29600000000093,240.59964,4.696360107422805,4.696360107422805
5,302.3019999999996,298.5234,3.778593017577748,3.778593017577748
5,252.1979999999995,228.5981,23.599901245116683,23.599901245116683
5,236.19600000000068,229.33655,6.85945214843818,6.85945214843818
5,179.5099999999982,172.24551,7.264486083982575,7.264486083982575
5,244.1919999999991,248.99603,-4.804032714844652,4.804032714844652
5,164.2019999999988,166.32616,-2.124156616212133,2.124156616212133
5,146.0979999999996,149.4511,-3.3530955810551006,3.3530955810551006
5,19.502,22.271626,-2.7696255187988292,2.7696255187988292
5,48.4980000000001,46.264465,2.233534667968847,2.233534667968847
5,272.3980000000005,277.95126,-5.553263427733896,5.553263427733896
5,102.4079999999999,99.420975,2.9870252685545893,2.9870252685545893
5,7.696,6.309856,1.386144062042236,1.386144062042236
5,79.2019999999999,69.05093,10.151073791503805,10.151073791503805
5,190.9000000000013,181.86565,9.034353637696626,9.034353637696626
5,115.5980000000001,102.692116,12.905884216308692,12.905884216308692
5,229.20599999999848,204.44153,24.764471679685983,24.764471679685983
5,244.09600000000063,243.58554,0.5104592285162539,0.5104592285162539
5,20.49799999999999,16.515554,3.9824455718994045,3.9824455718994045
5,184.09800000000047,183.64996,0.44803662109421794,0.44803662109421794
5,23.702,25.232662,-1.5306622009277326,1.5306622009277326
5,87.60000000000036,110.19248,-22.592481994628542,22.592481994628542
5,18.40000000000003,20.319958,-1.9199577331542663,1.9199577331542663
5,272.3020000000005,286.56192,-14.25992016601515,14.25992016601515
5,61.9000000000001,73.80563,-11.905633544921777,11.905633544921777
5,153.2980000000002,152.9897,0.30829968261738827,0.30829968261738827
5,19.70000000000005,21.116293,-1.416292953491162,1.416292953491162
5,95.99999999999991,83.41885,12.58114624023429,12.58114624023429
5,99.30400000000004,84.67619,14.627806762695357,14.627806762695357
5,15.892,9.530442,6.3615577621459956,6.3615577621459956
5,12.006,10.399518,1.606481986999512,1.606481986999512
5,59.296,57.52174,1.7742600402832025,1.7742600402832025
5,180.90199999999908,162.80598,18.096015502928765,18.096015502928765
5,176.39800000000085,161.16383,15.234166381836786,15.234166381836786
5,14.8,13.981739,0.8182609558105476,0.8182609558105476
5,119.3000000000001,120.29461,-0.9946090698241221,0.9946090698241221
5,51.80599999999993,45.56859,6.237411743163996,6.237411743163996
5,266.1979999999996,295.22104,-29.023038818359794,29.023038818359794
5,120.10000000000038,121.15748,-1.0574783325191532,1.0574783325191532
5,298.1040000000007,315.89,-17.786014648436776,17.786014648436776
5,226.2023640709824,243.00739,-16.805021182923838,16.805021182923838
5,163.9939999999983,215.14552,-51.15152307129077,51.15152307129077
5,286.2040000000008,281.8662,4.3377890625008035,4.3377890625008035
5,284.2040000000007,286.6139,-2.40989160156181,2.40989160156181
5,267.7999999999991,289.8022,-22.002185058594648,22.002185058594648
5,13.994000000000002,33.129574,-19.135573822021485,19.135573822021485
5,322.0000000000033,311.13977,10.860229492190797,10.860229492190797
5,323.79999999999984,309.6163,14.183697509765466,14.183697509765466
5,318.500000000001,310.91226,7.587738037110398,7.587738037110398
5,310.30000000000194,300.65564,9.644360351564444,9.644360351564444
5,240.8979999999998,242.1314,-1.2333934326173903,1.2333934326173903
5,287.8079999999992,281.0786,6.729386718749197,6.729386718749197
5,283.2959999999995,283.55872,-0.2627158203130193,0.2627158203130193
5,37.69999999999999,39.497505,-1.7975051879882926,1.7975051879882926
5,319.39799999999883,331.27414,-11.876139404298044,11.876139404298044
5,303.7060000000001,321.85696,-18.15096411132805,18.15096411132805
5,301.792,300.475,1.3169938964843482,1.3169938964843482
5,294.5040000000006,299.71994,-5.2159401855462875,5.2159401855462875
5,157.698,147.07027,10.627733276367195,10.627733276367195
5,289.6980000000005,296.06732,-6.369321777343259,6.369321777343259
5,286.6039999999992,298.6277,-12.02368554687581,12.02368554687581
5,279.4979999999976,280.04214,-0.544144775393022,0.544144775393022
5,272.0019999999983,267.948,4.054001953123304,4.054001953123304
5,269.1979999999977,266.50024,2.6977558593727053,2.6977558593727053
5,265.1039999999985,270.58157,-5.477573486329618,5.477573486329618
5,262.39800000000184,270.76743,-8.369425537107531,8.369425537107531
5,267.6999999999984,267.9797,-0.279705810548478,0.279705810548478
5,175.29800000000105,185.57751,-10.279514648436447,10.279514648436447
5,173.50200000000004,182.4978,-8.995802734374962,8.995802734374962
5,284.0020000000012,282.15848,1.8435222167980783,1.8435222167980783
5,264.0960000000018,261.95303,2.1429665527361976,2.1429665527361976
5,214.9039999999998,215.95395,-1.0499489746095776,1.0499489746095776
5,233.39599999999697,232.37366,1.0223427734344739,1.0223427734344739
5,204.7039999999994,177.41338,27.290624145507223,27.290624145507223
5,250.60400000000016,262.427,-11.823001953124844,11.823001953124844
5,254.591999999999,258.31802,-3.726023681641635,3.726023681641635
5,227.0000000000004,222.83452,4.16548156738321,4.16548156738321
5,254.70400000000149,246.4978,8.206197265626486,8.206197265626486
5,249.39599999999743,251.23262,-1.8366202392603839,1.8366202392603839
5,234.9000000000006,229.382,5.517996215820915,5.517996215820915
5,251.4040000000015,244.56151,6.842491821290565,6.842491821290565
5,215.400000000002,210.6169,4.783102416994183,4.783102416994183
5,202.3999999999995,186.631,15.769003295897932,15.769003295897932
5,130.9959999999996,146.68114,-15.685137084961326,15.685137084961326
5,145.3999999999999,141.21567,4.184332275390517,4.184332275390517
5,53.9039999999999,51.32477,2.5792281188963813,2.5792281188963813
5,89.3999999999999,118.13431,-28.73430786132822,28.73430786132822
5,105.79599999999996,99.13319,6.662813659667933,6.662813659667933
5,204.8040000000004,202.56169,2.2423087158207125,2.2423087158207125
5,151.49599999999992,138.0497,13.446302124023362,13.446302124023362
5,45.20000000000002,47.48985,-2.289849090576155,2.289849090576155
5,229.4999999999992,236.16873,-6.668731689453921,6.668731689453921
5,221.89999999999804,228.52917,-6.629174804689455,6.629174804689455
5,195.50399999999985,206.0364,-10.532407470703276,10.532407470703276
5,161.59600000000012,155.561,6.034995361328242,6.034995361328242
5,161.69999999999985,164.39926,-2.6992614746095285,2.6992614746095285
5,19.99999999999996,26.491179,-6.491178512573281,6.491178512573281
5,192.3039999999993,204.07149,-11.767487426758521,11.767487426758521
5,55.89999999999994,46.27426,9.625738525390567,9.625738525390567
5,97.796,95.4923,2.3036980590820377,2.3036980590820377
5,195.4000000000005,192.89584,2.504156494141114,2.504156494141114
5,210.40000000000003,204.4377,5.962301635742222,5.962301635742222
5,206.8999999999992,200.97388,5.92612304687421,5.92612304687421
5,196.00000000000077,200.57124,-4.571243286132045,4.571243286132045
5,193.8999999999993,203.78076,-9.880761718750705,9.880761718750705
5,195.89999999999927,198.11188,-2.2118774414069833,2.2118774414069833
5,193.7039999999999,190.79512,2.9088797607420815,2.9088797607420815
5,116.19599999999976,143.01268,-26.81668005371118,26.81668005371118
5,32.10000000000005,28.50395,3.5960498809814965,3.5960498809814965
5,196.1040000000001,208.42766,-12.323658081054589,12.323658081054589
5,119.796,118.41476,1.3812432250976627,1.3812432250976627
5,193.09999999999872,179.65015,13.449853515623715,13.449853515623715
5,187.90399999999983,187.85275,0.05124731445295083,0.05124731445295083
5,196.49600000000004,195.6087,0.8872963867187877,0.8872963867187877
5,165.99999999999994,171.9083,-5.908294677734432,5.908294677734432
5,182.8000000000008,178.0537,4.74630432128987,4.74630432128987
5,192.1000000000002,187.7044,4.395593261718943,4.395593261718943
5,181.1,172.79248,8.307519531249994,8.307519531249994
5,179.30000000000013,178.31158,0.9884155273438751,0.9884155273438751
5,124.3000000000001,100.34165,23.95834808349619,23.95834808349619
5,87.1,58.89322,28.20678100585937,28.20678100585937
5,54.00400000000015,30.990763,23.013237289428858,23.013237289428858
5,48.29600000000002,56.713085,-8.417085174560526,8.417085174560526
5,123.7040000000001,126.674805,-2.970804687499907,2.970804687499907
5,173.8999999999993,177.08955,-3.1895538330085174,3.1895538330085174
5,58.20000000000002,61.84584,-3.6458404541015454,3.6458404541015454
5,74.69999999999996,72.53463,2.1653701782226165,2.1653701782226165
5,142.49600000000015,145.09619,-2.6001914062498486,2.6001914062498486
5,170.40000000000026,167.3807,3.0192932128908865,3.0192932128908865
5,142.7,131.13144,11.568560791015614,11.568560791015614
5,59.90399999999982,60.745995,-0.841994567871275,0.841994567871275
5,105.3000000000001,110.59316,-5.293162536620997,5.293162536620997
5,118.89599999999992,123.25771,-4.361713317871178,4.361713317871178
5,51.39999999999998,62.063843,-10.663842773437523,10.663842773437523
5,102.30000000000004,117.45036,-15.150363159179648,15.150363159179648
5,117.4000000000001,122.086266,-4.686265563964739,4.686265563964739
5,85.60399999999993,85.636475,-0.03247460937507185,0.03247460937507185
5,150.40000000000015,147.04008,3.3599151611329603,3.3599151611329603
5,169.20000000000022,171.93564,-2.735638427734159,2.735638427734159
5,170.3959999999999,165.74739,4.648609252929589,4.648609252929589
5,169.1000000000001,163.71819,5.3818145751954205,5.3818145751954205
5,166.99999999999986,150.2512,16.74879455566392,16.74879455566392
5,128.1000000000001,115.06128,13.038720703125108,13.038720703125108
5,141.2040000000001,140.30229,0.9017081298829055,0.9017081298829055
5,114.49599999999994,114.52228,-0.026277832031311732,0.026277832031311732
5,139.70000000000005,142.22191,-2.521908569335892,2.521908569335892
5,103.2039999999999,108.72663,-5.522631164550887,5.522631164550887
5,143.09599999999983,130.12856,12.96744470214827,12.96744470214827
5,104.8,110.63061,-5.830607604980472,5.830607604980472
5,134.39999999999986,134.17317,0.22682800292955108,0.22682800292955108
5,169.7039999999999,163.5515,6.1525015869139565,6.1525015869139565
5,115.4959999999999,126.9277,-11.431696228027448,11.431696228027448
5,171.19999999999976,176.65338,-5.453381347656489,5.453381347656489
5,174.6,175.08228,-0.4822753906250057,0.4822753906250057
5,153.90000000000035,164.28122,-10.381219482421528,10.381219482421528
5,160.39999999999995,162.26361,-1.8636108398438012,1.8636108398438012
5,126.7040000000001,137.21664,-10.512644287109282,10.512644287109282
5,174.89600000000002,173.78807,1.1079293212890775,1.1079293212890775
5,181.20000000000013,184.56587,-3.3658721923826818,3.3658721923826818
5,189.29999999999944,192.70207,-3.4020721435552446,3.4020721435552446
5,161.8999999999999,161.44736,0.452642822265517,0.452642822265517
5,82.4040000000001,71.48127,10.922730163574315,10.922730163574315
5,22.99600000000001,25.043638,-2.047638229370108,2.047638229370108
5,139.00399999999993,149.05013,-10.046125122070379,10.046125122070379
5,181.50399999999965,181.15955,0.3444541015621496,0.3444541015621496
5,170.89199999999994,156.54137,14.350633422851502,14.350633422851502
5,161.1925576206892,166.85902,-5.666466427162362,5.666466427162362
5,176.9244413855302,167.16153,9.762911844514576,9.762911844514576
5,186.5959999999988,192.49532,-5.899315551759003,5.899315551759003
5,190.30000000000027,193.14279,-2.842791748046608,2.842791748046608
5,112.2039999999998,109.280334,2.9236655273435446,2.9236655273435446
5,151.99600000000038,157.9105,-5.914507202148059,5.914507202148059
5,133.7,131.8024,1.8976013183593636,1.8976013183593636
5,190.2039999999993,175.74992,14.45407629394461,14.45407629394461
5,143.79999999999998,148.21062,-4.4106170654297046,4.4106170654297046
5,197.1000000000012,196.89828,0.20171508789181303,0.20171508789181303
5,196.8960000000004,196.81392,0.08208093261760041,0.08208093261760041
5,195.1040000000004,191.43745,3.666545776367599,3.666545776367599
5,155.7,151.07417,4.625827026367176,4.625827026367176
5,59.79599999999994,38.75348,21.042520996093693,21.042520996093693
5,102.60000000000002,113.547134,-10.94713439941404,10.94713439941404
5,143.80399999999997,149.35175,-5.547745605468776,5.547745605468776
5,210.9959999999999,210.36388,0.6321236572264581,0.6321236572264581
5,207.60000000000065,204.26381,3.3361907958990855,3.3361907958990855
5,204.00400000000073,202.11047,1.8935263671882296,1.8935263671882296
5,205.4959999999999,201.89838,3.5976235351561456,3.5976235351561456
5,206.2040000000004,207.12552,-0.9215187988277194,0.9215187988277194
5,204.1959999999995,190.22191,13.974091430663549,13.974091430663549
5,158.5999999999994,145.79266,12.807336425780647,12.807336425780647
5,145.9999999999996,132.50912,13.490875244140227,13.490875244140227
5,80.208,144.43353,-64.22553271484375,64.22553271484375
5,93.49599999999988,91.2573,2.238698669433475,2.238698669433475
5,204.2000000000018,202.90485,1.2951538085955576,1.2951538085955576
5,169.5000000000001,158.61815,10.881851196289176,10.881851196289176
5,153.2000000000002,141.36111,11.838885498047063,11.838885498047063
5,133.496,122.02858,11.467420288085947,11.467420288085947
5,186.0000000000004,178.1227,7.877304077148835,7.877304077148835
5,228.40400000000076,220.98416,7.419838623047639,7.419838623047639
5,203.19599999999983,207.11557,-3.9195700683595476,3.9195700683595476
5,176.3999999999992,188.79196,-12.391961669922665,12.391961669922665
5,156.3999999999999,136.77394,19.62605895996083,19.62605895996083
5,177.404,179.35944,-1.9554360351562536,1.9554360351562536
5,105.79600000000003,98.891815,6.90418481445316,6.90418481445316
5,256.8040000000018,253.95758,2.8464194335955426,2.8464194335955426
5,199.59600000000017,212.34369,-12.747688964843576,12.747688964843576
5,48.40000000000001,50.925194,-2.525193786621081,2.525193786621081
5,102.19999999999987,90.313034,11.886965942382687,11.886965942382687
5,18.704,19.556217,-0.852217193603515,0.852217193603515
5,129.99999999999991,141.15285,-11.152847290039148,11.152847290039148
5,145.0960000000006,151.73715,-6.6411520996087745,6.6411520996087745
5,266.3000000000004,256.0022,10.29780273437541,10.29780273437541
5,198.4999999999989,202.54703,-4.0470275878917334,4.0470275878917334
5,206.3040000000005,186.00992,20.29408178710989,20.29408178710989
5,146.5959999999999,160.02629,-13.430290893554798,13.430290893554798
5,111.00399999999983,113.33512,-2.331121154785322,2.331121154785322
5,275.39600000000223,289.09442,-13.698421386716518,13.698421386716518
5,271.5040000000017,277.7124,-6.208402343748276,6.208402343748276
5,269.69599999999883,279.68198,-9.985976318360542,9.985976318360542
5,213.5040000000008,224.6248,-11.120801635741401,11.120801635741401
5,244.1999999999996,250.76505,-6.565045166016034,6.565045166016034
5,244.7959999999992,242.23949,2.556513305663259,2.556513305663259
5,266.50400000000104,264.1684,2.3356040039072923,2.3356040039072923
5,261.20000000000056,256.22235,4.977648925781807,4.977648925781807
5,262.6959999999993,252.19856,10.497437377928975,10.497437377928975
5,188.708,239.23442,-50.52642077636719,50.52642077636719
5,252.5920000000012,249.82355,2.7684526367199567,2.7684526367199567
5,263.90399999999863,262.7707,1.1333090820298821,1.1333090820298821
5,247.4000000000004,257.65393,-10.253930664062096,10.253930664062096
5,261.4000000000011,256.04202,5.357977294922989,5.357977294922989
5,269.3960000000008,254.91565,14.48035058593831,14.48035058593831
5,259.5040000000008,252.88803,6.61596899414144,6.61596899414144
5,148.5960000000001,130.08914,18.506858154296964,18.506858154296964
5,54.80000000000008,52.360832,2.4391677856446137,2.4391677856446137
5,64.19999999999996,58.968674,5.231326293945273,5.231326293945273
5,14.7,14.70425,-0.0042503356933600855,0.0042503356933600855
5,110.5040000000004,105.92125,4.582750610351965,4.582750610351965
5,211.1960000000019,208.48495,2.711045166017527,2.711045166017527
5,23.804,27.597548,-3.793547531127931,3.793547531127931
5,280.69600000000105,278.9286,1.7674111328135496,1.7674111328135496
5,91.89999999999982,91.42905,0.47095336914044594,0.47095336914044594
5,44.504,49.277435,-4.773435302734377,4.773435302734377
5,174.6039999999996,190.38124,-15.777240844726975,15.777240844726975
5,162.79200000000054,169.12885,-6.336845214843208,6.336845214843208
5,34.7,42.914562,-8.214562225341794,8.214562225341794
5,82.69999999999956,74.78421,7.915789794921437,7.915789794921437
5,132.1039999999995,130.24548,1.8585166015620018,1.8585166015620018
5,55.2960000000001,63.38863,-8.09262991332998,8.09262991332998
5,80.00000000000001,71.64005,8.359947204589858,8.359947204589858
5,141.39999999999984,141.10898,0.29102172851546015,0.29102172851546015
5,41.1039999999999,41.936695,-0.8326950988770534,0.8326950988770534
5,86.09600000000061,82.88443,3.2115700683599897,3.2115700683599897
5,181.1000000000003,202.56317,-21.463171386718443,21.463171386718443
5,259.6000000000029,263.80103,-4.201025390622078,4.201025390622078
5,17.4,25.890245,-8.490245437622072,8.490245437622072
5,21.39999999999994,27.62774,-6.22774085998541,6.22774085998541
5,55.6999999999999,67.112854,-11.412854003906347,11.412854003906347
5,128.2040000000004,140.69225,-12.488245483398032,12.488245483398032
5,227.7959999999992,227.634,0.16199731445232146,0.16199731445232146
5,114.39999999999998,124.15232,-9.752320861816429,9.752320861816429
5,43.904,43.1026,0.8013999023437535,0.8013999023437535
5,41.70000000000006,51.29132,-9.59132080078119,9.59132080078119
5,9.296,12.210116,-2.914116386413575,2.914116386413575
5,205.89999999999927,186.96745,18.93254699706958,18.93254699706958
5,176.30399999999997,152.7634,23.5406027832031,23.5406027832031
5,16.0,14.943111,1.0568885803222656,1.0568885803222656
5,109.79599999999994,128.59291,-18.796910766601627,18.796910766601627
5,91.59999999999998,92.94517,-1.3451675415039261,1.3451675415039261
5,24.199999999999992,25.51338,-1.3133800506591875,1.3133800506591875
5,25.99999999999993,25.129562,0.8704376220702414,0.8704376220702414
5,284.5040000000015,306.00568,-21.501676269529753,21.501676269529753
5,10.400000000000013,8.498013,1.9019874572754034,1.9019874572754034
5,32.10000000000001,42.727566,-10.62756576538085,10.62756576538085
5,15.596,17.000866,-1.4048659362792968,1.4048659362792968
5,152.10799999999904,170.71257,-18.60457019043065,18.60457019043065
5,289.1960000000002,325.3331,-36.13709936523418,36.13709936523418
5,263.7,275.11987,-11.419873046875011,11.419873046875011
5,42.39600000000002,50.324608,-7.928607849121072,7.928607849121072
5,46.9,62.046913,-15.146913146972658,15.146913146972658
5,240.900000000001,227.53253,13.36746826171975,13.36746826171975
5,11.104,9.383327,1.7206734695434562,1.7206734695434562
5,10.995999999999999,12.365457,-1.369456581115724,1.369456581115724
5,35.00000000000001,27.520939,7.4790611267089915,7.4790611267089915
5,53.29999999999987,48.407368,4.892632293701041,4.892632293701041
5,239.30400000000105,234.20538,5.098616699219804,5.098616699219804
5,220.5999999999988,209.14236,11.457635498045676,11.457635498045676
5,56.49600000000001,53.20718,3.28881997680665,3.28881997680665
5,107.104,100.71591,6.388088134765624,6.388088134765624
5,268.7999999999999,263.8465,4.953503417968648,4.953503417968648
5,67.19999999999945,63.357674,3.8423263549799174,3.8423263549799174
5,162.9959999999999,118.1782,44.81780023193349,44.81780023193349
5,183.7000000000006,174.41031,9.289691162109989,9.289691162109989
5,213.8999999999994,226.48792,-12.587915039063091,12.587915039063091
5,31.2000000000001,29.247807,1.9521934509278331,1.9521934509278331
5,7.9,7.6946945,0.2053054809570316,0.2053054809570316
5,14.90400000000004,14.214933,0.6890666046142986,0.6890666046142986
5,40.70000000000005,15.712175,24.987824630737357,24.987824630737357
5,176.4040000000007,160.48903,15.914971069336644,15.914971069336644
5,57.59199999999984,46.376392,11.21560763549789,11.21560763549789
5,45.50399999999995,42.767838,2.7361624755858855,2.7361624755858855
5,113.59999999999944,102.42844,11.171563720702565,11.171563720702565
5,9.29200000000001,12.52167,-3.2296703414916887,3.2296703414916887
5,12.503999999999955,15.029918,-2.5259177169800253,2.5259177169800253
5,62.10800000000033,47.1632,14.944799621582362,14.944799621582362
5,6.392,11.419277,-5.027277191162109,5.027277191162109
5,38.60000000000003,31.836878,6.763122177124053,6.763122177124053
5,9.1,9.739077,-0.6390766143798832,0.6390766143798832
5,31.4,34.587948,-3.187947845458986,3.187947845458986
5,92.504,96.48186,-3.9778572998046826,3.9778572998046826
5,8.696,9.391189,-0.6951886215209964,0.6951886215209964
5,9.804,9.014188,0.7898121871948245,0.7898121871948245
5,24.996,35.833405,-10.837404541015626,10.837404541015626
5,9.1,7.7723594,1.327640628814697,1.327640628814697
5,39.4,46.766853,-7.366853332519533,7.366853332519533
5,102.70000000000034,124.476715,-21.77671508789028,21.77671508789028
5,4.3,8.777891,-4.477891159057617,4.477891159057617
5,84.0080000000004,104.81054,-20.802539245605075,20.802539245605075
5,13.296000000000053,11.195466,2.1005339584351113,2.1005339584351113
5,38.69599999999999,58.068596,-19.372595886230478,19.372595886230478
5,40.79999999999997,39.16358,1.6364181518554375,1.6364181518554375
5,9.304,12.451129,-3.1471289596557614,3.1471289596557614
5,11.49999999999998,14.768846,-3.2688455581665234,3.2688455581665234
5,9.3,11.696957,-2.3969566345214837,2.3969566345214837
5,4.1000000000000005,5.815622,-1.7156218528747553,1.7156218528747553
5,19.1,20.822083,-1.7220825195312486,1.7220825195312486
5,52.89599999999961,56.238335,-3.3423346557621088,3.3423346557621088
5,105.59999999999906,110.58965,-4.989653015137662,4.989653015137662
5,11.80400000000001,9.432767,2.3712330856323334,2.3712330856323334
5,31.30399999999999,31.752943,-0.4489430389404383,0.4489430389404383
5,53.396,66.39749,-13.001491455078124,13.001491455078124
5,25.296000000000056,28.157036,-2.8610358276366625,2.8610358276366625
5,15.704,16.996181,-1.2921814880371087,1.2921814880371087
5,36.19600000000005,37.545135,-1.3491354980468273,1.3491354980468273
5,6.2,7.6616096,-1.461609649658203,1.461609649658203
5,9.4,10.705939,-1.3059392929077145,1.3059392929077145
5,5.70000000000001,6.893394,-1.1933939933776756,1.1933939933776756
5,2.204,3.1545095,-0.9505095443725584,0.9505095443725584
5,8.200000000000001,7.361943,0.8380572319030772,0.8380572319030772
5,12.09999999999998,8.462196,3.637803649902324,3.637803649902324
5,79.104,39.19678,39.907218841552734,39.907218841552734
5,198.29199999999875,176.16765,22.124351684569064,22.124351684569064
5,273.3000000000005,249.7006,23.599392700195835,23.599392700195835
5,266.4039999999986,251.87138,14.532616333006388,14.532616333006388
5,2.596,0.5136685,2.0823315224647523,2.0823315224647523
5,104.29999999999994,99.74885,4.551152038574159,4.551152038574159
5,9.704,7.8571353,1.8468647041320807,1.8468647041320807
5,234.4982540401805,243.00587,-8.50762059360855,8.50762059360855
5,25.69999999999995,23.925743,1.7742568969726058,1.7742568969726058
5,16.59999999999998,18.47537,-1.875370407104512,1.875370407104512
5,41.69600000000008,42.857773,-1.1617728271483543,1.1617728271483543
5,21.70399999999993,25.073292,-3.3692917785645236,3.3692917785645236
5,65.99600000000001,70.36186,-4.365862182617178,4.365862182617178
5,40.400000000000034,44.164227,-3.7642265319823878,3.7642265319823878
5,14.70000000000003,19.080645,-4.380644607543916,4.380644607543916
5,67.39999999999989,65.19229,2.207708740234267,2.207708740234267
5,151.6,170.04424,-18.444235229492193,18.444235229492193
5,38.50000000000004,29.50024,8.999759674072308,8.999759674072308
5,166.7999999999999,180.68005,-13.880053710937602,13.880053710937602
5,11.296,8.175614,3.1203856430053705,3.1203856430053705
5,25.60399999999998,22.67765,2.926349548339825,2.926349548339825
5,45.69999999999998,40.208202,5.491797637939435,5.491797637939435
5,12.208,16.58133,-4.373329345703125,4.373329345703125
5,10.188,8.764141,1.4238589172363287,1.4238589172363287
5,31.904,37.982563,-6.078563018798828,6.078563018798828
5,12.999999999999991,12.106185,0.89381504058837,0.89381504058837
5,8.904,5.6985593,3.205440715789795,3.205440715789795
5,99.19599999999994,90.53217,8.66382684326166,8.66382684326166
5,9.796,10.236755,-0.4407553710937506,0.4407553710937506
5,6.004,7.8867126,-1.8827125511169438,1.8827125511169438
5,17.20400000000003,17.51186,-0.3078598937987991,0.3078598937987991
5,8.104000000000003,8.012429,0.0915707626342801,0.0915707626342801
5,7.392,7.8384852,-0.44648524093627895,0.44648524093627895
5,38.00400000000007,33.414234,4.589765838623116,4.589765838623116
5,340.196,343.15082,-2.9548178710937236,2.9548178710937236
5,321.9040000000018,311.99625,9.90775366211119,9.90775366211119
5,351.6959999999996,344.3214,7.374588867187072,7.374588867187072
5,310.4999999999972,318.14752,-7.647521972659035,7.647521972659035
5,34.90400000000001,28.951859,5.952141479492198,5.952141479492198
5,122.79600000000003,116.80934,5.986658569335972,5.986658569335972
5,132.80000000000044,138.25774,-5.45773620605425,5.45773620605425
5,123.90000000000047,118.41419,5.485807800293443,5.485807800293443
5,158.0999999999998,145.49802,12.60198364257792,12.60198364257792
5,225.60400000000053,209.19962,16.4043845214849,16.4043845214849
5,315.8960000000009,315.65738,0.2386208496102995,0.2386208496102995
5,153.79999999999998,155.97784,-2.177844238281267,2.177844238281267
5,249.20000000000198,248.6657,0.5343048095722907,0.5343048095722907
5,235.9999999999993,238.1191,-2.119094848633523,2.119094848633523
5,282.0040000000011,286.40356,-4.399564453123901,4.399564453123901
5,81.50000000000023,86.12284,-4.622840881347429,4.622840881347429
5,325.29600000000033,326.3915,-1.0955100097652917,1.0955100097652917
5,326.2040000000018,324.18216,2.0218405761737017,2.0218405761737017
5,318.0960000000031,321.2601,-3.164101318356302,3.164101318356302
5,308.904,305.34622,3.5577780761718714,3.5577780761718714
5,66.4959999999999,79.40207,-12.90606909179698,12.90606909179698
5,136.99999999999898,114.83513,22.16487121581929,22.16487121581929
5,31.704,20.396442,11.307557586669923,11.307557586669923
5,332.5000000000002,343.11316,-10.613159179687273,10.613159179687273
5,298.40000000000066,283.01147,15.38852539062566,15.38852539062566
5,303.5960000000009,297.08978,6.506217285157163,6.506217285157163
5,210.3000000000009,206.51117,3.7888305664071424,3.7888305664071424
5,130.4,152.62477,-22.224771118164057,22.224771118164057
5,29.504,31.352913,-1.84891290283203,1.84891290283203
5,162.196,157.10265,5.0933541259765605,5.0933541259765605
5,25.508,22.85926,2.648739440917968,2.648739440917968
5,51.292,46.134857,5.157142822265627,5.157142822265627
5,145.904,150.18243,-4.278434082031254,4.278434082031254
5,109.096,111.49136,-2.3953635253906214,2.3953635253906214
5,77.204,76.54473,0.6592688598632748,0.6592688598632748
5,219.604,218.99199,0.6120108642578259,0.6120108642578259
5,95.2,92.21542,2.984576416015628,2.984576416015628
5,263.092,241.10594,21.986058227539047,21.986058227539047
5,46.804,43.44557,3.3584281005859395,3.3584281005859395
5,32.7,40.58375,-7.883751678466794,7.883751678466794
5,61.00000000000002,95.85396,-34.85395812988279,34.85395812988279
5,302.096,306.97818,-4.882179931640621,4.882179931640621
5,196.708,227.97623,-31.268226806640627,31.268226806640627
5,252.592,261.71338,-9.121378906249987,9.121378906249987
5,141.104,140.26297,0.8410300292968884,0.8410300292968884
5,288.6,271.17142,17.428582763671898,17.428582763671898
5,290.396,288.88412,1.51187524414064,1.51187524414064
5,283.3,281.94833,1.3516662597656364,1.3516662597656364
5,278.204,270.8034,7.400594238281258,7.400594238281258
5,257.2999999999996,261.8859,-4.5858947753910115,4.5858947753910115
5,298.6959999999993,295.72678,2.9692238769524124,2.9692238769524124
5,261.9000000000003,259.39066,2.5093444824221933,2.5093444824221933
5,289.60399999999885,296.6704,-7.066410156251152,7.066410156251152
5,83.89599999999997,83.47554,0.4204598388671599,0.4204598388671599
5,199.3999999999997,206.05635,-6.6563507080081195,6.6563507080081195
5,55.204,50.15079,5.05320883178711,5.05320883178711
5,207.49200000000107,200.69667,6.795329467774508,6.795329467774508
5,167.70799999999994,145.09167,22.61632519531244,22.61632519531244
5,100.996,100.58355,0.41245050048827636,0.41245050048827636
5,56.2999999999999,55.363693,0.9363067626952102,0.9363067626952102
5,158.70400000000052,183.96507,-25.261072631835418,25.261072631835418
5,252.4000000000001,247.23674,5.1632598876954034,5.1632598876954034
5,173.59599999999998,161.23386,12.3621437988281,12.3621437988281
5,226.1999999999999,217.21375,8.986254882812403,8.986254882812403
5,118.10399999999996,118.35163,-0.24763116455082468,0.24763116455082468
5,225.3039999999993,229.25284,-3.9488381347663335,3.9488381347663335
5,82.59600000000009,88.58023,-5.984230712890536,5.984230712890536
5,25.703999999999997,19.073637,6.630362991333005,6.630362991333005
5,241.18799999999797,258.69525,-17.50725146484578,17.50725146484578
5,248.80400000000168,256.01517,-7.211167236326446,7.211167236326446
5,256.4000000000002,256.81332,-0.41332397460917036,0.41332397460917036
5,257.3,263.51093,-6.210925292968739,6.210925292968739
5,251.60000000000088,249.87756,1.7224365234383754,1.7224365234383754
5,254.99999999999983,259.5578,-4.5578002929689205,4.5578002929689205
5,255.09999999999977,241.66951,13.430490112304454,13.430490112304454
5,249.70000000000107,247.07388,2.6261169433604437,2.6261169433604437
5,164.8999999999999,157.274,7.6259979248045795,7.6259979248045795
5,113.60000000000016,93.31196,20.288041687011884,20.288041687011884
5,43.8999999999999,36.371655,7.528345489501852,7.528345489501852
5,65.504,38.265278,27.238722137451177,27.238722137451177
5,147.40000000000015,163.29654,-15.896539306640477,15.896539306640477
5,173.70000000000073,192.63422,-18.934216308593022,18.934216308593022
5,47.19999999999994,55.981094,-8.781094360351624,8.781094360351624
5,166.0000000000008,166.56627,-0.5662689208976417,0.5662689208976417
5,35.29599999999999,38.315086,-3.0190863647461015,3.0190863647461015
5,188.69999999999996,197.60428,-8.904278564453165,8.904278564453165
5,143.29999999999984,147.28407,-3.9840728759767217,3.9840728759767217
5,195.20000000000024,205.19792,-9.997921752929443,9.997921752929443
5,33.50000000000006,33.059265,0.44073486328130684,0.44073486328130684
5,24.19999999999995,15.260771,8.939229202270457,8.939229202270457
5,107.80400000000002,107.113144,0.6908560791015788,0.6908560791015788
5,79.6959999999999,79.97501,-0.2790137329102578,0.2790137329102578
5,120.80399999999992,111.08369,9.720313171386636,9.720313171386636
5,80.19199999999988,96.83213,-16.640130432129027,16.640130432129027
5,117.0040000000001,113.68373,3.320268920898542,3.320268920898542
5,113.7000000000001,114.28225,-0.5822494506834914,0.5822494506834914
5,134.3039999999999,136.79646,-2.492463012695424,2.492463012695424
5,89.19600000000005,86.863945,2.332054992675836,2.332054992675836
5,125.7079999999999,102.64081,23.06719189453115,23.06719189453115
5,50.49199999999996,46.962112,3.5298875732421493,3.5298875732421493
5,169.49999999999991,175.69739,-6.197387695312585,6.197387695312585
5,136.20000000000002,133.97995,2.220050048828142,2.220050048828142
5,149.0039999999987,148.50827,0.4957297363268367,0.4957297363268367
5,108.99600000000017,125.01816,-16.02215795898421,16.02215795898421
5,56.104,61.503334,-5.399334045410157,5.399334045410157
5,108.99600000000004,108.34244,0.6535622558594127,0.6535622558594127
5,192.20000000000024,185.96953,6.230471801758057,6.230471801758057
5,191.6000000000001,202.34361,-10.74361267089833,10.74361267089833
5,188.4999999999996,189.8134,-1.3134002685550854,1.3134002685550854
5,186.3000000000008,180.44247,5.857525634766432,5.857525634766432
5,182.00399999999985,178.2503,3.7536948242185986,3.7536948242185986
5,167.1,158.85849,8.24151000976562,8.24151000976562
5,145.596,141.13832,4.457679077148441,4.457679077148441
5,150.6080000000001,144.63803,5.969968994140714,5.969968994140714
5,81.092,85.968346,-4.876345642089845,4.876345642089845
5,34.20400000000004,35.236355,-1.0323548278808161,1.0323548278808161
5,67.20000000000016,66.806946,0.39305419921890916,0.39305419921890916
5,113.29599999999976,104.74611,8.549890991210702,8.549890991210702
5,153.19599999999977,155.07854,-1.882536987304917,1.882536987304917
5,184.60800000000023,176.74942,7.8585798339846065,7.8585798339846065
5,174.096,166.71667,7.379325195312504,7.379325195312504
5,172.99999999999977,173.71854,-0.7185363769533524,0.7185363769533524
5,175.80399999999986,180.16338,-4.359375854492328,4.359375854492328
5,170.0959999999996,178.8038,-8.70780249023477,8.70780249023477
5,172.1040000000001,170.05905,2.0449484863282237,2.0449484863282237
5,173.50400000000008,170.74663,2.7573721923828884,2.7573721923828884
5,175.7999999999996,173.19366,2.6063354492183635,2.6063354492183635
5,159.3960000000001,163.77556,-4.379558471679587,4.379558471679587
5,173.79600000000005,169.8265,3.969492431640674,3.969492431640674
5,112.0919999999999,113.55561,-1.463610656738382,1.463610656738382
5,143.4039999999998,143.16963,0.2343680419919849,0.2343680419919849
5,96.50799999999995,103.31784,-6.809840576171922,6.809840576171922
5,158.70400000000004,149.0337,9.670293334960974,9.670293334960974
5,117.7959999999998,107.70354,10.092463012695106,10.092463012695106
5,119.99599999999994,120.25347,-0.2574713745117805,0.2574713745117805
5,187.3040000000001,183.70839,3.595610717773525,3.595610717773525
5,118.29600000000012,106.85587,11.440126892089964,11.440126892089964
5,146.4000000000001,145.20186,1.1981414794922784,1.1981414794922784
5,77.50000000000004,83.057526,-5.557525634765582,5.557525634765582
5,67.70399999999997,80.99905,-13.295046325683629,13.295046325683629
5,76.19600000000011,79.22216,-3.026160339355357,3.026160339355357
5,131.8039999999998,136.63208,-4.828080078125197,4.828080078125197
5,148.79999999999995,148.84137,-0.041369628906295475,0.041369628906295475
5,83.29600000000005,86.05787,-2.761868957519482,2.761868957519482
5,94.90000000000003,94.26277,0.6372283935547216,0.6372283935547216
5,34.50800000000004,47.72307,-13.21506823730465,13.21506823730465
5,175.5999999999998,183.51918,-7.919180297851767,7.919180297851767
5,61.19200000000004,58.10603,3.085970489501996,3.085970489501996
5,125.704,98.25969,27.444310668945306,27.444310668945306
5,168.69199999999995,164.15382,4.538176147460888,4.538176147460888
5,135.80800000000002,144.74878,-8.940779296874979,8.940779296874979
5,104.60399999999989,111.19315,-6.589153381347771,6.589153381347771
5,62.49600000000015,58.901802,3.59419793701187,3.59419793701187
5,58.1040000000002,66.46868,-8.36468133544902,8.36468133544902
5,119.4879999999999,114.98386,4.504143798828025,4.504143798828025
5,161.40399999999997,160.56741,0.8365866699218429,0.8365866699218429
5,107.20400000000024,84.08733,23.116666320801016,23.116666320801016
5,188.2919999999996,186.85356,1.4384385986324162,1.4384385986324162
5,186.69999999999976,190.36208,-3.6620758056643012,3.6620758056643012
5,197.90799999999967,199.43747,-1.5294694824222006,1.5294694824222006
5,195.50000000000028,196.14621,-0.6462097167965908,0.6462097167965908
5,195.6959999999999,195.9386,-0.2425986328125873,0.2425986328125873
5,195.1080000000001,195.7857,-0.6777055664061606,0.6777055664061606
5,124.3960000000003,134.82452,-10.42852392578095,10.42852392578095
5,161.1000000000001,152.25,8.850000000000108,8.850000000000108
5,166.19200000000026,160.75986,5.432142822265888,5.432142822265888
5,134.01200000000009,144.65617,-10.644173706054602,10.644173706054602
5,122.89999999999986,126.66342,-3.7634216308595114,3.7634216308595114
5,188.8920000000005,187.52167,1.3703325195317575,1.3703325195317575
5,148.60400000000018,139.2303,9.373699096679871,9.373699096679871
5,143.90400000000005,136.83879,7.065209106445366,7.065209106445366
5,121.60000000000022,117.263824,4.336175537109597,4.336175537109597
5,109.088,110.62577,-1.5377705688476624,1.5377705688476624
5,101.9080000000001,112.63395,-10.725949279785056,10.725949279785056
5,76.70400000000001,71.26755,5.436452392578133,5.436452392578133
5,79.20000000000012,85.304436,-6.104435729980352,6.104435729980352
5,121.19999999999996,131.15105,-9.951046752929727,9.951046752929727
5,44.88800000000002,45.596996,-0.7089963073730274,0.7089963073730274
5,161.20800000000017,162.80325,-1.595253173827956,1.595253173827956
5,137.10399999999973,147.10904,-10.005039306640896,10.005039306640896
5,165.39599999999984,157.3171,8.078907104492032,8.078907104492032
5,187.396,182.84299,4.553012939453112,4.553012939453112
5,210.29999999999995,228.94829,-18.648287963867233,18.648287963867233
5,195.5960000000004,198.92831,-3.3323142089839735,3.3323142089839735
5,215.8476707338164,219.48788,-3.6402137876679888,3.6402137876679888
5,123.23116843443432,162.94,-39.70883400697193,39.70883400697193
5,127.01865920146612,130.9309,-3.912233742869816,3.912233742869816
5,127.0186592014587,117.73052,9.288137045696985,9.288137045696985
5,127.01865920146612,119.90288,7.115781393848934,7.115781393848934
5,127.0186592014586,124.2517,2.7669578464781353,2.7669578464781353
5,188.95852402590268,213.70998,-24.751452170386386,24.751452170386386
5,226.7039999999992,219.65712,7.046880249022649,7.046880249022649
5,64.192,59.54879,4.643210021972649,4.643210021972649
5,71.4960000000001,77.69162,-6.19561987304678,6.19561987304678
5,260.80399999999986,276.10013,-15.296128173828265,15.296128173828265
5,252.5039999999992,250.31042,2.193575195311695,2.193575195311695
5,90.79200000000021,80.919716,9.872284118652559,9.872284118652559
5,170.3039999999999,164.41046,5.893538574218638,5.893538574218638
5,59.50000000000005,62.04296,-2.542961120605419,2.542961120605419
5,36.40400000000001,33.88842,2.515579895019542,2.515579895019542
5,59.2,65.53495,-6.334950256347653,6.334950256347653
5,219.192,218.91599,0.2760148925781323,0.2760148925781323
5,264.5039999999996,266.9681,-2.464109130859754,2.464109130859754
5,264.7000000000014,249.91597,14.784030151368597,14.784030151368597
5,259.4039999999971,258.59042,0.8135764160127223,0.8135764160127223
5,257.3919999999999,257.12778,0.2642229003905072,0.2642229003905072
5,258.90399999999966,262.51758,-3.6135781250003447,3.6135781250003447
5,261.29999999999905,268.54886,-7.24885864257908,7.24885864257908
5,218.9039999999998,222.93445,-4.030448242187703,4.030448242187703
5,260.3000000000007,229.71983,30.580166625977256,30.580166625977256
5,62.6000000000001,63.959522,-1.3595222473143522,1.3595222473143522
5,94.89599999999992,90.23011,4.665889831542884,4.665889831542884
5,103.696,135.40823,-31.712233642578127,31.712233642578127
5,536.7361182624846,483.88342,52.85269541092214,52.85269541092214
5,63.35057644294941,48.320183,15.030393642656442,15.030393642656442
5,63.3505764429568,54.435658,8.914918941736097,8.914918941736097
5,48.6667288516089,44.083206,4.583522674851089,4.583522674851089
5,100.30400000000044,92.21883,8.08517370605513,8.08517370605513
5,184.29200000000048,192.01181,-7.71981030273389,7.71981030273389
5,277.6959999999999,276.87326,0.8227395019530377,0.8227395019530377
5,126.8080000000001,129.74458,-2.936583129882706,2.936583129882706
5,109.096,128.67322,-19.577217773437496,19.577217773437496
5,267.7039999999985,308.56924,-40.86524438476715,40.86524438476715
5,236.6080000000022,236.3367,0.27129956054906756,0.27129956054906756
5,292.6920000000007,297.61713,-4.925126464843061,4.925126464843061
5,287.1999999999995,284.43332,2.766680908202602,2.766680908202602
5,236.3999999999987,231.95183,4.448171997069011,4.448171997069011
5,106.79599999999988,112.06578,-5.269780639648559,5.269780639648559
5,228.2182241890652,214.70227,13.51595368125271,13.51595368125271
5,173.1935107189558,173.59647,-0.4029553454973325,0.4029553454973325
5,173.1935107189633,158.43504,14.758467384002358,14.758467384002358
5,173.19351071897069,195.68878,-22.495271019310564,22.495271019310564
5,342.90524365404207,311.39624,31.509003419667067,31.509003419667067
5,242.30000000000243,243.75954,-1.4595367431616353,1.4595367431616353
5,18.899999999999988,16.19904,2.7009605407714723,2.7009605407714723
5,34.90799999999996,28.685766,6.222233779907185,6.222233779907185
5,155.1920000000005,135.48505,19.70695361328174,19.70695361328174
5,133.9039999999997,140.33633,-6.432334228515913,6.432334228515913
5,112.49200000000025,109.506386,2.9856141967775898,2.9856141967775898
5,262.807999999999,272.1126,-9.304609863282224,9.304609863282224
5,300.7959999999997,286.73932,14.056681152343458,14.056681152343458
5,300.40000000000106,294.7905,5.609503173829182,5.609503173829182
5,116.8040000000002,112.133095,4.670905212402545,4.670905212402545
5,56.58074606756106,57.85661,-1.2758632769213634,1.2758632769213634
5,108.03610597044371,95.17639,12.859714368881214,12.859714368881214
5,109.1791770838737,84.634384,24.54479292860026,24.54479292860026
5,109.1791770838662,111.2814,-2.1022255040244318,2.1022255040244318
5,109.1791770838737,83.02167,26.157509603404947,26.157509603404947
5,109.1791770838737,93.45521,15.723969259166665,15.723969259166665
5,109.1791770838662,109.3105,-0.13132401476661926,0.13132401476661926
5,101.68326254265098,105.519165,-3.8359024964115207,3.8359024964115207
5,84.3999999999999,81.54262,2.8573822021483437,2.8573822021483437
5,186.1999999999995,180.13857,6.061434936522943,6.061434936522943
5,285.700000000001,276.91095,8.789050292969762,8.789050292969762
5,268.0919999999996,257.84424,10.247761718749587,10.247761718749587
5,254.70799999999892,231.0,23.70799999999892,23.70799999999892
5,248.0959999999993,240.34587,7.750129028319606,7.750129028319606
5,99.10400000000054,88.811356,10.292644409180227,10.292644409180227
5,244.89600000000067,236.9528,7.943195434570981,7.943195434570981
5,262.60800000000006,266.05453,-3.446534912109314,3.446534912109314
5,165.2960000000003,130.4709,34.82509851074249,34.82509851074249
5,12.704,10.257795,2.446204666137696,2.446204666137696
5,141.39600000000004,112.23599,29.16000756835942,29.16000756835942
5,48.9039999999999,42.451324,6.452675537109272,6.452675537109272
5,46.28800000000021,44.02367,2.2643298034670067,2.2643298034670067
5,15.511999999999988,19.233725,-3.721724594116223,3.721724594116223
5,15.499999999999991,12.303418,3.196581840515128,3.196581840515128
5,21.692000000000043,29.527039,-7.835038574218707,7.835038574218707
5,211.2000000000004,199.34517,11.854830932617574,11.854830932617574
5,45.504000000000055,28.73697,16.767029098510797,16.767029098510797
5,282.0920000000001,263.74307,18.348927490234473,18.348927490234473
5,289.8120000000014,285.802,4.009998046876376,4.009998046876376
5,55.08800000000005,49.668457,5.419542968750051,5.419542968750051
5,12.612,10.653419,1.9585814590454103,1.9585814590454103
5,8.692,9.692979,-1.0009788589477537,1.0009788589477537
5,14.70400000000001,20.881216,-6.177216049194326,6.177216049194326
5,24.29600000000002,25.094196,-0.7981963195800574,0.7981963195800574
5,9.596,8.850886,0.7451136550903321,0.7451136550903321
5,4.612,6.32967,-1.717669952392578,1.717669952392578
5,14.70000000000004,22.326086,-7.626086044311483,7.626086044311483
5,64.89600000000004,58.270695,6.625305267334028,6.625305267334028
5,12.892,10.53864,2.3533599777221674,2.3533599777221674
5,15.90399999999996,14.776097,1.1279027023315038,1.1279027023315038
5,17.8,16.38418,1.4158199310302741,1.4158199310302741
5,11.604,9.306767,2.297232536315917,2.297232536315917
5,286.1039999999989,293.1368,-7.03281030273547,7.03281030273547
5,241.7000000000016,238.92822,2.7717773437516087,2.7717773437516087
5,8.992,11.113518,-2.121517761230468,2.121517761230468
5,20.90399999999995,22.113058,-1.2090580902100108,1.2090580902100108
5,24.000000000000004,24.777828,-0.7778282165527308,0.7778282165527308
5,13.60399999999998,13.411502,0.19249811553953045,0.19249811553953045
5,119.50000000000041,129.82005,-10.320053100585525,10.320053100585525
5,3.592,2.7275078,0.8644921703338624,0.8644921703338624
5,6.712000000000004,7.676358,-0.9643582229614216,0.9643582229614216
5,8.992,10.336766,-1.3447662429809562,1.3447662429809562
5,142.10000000000102,153.90634,-11.806341552733358,11.806341552733358
5,4.387999999999999,2.5573165,1.830683458328246,1.830683458328246
5,55.51599999999999,61.94032,-6.424319061279306,6.424319061279306
5,42.39199999999998,35.676067,6.71593264770506,6.71593264770506
5,125.4040000000005,130.63083,-5.226828857421381,5.226828857421381
5,8.204,6.1955614,2.0084385910034186,2.0084385910034186
5,119.3880000000011,117.68237,1.7056269531260995,1.7056269531260995
5,8.412,8.719553,-0.30755299377441325,0.30755299377441325
5,53.799999999999535,74.11086,-20.31086273193406,20.31086273193406
5,15.292000000000067,15.622253,-0.3302534179686827,0.3302534179686827
5,191.6039999999992,214.50584,-22.90184411621175,22.90184411621175
5,111.3000000000004,111.79944,-0.49943847656210494,0.49943847656210494
5,4.503999999999998,6.521454,-2.017453857421877,2.017453857421877
5,27.88800000000007,29.037292,-1.1492924804686808,1.1492924804686808
5,242.30800000000136,265.64114,-23.333143798826768,23.333143798826768
5,54.80000000000027,65.35104,-10.551043701171608,10.551043701171608
5,4.000000000000003,8.80554,-4.8055400848388645,4.8055400848388645
5,14.3,13.605115,0.6948850631713874,0.6948850631713874
5,182.39999999999927,162.33151,20.06848754882739,20.06848754882739
5,163.7080000000008,151.67813,12.02986889648517,12.02986889648517
5,21.18800000000001,29.312288,-8.124288284301748,8.124288284301748
5,5.0,7.9114375,-2.911437511444092,2.911437511444092
5,10.6,10.438207,0.1617933273315426,0.1617933273315426
5,6.612,7.7799273,-1.1679272537231444,1.1679272537231444
5,62.59599999999999,72.291756,-9.695755676269542,9.695755676269542
5,17.396,20.516357,-3.120357421874999,3.120357421874999
5,5.699999999999999,7.8110795,-2.1110795021057136,2.1110795021057136
5,24.904,17.59722,7.306780532836914,7.306780532836914
5,180.7000000000008,182.93228,-2.232281494139812,2.232281494139812
5,224.2919999999985,208.4653,15.82669848632662,15.82669848632662
5,41.10399999999999,42.575294,-1.4712944946289142,1.4712944946289142
5,15.70400000000002,18.123764,-2.4197640380859173,2.4197640380859173
5,0.8,-1.9243383,2.724338340759277,2.724338340759277
5,84.49599999999985,89.736664,-5.240663818359522,5.240663818359522
5,87.39199999999998,79.61288,7.779123107910138,7.779123107910138
5,9.104,8.437944,0.6660555877685539,0.6660555877685539
5,47.50400000000005,27.389008,20.114992431640673,20.114992431640673
5,69.4999999999998,45.97507,23.52492904663066,23.52492904663066
5,138.99199999999874,133.16986,5.82213916015499,5.82213916015499
5,132.8686149078165,123.516655,9.351959939554774,9.351959939554774
5,248.647385092183,223.26956,25.37782332460486,25.37782332460486
5,129.1880000000003,105.927086,23.260914123535457,23.260914123535457
5,108.40399999999973,82.92965,25.474350646972383,25.474350646972383
5,9.00400000000001,10.373878,-1.3698775253295796,1.3698775253295796
5,32.19199999999993,31.490221,0.7017789764403588,0.7017789764403588
5,25.70399999999999,28.993086,-3.2890858612060647,3.2890858612060647
5,135.3000000000001,128.19577,7.104229736328222,7.104229736328222
5,169.11886757984846,150.03307,19.085801783950018,19.085801783950018
5,11.981132420152557,8.044348,3.9367846570910334,3.9367846570910334
5,105.3959999999994,104.29485,1.1011467895501852,1.1011467895501852
5,22.40400000000003,19.755829,2.6481711425781533,2.6481711425781533
5,15.39200000000004,14.385156,1.0068443222046302,1.0068443222046302
5,267.4108518219725,260.76257,6.648278579785028,6.648278579785028
5,86.16657164474462,88.05999,-1.8934182844545973,1.8934182844545973
5,86.16657164474456,85.76048,0.40608885665862715,0.40608885665862715
5,86.16657164472971,97.31013,-11.143555613571067,11.143555613571067
5,86.16657164474462,66.59841,19.568160084686028,19.568160084686028
5,86.16657164474456,117.09026,-30.923691721954654,30.923691721954654
5,86.16657164472971,69.55323,16.613341359085183,16.613341359085183
5,86.16657164475207,65.25502,20.911551503150505,20.911551503150505
5,63.5271466648272,61.913204,1.6139424717119653,1.6139424717119653
5,10.2,5.546918,4.653082084655761,4.653082084655761
5,52.195999999999984,48.97679,3.2192086181640462,3.2192086181640462
5,50.30799999999993,49.167747,1.140252502441335,1.140252502441335
5,296.3920000000004,271.31403,25.077974121094144,25.077974121094144
5,6.504,4.141982,2.3620179214477535,2.3620179214477535
5,101.1959999999997,101.035065,0.16093530273407453,0.16093530273407453
5,142.5080000000003,150.40169,-7.8936876220700185,7.8936876220700185
5,316.2039999999992,316.84668,-0.6426796875007881,0.6426796875007881
5,76.3960000000002,86.076035,-9.680034545898238,9.680034545898238
5,111.60800000000025,101.45788,10.150121887207277,10.150121887207277
5,258.89200000000056,265.61057,-6.718565185546311,6.718565185546311
5,306.59600000000074,337.73914,-31.143135742186757,31.143135742186757
5,33.60400000000003,36.54216,-2.93816003417966,2.93816003417966
5,90.2999999999999,71.82478,18.475216674804585,18.475216674804585
5,9.2,8.586172,0.6138278961181634,0.6138278961181634
5,202.59999999999923,202.51102,0.08898315429610193,0.08898315429610193
5,27.90399999999998,30.90412,-3.00011949157717,3.00011949157717
5,270.89600000000087,259.0155,11.880497070313368,11.880497070313368
5,32.69999999999997,30.746952,1.9530479431152017,1.9530479431152017
5,83.29599999999982,68.00002,15.295977111816228,15.295977111816228
5,45.199999999999996,42.231464,2.9685356140136676,2.9685356140136676
5,294.2960000000002,290.2522,4.04380273437522,4.04380273437522
5,53.00800000000005,46.499763,6.508236511230521,6.508236511230521
5,140.6999999999997,104.678444,36.0215560913083,36.0215560913083
5,249.9919999999977,234.85406,15.137935058591438,15.137935058591438
5,333.1119999999996,332.13962,0.9723820800777503,0.9723820800777503
5,322.3959999999993,317.079,5.316989990233651,5.316989990233651
5,297.0959999999993,290.62698,6.4690163574211965,6.4690163574211965
5,104.50399999999992,103.275215,1.2287848510741384,1.2287848510741384
5,309.6959999999995,289.9474,19.748612304687015,19.748612304687015
5,317.300000000002,319.11954,-1.8195373535136241,1.8195373535136241
5,321.30400000000026,309.62088,11.683119873047133,11.683119873047133
5,308.2999999999998,300.6554,7.644604492187284,7.644604492187284
5,317.4960000000012,311.21332,6.282682128907425,6.282682128907425
5,324.008,325.25937,-1.2513688964843936,1.2513688964843936
5,306.7040000000009,308.20627,-1.5022683105459578,1.5022683105459578
5,308.3960000000002,301.7292,6.6668129882814355,6.6668129882814355
5,248.5039999999992,262.28467,-13.780667968750805,13.780667968750805
5,164.3879999999999,151.24614,13.141860473632704,13.141860473632704
5,141.90400000000085,152.92299,-11.018988891600713,11.018988891600713
5,287.9,278.75766,9.142340087890602,9.142340087890602
5,27.59600000000012,15.630599,11.9654009780885,11.9654009780885
5,40.40400000000008,33.102814,7.301186279296957,7.301186279296957
5,39.496000000000066,40.32683,-0.830831817626887,0.830831817626887
5,146.51199999999994,145.16364,1.3483647460936936,1.3483647460936936
5,299.89599999999785,295.4988,4.39719018554473,4.39719018554473
5,238.8959999999998,236.74518,2.1508217773435376,2.1508217773435376
5,248.70400000000032,232.60411,16.099889282226883,16.099889282226883
5,296.29599999999874,296.99017,-0.6941733398450083,0.6941733398450083
5,288.1000000000014,289.13995,-1.039953613279863,1.039953613279863
5,287.60000000000235,298.20865,-10.608648681638272,10.608648681638272
5,281.4960000000016,280.4999,0.9960915527359475,0.9960915527359475
5,286.70799999999906,296.79596,-10.08795947265719,10.08795947265719
5,289.9920000000002,286.41727,3.574733154297064,3.574733154297064
5,269.203999999999,272.76788,-3.5638833007822655,3.5638833007822655
5,135.29999999999978,138.61342,-3.3134185791017785,3.3134185791017785
5,51.796000000000014,39.87865,11.91734933471681,11.91734933471681
5,24.016,18.202215,5.81378480529785,5.81378480529785
5,16.288000000000032,14.895865,1.3921345596313799,1.3921345596313799
5,51.09600000000002,44.64177,6.45423059082033,6.45423059082033
5,104.10400000000008,102.86178,1.2422217407227407,1.2422217407227407
5,232.89200000000088,231.08641,1.8055894775399395,1.8055894775399395
5,17.812000000000012,22.846123,-5.034122741699207,5.034122741699207
5,126.70399999999994,135.98369,-9.27968835449225,9.27968835449225
5,28.083999999999953,32.91375,-4.829749694824265,4.829749694824265
5,28.81199999999997,23.8555,4.956500732421844,4.956500732421844
5,185.6919999999998,194.16426,-8.472260864258004,8.472260864258004
5,169.2039999999992,162.10893,7.095067504882024,7.095067504882024
5,258.8119999999996,266.3115,-7.499492919922261,7.499492919922261
5,214.6839999999984,227.42262,-12.738622680665657,12.738622680665657
5,235.6000000000009,239.62466,-4.024664306639721,4.024664306639721
5,175.9080000000003,180.19048,-4.282475463866888,4.282475463866888
5,227.69600000000287,218.87856,8.817444702151306,8.817444702151306
5,254.8040000000005,252.55418,2.249816040039576,2.249816040039576
5,267.49199999999945,267.40118,0.09081591796820021,0.09081591796820021
5,262.80800000000204,260.8306,1.977403076173914,1.977403076173914
5,246.79599999999888,237.08759,9.708414550780134,9.708414550780134
5,259.9039999999996,254.97986,4.9241416015620985,4.9241416015620985
5,252.1959999999993,244.63553,7.560471435546162,7.560471435546162
5,259.0039999999982,246.8329,12.171098999021638,12.171098999021638
5,121.7040000000001,127.44205,-5.738047119140532,5.738047119140532
5,27.09199999999999,14.484577,12.607422821044914,12.607422821044914
5,105.5,101.24573,4.2542724609375,4.2542724609375
5,144.9,143.74019,1.1598114013671932,1.1598114013671932
5,141.39599999999982,127.28085,14.115146728515441,14.115146728515441
5,239.8960000000002,224.75954,15.136463256836151,15.136463256836151
5,167.9119999999998,161.70332,6.208676635741995,6.208676635741995
5,159.69999999999987,163.69644,-3.99644165039075,3.99644165039075
5,142.19600000000023,165.3885,-23.192504028320087,23.192504028320087
5,221.000000000002,224.07037,-3.0703735351542605,3.0703735351542605
5,214.99999999999974,230.10289,-15.102890014648693,15.102890014648693
5,157.40399999999863,169.87534,-12.471335693360743,12.471335693360743
5,37.89999999999999,48.563507,-10.663507080078134,10.663507080078134
5,201.3960000000013,205.59782,-4.2018240966783935,4.2018240966783935
5,221.4000000000001,226.75116,-5.351159667968659,5.351159667968659
5,223.50399999999985,227.83003,-4.326032348632964,4.326032348632964
5,214.7000000000004,214.16449,0.5355102539066365,0.5355102539066365
5,134.5337023886962,106.88386,27.64984466164543,27.64984466164543
6,1.0,-14.93125,15.931249618530273,15.931249618530273
6,23.8,23.195293,0.6047065734863288,0.6047065734863288
6,1.6,-11.249586,12.84958610534668,12.84958610534668
6,8.1,7.4560475,0.6439524650573727,0.6439524650573727
6,0.2,0.5331295,-0.3331295132637024,0.3331295132637024
6,0.8,-0.27403536,1.0740353643894196,1.0740353643894196
6,1.4,1.525935,-0.1259350538253785,0.1259350538253785
6,12.000000000000002,15.74124,-3.7412395477294904,3.7412395477294904
6,6.3,6.609104,-0.3091041564941408,0.3091041564941408
6,0.6,0.03950097,0.5604990296065807,0.5604990296065807
6,1.4,1.48678,-0.0867800474166871,0.0867800474166871
6,1.1,0.31430572,0.7856942772865296,0.7856942772865296
6,0.1,1.2041817,-1.104181671142578,1.104181671142578
6,9.2,8.180902,1.0190984725952141,1.0190984725952141
6,5.6,5.979237,-0.3792370796203617,0.3792370796203617
6,27.4,26.618181,0.7818187713623033,0.7818187713623033
6,16.6,17.410145,-0.8101448059082017,0.8101448059082017
6,15.2,13.12971,2.070289802551269,2.070289802551269
6,51.49999999999999,51.474865,0.02513504028319602,0.02513504028319602
6,1.8,1.9961823,-0.19618232250213619,0.19618232250213619
6,26.5,25.421587,1.0784130096435547,1.0784130096435547
6,2.4,2.5199177,-0.11991772651672372,0.11991772651672372
6,3.4,3.6041524,-0.20415244102478036,0.20415244102478036
6,1.0,0.32258612,0.6774138808250427,0.6774138808250427
6,3.5,3.64605,-0.14604997634887695,0.14604997634887695
6,3.9,3.7312348,0.1687652111053466,0.1687652111053466
6,5.1,4.579706,0.5202938079833981,0.5202938079833981
6,1.5000000000000002,1.505731,-0.0057309865951535865,0.0057309865951535865
6,28.7,30.78234,-2.0823390960693366,2.0823390960693366
6,4.6,4.2785535,0.3214465141296383,0.3214465141296383
6,23.8,28.822481,-5.022481155395507,5.022481155395507
6,1.4,1.0754955,0.32450451850891104,0.32450451850891104
6,18.8,23.318798,-4.518798065185546,4.518798065185546
6,2.3,2.0234742,0.2765257835388182,0.2765257835388182
6,46.599999999999994,49.8014,-3.201399230957037,3.201399230957037
6,53.5,51.553913,1.9460868835449219,1.9460868835449219
6,51.8,53.396595,-1.596595001220706,1.596595001220706
6,2.3,2.4454293,-0.14542932510375994,0.14542932510375994
6,26.0,23.593733,2.4062671661376953,2.4062671661376953
6,9.4,5.557967,3.8420328140258793,3.8420328140258793
6,2.1,1.8733438,0.2266561746597291,0.2266561746597291
6,13.4,11.794222,1.6057781219482425,1.6057781219482425
6,19.9,19.421299,0.47870101928710795,0.47870101928710795
6,57.2,56.854202,0.34579772949219034,0.34579772949219034
6,57.6,55.975994,1.6240058898925795,1.6240058898925795
6,57.0,53.84346,3.1565399169921875,3.1565399169921875
6,57.6,58.164803,-0.5648025512695298,0.5648025512695298
6,58.6,58.13515,0.4648490905761733,0.4648490905761733
6,57.0,54.636597,2.3634033203125,2.3634033203125
6,4.7,3.2570565,1.4429435253143312,1.4429435253143312
6,42.4,35.28495,7.115049743652342,7.115049743652342
6,44.6,40.773933,3.82606658935547,3.82606658935547
6,14.3,13.790666,0.5093343734741218,0.5093343734741218
6,48.5,46.017094,2.4829063415527344,2.4829063415527344
6,58.9,58.80618,0.0938209533691392,0.0938209533691392
6,57.3,56.00098,1.2990196228027315,1.2990196228027315
6,56.2,56.200935,-0.0009353637695284078,0.0009353637695284078
6,55.9,59.295605,-3.3956047058105483,3.3956047058105483
6,50.6,51.871254,-1.2712539672851548,1.2712539672851548
6,3.1,1.2305858,1.8694141864776612,1.8694141864776612
6,10.3,8.6018505,1.698149490356446,1.698149490356446
6,6.000000000000001,4.3883157,1.6116843223571786,1.6116843223571786
6,17.5,14.881436,2.618563652038574,2.618563652038574
6,5.1,3.780545,1.319455003738403,1.319455003738403
6,27.0,26.67693,0.3230705261230469,0.3230705261230469
6,29.4,29.455503,-0.05550346374511861,0.05550346374511861
6,31.0,31.054695,-0.05469512939453125,0.05469512939453125
6,4.0,4.1192117,-0.11921167373657227,0.11921167373657227
6,31.4,36.00381,-4.603810882568361,4.603810882568361
6,28.0,31.606756,-3.6067562103271484,3.6067562103271484
6,28.9,29.893831,-0.9938312530517592,0.9938312530517592
6,26.9,31.509623,-4.6096225738525405,4.6096225738525405
6,2.2,2.0919724,0.10802764892578143,0.10802764892578143
6,1.6,1.5333638,0.06663618087768564,0.06663618087768564
6,32.9,34.245773,-1.345773315429689,1.345773315429689
6,11.9,13.677831,-1.7778306961059567,1.7778306961059567
6,17.1,18.316275,-1.2162746429443345,1.2162746429443345
6,41.6,44.902637,-3.3026374816894517,3.3026374816894517
6,54.1,51.86604,2.2339607238769545,2.2339607238769545
6,54.29999999999999,52.421413,1.8785865783691307,1.8785865783691307
6,51.2,50.902027,0.2979728698730497,0.2979728698730497
6,52.0,50.1216,1.8783988952636719,1.8783988952636719
6,49.0,46.45208,2.5479202270507812,2.5479202270507812
6,31.3,32.253082,-0.9530822753906243,0.9530822753906243
6,31.3,28.541687,2.7583129882812507,2.7583129882812507
6,45.3,43.73758,1.5624206542968722,1.5624206542968722
6,52.4,51.976173,0.42382659912109233,0.42382659912109233
6,51.4,51.978966,-0.5789657592773452,0.5789657592773452
6,50.6,49.830673,0.7693267822265639,0.7693267822265639
6,50.0,49.90141,0.09859085083007812,0.09859085083007812
6,49.9,50.951294,-1.0512939453125014,1.0512939453125014
6,36.8,31.957987,4.842013168334958,4.842013168334958
6,1.5000000000000002,-1.0925813,2.592581272125244,2.592581272125244
6,3.6,2.8427844,0.7572155952453614,0.7572155952453614
6,11.0,10.601702,0.3982982635498047,0.3982982635498047
6,33.2,33.060722,0.1392776489257841,0.1392776489257841
6,17.9,18.992006,-1.0920063018798842,1.0920063018798842
6,13.5,11.694652,1.8053483963012695,1.8053483963012695
6,3.7,5.697792,-1.997792053222656,1.997792053222656
6,8.2,7.382621,0.817379188537597,0.817379188537597
6,52.1,53.312943,-1.212942504882811,1.212942504882811
6,47.2,42.98874,4.211260986328128,4.211260986328128
6,14.8,15.667879,-0.8678791046142571,0.8678791046142571
6,12.2,11.365609,0.8343908309936516,0.8343908309936516
6,48.1,49.012974,-0.9129737854003892,0.9129737854003892
6,26.3,26.000498,0.29950218200683665,0.29950218200683665
6,35.5,33.227077,2.2729225158691406,2.2729225158691406
6,46.8,43.493183,3.306816864013669,3.306816864013669
6,46.7,44.741245,1.9587547302246122,1.9587547302246122
6,46.3,44.83557,1.4644287109374972,1.4644287109374972
6,46.8,44.025253,2.7747467041015597,2.7747467041015597
6,44.3,41.864864,2.435135650634763,2.435135650634763
6,33.2,31.656748,1.5432521820068388,1.5432521820068388
6,33.3,35.300774,-2.0007736206054716,2.0007736206054716
6,28.8,27.424166,1.375834274291993,1.375834274291993
6,12.1,10.555474,1.5445257186889645,1.5445257186889645
6,10.6,8.926195,1.6738048553466793,1.6738048553466793
6,30.3,29.76245,0.5375507354736335,0.5375507354736335
6,26.6,25.778631,0.821368789672853,0.821368789672853
6,20.2,20.990795,-0.7907951354980476,0.7907951354980476
6,44.4,41.87833,2.521669769287108,2.521669769287108
6,22.0,21.817505,0.1824951171875,0.1824951171875
6,21.7,20.692335,1.0076648712158196,1.0076648712158196
6,6.1,6.023524,0.07647619247436488,0.07647619247436488
6,21.7,28.952456,-7.2524555206298835,7.2524555206298835
6,25.5,22.05803,3.4419708251953125,3.4419708251953125
6,43.2,40.90361,2.2963897705078153,2.2963897705078153
6,6.8,6.1632175,0.6367824554443358,0.6367824554443358
6,8.5,7.112439,1.3875608444213867,1.3875608444213867
6,24.5,24.153582,0.3464183807373047,0.3464183807373047
6,19.4,20.275309,-0.8753086090087905,0.8753086090087905
6,32.0,34.71194,-2.7119407653808594,2.7119407653808594
6,41.9,42.460835,-0.5608345031738295,0.5608345031738295
6,41.6,39.335186,2.2648139953613295,2.2648139953613295
6,41.4,38.160683,3.2393173217773423,3.2393173217773423
6,36.5,33.54011,2.959888458251953,2.959888458251953
6,32.7,31.854254,0.8457462310791044,0.8457462310791044
6,29.6,31.670673,-2.0706733703613267,2.0706733703613267
6,16.8,17.191391,-0.3913909912109368,0.3913909912109368
6,20.2,23.497112,-3.2971122741699226,3.2971122741699226
6,4.9,3.1092255,1.790774488449097,1.790774488449097
6,33.0,34.298077,-1.2980766296386719,1.2980766296386719
6,29.7,35.37252,-5.6725204467773445,5.6725204467773445
6,9.1,20.126884,-11.026884460449219,11.026884460449219
6,7.6,17.698408,-10.098408126831055,10.098408126831055
6,8.0,13.778916,-5.778916358947754,5.778916358947754
6,3.1,4.98247,-1.8824700355529784,1.8824700355529784
6,6.4,6.5551405,-0.1551404953002926,0.1551404953002926
6,6.7,6.6575327,0.04246730804443377,0.04246730804443377
6,6.6,7.9704638,-1.3704637527465824,1.3704637527465824
6,6.8,8.393078,-1.593077850341797,1.593077850341797
6,6.7,7.895834,-1.1958339691162108,1.1958339691162108
6,6.3,7.920667,-1.6206671714782717,1.6206671714782717
6,4.2,7.097107,-2.89710693359375,2.89710693359375
6,7.4,8.074816,-0.67481575012207,0.67481575012207
6,7.1,6.6012177,0.4987822532653805,0.4987822532653805
6,1.6,1.5301563,0.0698437452316285,0.0698437452316285
6,5.7,5.576195,0.12380523681640643,0.12380523681640643
6,6.6,5.563626,1.036374187469482,1.036374187469482
6,4.4,5.5256333,-1.125633335113525,1.125633335113525
6,1.4,2.526482,-1.126482105255127,1.126482105255127
6,3.1,2.9125395,0.18746051788330087,0.18746051788330087
6,5.0,6.128153,-1.128152847290039,1.128152847290039
6,6.3,6.9753604,-0.6753603935241701,0.6753603935241701
6,2.2,2.889107,-0.6891069889068602,0.6891069889068602
6,6.6,6.3837852,0.21621475219726527,0.21621475219726527
6,5.3,6.6134653,-1.3134653091430666,1.3134653091430666
6,5.4,7.895085,-2.4950848579406735,2.4950848579406735
6,6.7,7.2596936,-0.5596936225891112,0.5596936225891112
6,6.8,7.921978,-1.121977996826172,1.121977996826172
6,4.6,4.4220753,0.17792472839355433,0.17792472839355433
6,7.1,6.8962054,0.20379457473754847,0.20379457473754847
6,1.8,2.3418655,-0.5418655395507812,0.5418655395507812
6,7.0,7.066977,-0.06697702407836914,0.06697702407836914
6,7.9,6.6581116,1.2418884277343754,1.2418884277343754
6,7.7,7.660349,0.039651107788086115,0.039651107788086115
6,7.7,8.074918,-0.3749177932739256,0.3749177932739256
6,7.8,7.7147965,0.08520345687866193,0.08520345687866193
6,7.1,7.2717733,-0.17177333831787145,0.17177333831787145
6,7.1,6.514074,0.5859261512756344,0.5859261512756344
6,7.6,6.5069613,1.0930386543273922,1.0930386543273922
6,8.1,7.718732,0.38126811981201136,0.38126811981201136
6,8.1,7.1227655,0.9772344589233395,0.9772344589233395
6,8.3,7.993246,0.3067539215087898,0.3067539215087898
6,7.7,7.70864,-0.008640098571777166,0.008640098571777166
6,7.5,7.6008773,-0.10087728500366211,0.10087728500366211
6,7.6,6.6423383,0.9576617240905758,0.9576617240905758
6,5.2,3.6990287,1.5009712696075441,1.5009712696075441
6,6.7,5.4129486,1.2870513916015627,1.2870513916015627
6,8.2,7.3477387,0.8522612571716301,0.8522612571716301
6,5.95,8.601033,-2.6510332107543944,2.6510332107543944
6,3.7,4.4332376,-0.7332375526428221,0.7332375526428221
6,5.7,4.8622947,0.8377053260803224,0.8377053260803224
6,6.6,6.3524237,0.2475763320922848,0.2475763320922848
6,3.7,4.484324,-0.7843239784240721,0.7843239784240721
6,7.6,7.474919,0.12508115768432582,0.12508115768432582
6,8.4,8.378964,0.021035575866699574,0.021035575866699574
6,8.8,8.551735,0.24826507568359446,0.24826507568359446
6,7.7,7.7349367,-0.034936714172363104,0.034936714172363104
6,5.8,6.486783,-0.686783027648926,0.686783027648926
6,7.7,5.494907,2.2050930976867678,2.2050930976867678
6,6.8,6.70954,0.09046010971069318,0.09046010971069318
6,8.2,8.617957,-0.41795711517334055,0.41795711517334055
6,8.5,7.6284537,0.8715462684631348,0.8715462684631348
6,8.5,8.552743,-0.052742958068847656,0.052742958068847656
6,8.8,7.686089,1.1139109611511238,1.1139109611511238
6,9.0,7.1980886,1.8019113540649414,1.8019113540649414
6,5.1,5.0211115,0.07888851165771449,0.07888851165771449
6,1.2,2.5766325,-1.3766324996948243,1.3766324996948243
6,8.1,10.01761,-1.9176095962524418,1.9176095962524418
6,5.8,5.44908,0.35092000961303693,0.35092000961303693
6,6.8,6.0665817,0.7334182739257811,0.7334182739257811
6,8.3,8.928191,-0.6281911849975579,0.6281911849975579
6,7.3,7.7057543,-0.4057542800903322,0.4057542800903322
6,7.0,8.100642,-1.100642204284668,1.100642204284668
6,8.2,7.9727626,0.22723741531372,0.22723741531372
6,6.2,6.8831325,-0.6831324577331541,0.6831324577331541
6,7.6,8.214706,-0.6147064208984379,0.6147064208984379
6,0.8,3.401539,-2.6015390872955324,2.6015390872955324
6,8.4,10.279004,-1.879004096984863,1.879004096984863
6,7.0,6.6321473,0.36785268783569336,0.36785268783569336
6,8.3,8.385408,-0.0854084014892571,0.0854084014892571
6,6.3,7.036994,-0.736993980407715,0.736993980407715
6,6.3,7.960082,-1.6600820541381838,1.6600820541381838
6,7.9,7.8363214,0.06367864608764684,0.06367864608764684
6,7.1,7.1410017,-0.041001701354980824,0.041001701354980824
6,4.9,5.477399,-0.5773988723754879,0.5773988723754879
6,9.0,8.781605,0.21839523315429688,0.21839523315429688
6,2.3,2.204716,0.0952840328216551,0.0952840328216551
6,6.5,6.4227057,0.07729434967041016,0.07729434967041016
6,6.4,4.5873504,1.8126496315002445,1.8126496315002445
6,0.5,1.7189121,-1.218912124633789,1.218912124633789
6,9.0,9.7295265,-0.7295265197753906,0.7295265197753906
6,8.6,8.614031,-0.014030838012695668,0.014030838012695668
6,8.7,8.4061775,0.29382247924804616,0.29382247924804616
6,8.8,9.2606,-0.46060009002685476,0.46060009002685476
6,8.8,8.8830595,-0.08305950164794851,0.08305950164794851
6,8.5,8.464899,0.03510093688964844,0.03510093688964844
6,8.6,8.912005,-0.3120054244995121,0.3120054244995121
6,6.7,7.595111,-0.8951108932495115,0.8951108932495115
6,5.8,7.3399515,-1.539951515197754,1.539951515197754
6,8.2,8.707692,-0.5076921463012702,0.5076921463012702
6,8.3,9.420273,-1.1202728271484368,1.1202728271484368
6,6.3,6.009214,0.29078607559204084,0.29078607559204084
6,8.1,7.9004126,0.1995874404907223,0.1995874404907223
6,8.0,8.2730465,-0.27304649353027344,0.27304649353027344
6,8.2,9.2404,-1.0404003143310554,1.0404003143310554
6,5.2,6.520115,-1.3201148986816404,1.3201148986816404
6,7.7,6.8308153,0.8691846847534181,0.8691846847534181
6,4.3,4.099695,0.20030479431152326,0.20030479431152326
6,0.8,0.37049714,0.4295028626918793,0.4295028626918793
6,4.0,3.2161167,0.7838833332061768,0.7838833332061768
6,7.9,8.7091,-0.8090997695922848,0.8090997695922848
6,5.2,4.561726,0.6382739067077638,0.6382739067077638
6,7.2,8.352143,-1.1521432876586912,1.1521432876586912
6,6.9,8.09032,-1.1903196334838864,1.1903196334838864
6,7.5,8.039317,-0.5393171310424805,0.5393171310424805
6,7.5,7.43034,0.06966018676757812,0.06966018676757812
6,6.9,6.339271,0.5607289314270023,0.5607289314270023
6,3.5,3.9926858,-0.49268579483032227,0.49268579483032227
6,7.9,7.594273,0.3057269096374515,0.3057269096374515
6,7.8,7.2482467,0.5517533302307127,0.5517533302307127
6,7.8,8.249013,-0.4490129470825197,0.4490129470825197
6,7.6,7.684481,-0.08448114395141637,0.08448114395141637
6,4.9,5.0197268,-0.11972675323486293,0.11972675323486293
6,3.6,3.1786218,0.4213782310485841,0.4213782310485841
6,2.2,1.8121727,0.3878273487091066,0.3878273487091066
6,1.6,0.6991828,0.9008171916007996,0.9008171916007996
6,0.8,0.42267156,0.3773284435272217,0.3773284435272217
6,0.3,1.4481094,-1.1481093883514404,1.1481093883514404
6,2.6,3.4161026,-0.816102647781372,0.816102647781372
6,4.7,3.532603,1.1673969745635988,1.1673969745635988
6,3.0000000000000004,2.1041913,0.8958086967468266,0.8958086967468266
6,2.9,2.2781255,0.6218744754791259,0.6218744754791259
6,1.4,1.5054436,-0.10544357299804696,0.10544357299804696
6,4.8,5.312781,-0.5127808570861818,0.5127808570861818
6,1.3,2.3482113,-1.0482112884521484,1.0482112884521484
6,0.7,0.5856268,0.11437321901321407,0.11437321901321407
6,0.5,-1.1247497,1.6247496604919434,1.6247496604919434
6,2.2,2.1422002,0.057799768447876154,0.057799768447876154
6,0.6,0.55176806,0.04823193550109861,0.04823193550109861
6,1.1,1.3807744,-0.2807743787765502,0.2807743787765502
6,2.8,1.9987345,0.8012655258178709,0.8012655258178709
6,5.9,5.0395145,0.8604854583740238,0.8604854583740238
6,3.2,2.8465447,0.35345525741577166,0.35345525741577166
6,4.2,4.4491563,-0.2491562843322752,0.2491562843322752
6,6.5,6.567735,-0.06773519515991211,0.06773519515991211
6,0.7,0.62486935,0.07513065338134761,0.07513065338134761
6,6.2,4.4374056,1.7625944137573244,1.7625944137573244
6,2.4,2.134512,0.265488052368164,0.265488052368164
6,1.1,0.7859914,0.3140086293220521,0.3140086293220521
6,0.4,0.7401791,-0.3401791214942932,0.3401791214942932
6,2.4,1.5512536,0.8487464427947997,0.8487464427947997
6,0.3,-0.39269143,0.6926914334297181,0.6926914334297181
6,0.6,1.0138211,-0.4138211250305176,0.4138211250305176
6,0.8,1.7844679,-0.9844679355621337,0.9844679355621337
6,4.4,4.521299,-0.12129888534545863,0.12129888534545863
6,4.6,5.317977,-0.7179769515991214,0.7179769515991214
6,5.7,6.8880053,-1.1880052566528319,1.1880052566528319
6,2.1,2.146303,-0.04630293846130362,0.04630293846130362
6,0.2,-0.13607222,0.33607221841812135,0.33607221841812135
6,0.2,-0.86018187,1.0601818680763244,1.0601818680763244
6,1.2,0.60076916,0.5992308378219604,0.5992308378219604
6,3.5,2.2508445,1.2491555213928223,1.2491555213928223
6,0.1,-1.5106108,1.6106108188629151,1.6106108188629151
6,2.5,2.0043411,0.49565887451171875,0.49565887451171875
6,0.9,2.0349638,-1.1349638462066651,1.1349638462066651
6,2.3,2.6802976,-0.3802976131439211,0.3802976131439211
6,2.1,3.6679356,-1.5679356098175048,1.5679356098175048
6,1.2,0.7790584,0.4209416031837463,0.4209416031837463
6,0.4,0.6523878,-0.252387797832489,0.252387797832489
6,0.1,0.06059724,0.0394027590751648,0.0394027590751648
6,2.3,2.5976298,-0.2976297855377199,0.2976297855377199
6,0.2,1.2511976,-1.0511975765228272,1.0511975765228272
6,0.1,-0.1276564,0.22765640020370484,0.22765640020370484
6,1.7,2.335069,-0.635068941116333,0.635068941116333
6,0.8,0.2629272,0.5370727956295014,0.5370727956295014
6,1.9,1.644888,0.2551119565963744,0.2551119565963744
6,0.9,0.3493179,0.5506820917129517,0.5506820917129517
6,3.3,2.833314,0.4666860580444334,0.4666860580444334
6,0.1,-1.8898519,1.9898519277572633,1.9898519277572633
6,0.4,1.2818097,-0.8818096876144409,0.8818096876144409
6,0.2,0.49397612,-0.2939761161804199,0.2939761161804199
6,0.1,-0.0027620385,0.10276203849352897,0.10276203849352897
6,1.5000000000000002,2.783764,-1.2837638854980467,1.2837638854980467
6,9.3,7.4002614,1.8997385978698738,1.8997385978698738
6,3.0000000000000004,3.700378,-0.7003779411315914,0.7003779411315914
6,11.7,7.5498743,4.150125694274902,4.150125694274902
6,3.0000000000000004,2.7081459,0.29185414314270064,0.29185414314270064
6,16.1,11.330189,4.769811248779298,4.769811248779298
6,11.4,7.586939,3.813061141967774,3.813061141967774
6,2.6,1.9004153,0.6995846986770631,0.6995846986770631
6,0.7,0.79392314,-0.0939231395721436,0.0939231395721436
6,29.7,28.623474,1.0765258789062493,1.0765258789062493
6,2.7,2.2071133,0.49288673400878924,0.49288673400878924
6,32.5,30.136806,2.3631935119628906,2.3631935119628906
6,40.7,34.9603,5.739699554443362,5.739699554443362
6,44.6,35.686848,8.913152313232423,8.913152313232423
6,22.2,20.772882,1.4271175384521477,1.4271175384521477
6,27.0,21.35833,5.641670227050781,5.641670227050781
6,3.0000000000000004,3.1346297,-0.13462972640991167,0.13462972640991167
6,1.5000000000000002,1.3260858,0.17391419410705589,0.17391419410705589
6,2.4,1.9718006,0.4281994342803954,0.4281994342803954
6,41.3,43.469017,-2.1690170288085966,2.1690170288085966
6,0.7,0.31816304,0.3818369626998901,0.3818369626998901
6,10.6,9.652483,0.9475170135498043,0.9475170135498043
6,4.8,3.3207707,1.4792292594909666,1.4792292594909666
6,14.9,13.449864,1.4501356124877933,1.4501356124877933
6,0.3,0.23723795,0.06276205480098723,0.06276205480098723
6,20.3,16.552189,3.747811126708985,3.747811126708985
6,10.3,9.912163,0.38783721923828196,0.38783721923828196
6,12.000000000000002,13.774277,-1.7742767333984357,1.7742767333984357
6,2.5,1.1802723,1.3197276592254639,1.3197276592254639
6,0.4,-0.19333316,0.59333316385746,0.59333316385746
6,23.1,28.737064,-5.637064361572264,5.637064361572264
6,1.2,0.6510774,0.5489226102828979,0.5489226102828979
6,2.6,3.2866154,-0.6866153717041015,0.6866153717041015
6,9.9,5.636048,4.263952159881592,4.263952159881592
6,8.4,14.669139,-6.26913890838623,6.26913890838623
6,6.6,7.224812,-0.6248120307922367,0.6248120307922367
6,3.2,3.5374136,-0.3374135971069334,0.3374135971069334
6,31.4,34.1586,-2.7585998535156264,2.7585998535156264
6,5.5,4.965075,0.5349249839782715,0.5349249839782715
6,2.3,2.5835314,-0.2835313796997072,0.2835313796997072
6,28.3,29.793907,-1.493907165527343,1.493907165527343
6,0.4,0.7475314,-0.3475314140319824,0.3475314140319824
6,1.1,0.9815443,0.11845568418502816,0.11845568418502816
6,6.2,4.6254425,1.5745574951171877,1.5745574951171877
6,22.8,22.325686,0.4743144989013679,0.4743144989013679
6,3.7,4.076002,-0.3760021209716795,0.3760021209716795
6,18.5,20.276638,-1.7766380310058594,1.7766380310058594
6,5.1,2.9812293,2.1187706947326657,2.1187706947326657
6,2.1,1.0462744,1.053725576400757,1.053725576400757
6,4.2,4.7358775,-0.5358775138854979,0.5358775138854979
6,2.6,1.9545531,0.6454468727111817,0.6454468727111817
6,19.0,20.077404,-1.0774040222167969,1.0774040222167969
6,17.2,14.760863,2.4391366958618157,2.4391366958618157
6,12.700000000000001,13.138925,-0.4389245986938466,0.4389245986938466
6,5.6,4.579706,1.020293807983398,1.020293807983398
6,43.7,47.953518,-4.2535179138183565,4.2535179138183565
6,41.0,39.340073,1.6599273681640625,1.6599273681640625
6,1.8,1.5189811,0.2810189008712769,0.2810189008712769
6,9.5,7.080576,2.419424057006836,2.419424057006836
6,6.4,4.405779,1.994221115112305,1.994221115112305
6,48.8,50.313503,-1.5135032653808622,1.5135032653808622
6,45.0,40.851555,4.148445129394531,4.148445129394531
6,0.7,3.216072,-2.516072082519531,2.516072082519531
6,3.1,3.0062845,0.093715524673462,0.093715524673462
6,39.7,37.20818,2.4918205261230497,2.4918205261230497
6,22.4,28.089676,-5.689675903320314,5.689675903320314
6,27.7,23.712767,3.987233352661132,3.987233352661132
6,2.6,2.4621584,0.137841558456421,0.137841558456421
6,18.5,16.608315,1.8916854858398438,1.8916854858398438
6,11.9,8.007532,3.892467880249024,3.892467880249024
6,22.4,27.429598,-5.029597854614259,5.029597854614259
6,2.7,1.2003553,1.499644708633423,1.499644708633423
6,1.4,0.49065632,0.9093436837196349,0.9093436837196349
6,1.5000000000000002,0.028292373,1.4717076271772387,1.4717076271772387
6,1.0,2.8290906,-1.8290905952453613,1.8290905952453613
6,16.6,17.917429,-1.3174289703369126,1.3174289703369126
6,43.5,40.301884,3.1981163024902344,3.1981163024902344
6,56.6,53.676384,2.9236160278320327,2.9236160278320327
6,46.599999999999994,40.52393,6.076070404052729,6.076070404052729
6,46.8,42.955353,3.844647216796872,3.844647216796872
6,30.1,33.06319,-2.9631904602050767,2.9631904602050767
6,47.5,45.85211,1.64788818359375,1.64788818359375
6,31.9,29.20683,2.6931709289550767,2.6931709289550767
6,29.0,25.461082,3.5389175415039062,3.5389175415039062
6,2.9,4.0878997,-1.187899684906006,1.187899684906006
6,9.0,8.000687,0.9993133544921875,0.9993133544921875
6,49.6,52.904568,-3.304567718505858,3.304567718505858
6,20.3,20.75849,-0.4584896087646477,0.4584896087646477
6,0.9,-1.3182155,2.218215489387512,2.218215489387512
6,14.9,13.121253,1.7787469863891605,1.7787469863891605
6,35.6,35.764313,-0.16431274414062358,0.16431274414062358
6,21.5,22.269321,-0.7693214416503906,0.7693214416503906
6,39.3,40.3005,-1.0004989624023466,1.0004989624023466
6,40.9,45.908623,-5.00862274169922,5.00862274169922
6,3.4,2.2429497,1.1570502758026122,1.1570502758026122
6,36.9,34.332638,2.567362213134764,2.567362213134764
6,4.0,3.2450747,0.7549252510070801,0.7549252510070801
6,17.4,18.647745,-1.2477451324462905,1.2477451324462905
6,2.6,1.9394665,0.6605335235595704,0.6605335235595704
6,47.5,48.631687,-1.1316871643066406,1.1316871643066406
6,10.5,10.210961,0.28903865814208984,0.28903865814208984
6,30.6,28.728817,1.871183013916017,1.871183013916017
6,2.5,2.9992733,-0.49927330017089844,0.49927330017089844
6,15.0,16.862238,-1.8622379302978516,1.8622379302978516
6,19.6,15.298719,4.301280593872072,4.301280593872072
6,2.2,1.3658261,0.8341738700866701,0.8341738700866701
6,1.6,1.0750971,0.5249029159545899,0.5249029159545899
6,10.6,8.886096,1.713903999328613,1.713903999328613
6,33.9,31.678217,2.221783065795897,2.221783065795897
6,31.4,32.112724,-0.7127243041992202,0.7127243041992202
6,2.1,0.76218677,1.3378132343292237,1.3378132343292237
6,22.0,20.04622,1.9537792205810547,1.9537792205810547
6,6.3,5.359429,0.9405711174011229,0.9405711174011229
6,44.1,45.52364,-1.4236396789550767,1.4236396789550767
6,22.4,23.372763,-0.9727626800537124,0.9727626800537124
6,53.3,53.9017,-0.6016990661621122,0.6016990661621122
6,40.2,41.627014,-1.4270141601562472,1.4270141601562472
6,30.9,34.193542,-3.2935424804687514,3.2935424804687514
6,50.7,50.00083,0.6991683959960966,0.6991683959960966
6,50.4,48.850246,1.5497535705566392,1.5497535705566392
6,48.3,47.139412,1.160588073730466,1.160588073730466
6,1.9,4.579706,-2.6797061920166017,2.6797061920166017
6,57.5,53.891346,3.608654022216797,3.608654022216797
6,56.4,53.160233,3.239767456054686,3.239767456054686
6,55.7,52.685265,3.014735412597659,3.014735412597659
6,54.8,50.843872,3.956127929687497,3.956127929687497
6,42.1,41.12466,0.975339508056642,0.975339508056642
6,51.2,50.568558,0.6314422607421903,0.6314422607421903
6,50.800000000000004,52.002827,-1.2028266906738239,1.2028266906738239
6,6.1,3.525872,2.5741280078887936,2.5741280078887936
6,56.8,53.56624,3.2337615966796847,3.2337615966796847
6,54.4,55.71852,-1.318521118164064,1.318521118164064
6,53.9,54.87517,-0.9751716613769545,0.9751716613769545
6,52.7,51.31515,1.3848487854003935,1.3848487854003935
6,28.5,26.831394,1.6686058044433594,1.6686058044433594
6,52.2,48.76054,3.439459991455081,3.439459991455081
6,51.2,54.105076,-2.905075836181638,2.905075836181638
6,50.4,51.65323,-1.2532287597656264,1.2532287597656264
6,49.1,47.46554,1.634458160400392,1.634458160400392
6,48.4,49.27574,-0.8757415771484389,0.8757415771484389
6,47.9,48.157253,-0.2572532653808608,0.2572532653808608
6,47.300000000000004,49.549294,-2.249293518066402,2.249293518066402
6,48.4,48.80694,-0.40693817138672017,0.40693817138672017
6,31.4,33.40717,-2.007169342041017,2.007169342041017
6,30.1,28.02921,2.070790863037111,2.070790863037111
6,51.7,52.285168,-0.585167694091794,0.585167694091794
6,48.4,49.62038,-1.2203804016113295,1.2203804016113295
6,38.8,38.88655,-0.08655090332031534,0.08655090332031534
6,42.6,41.70426,0.8957382202148452,0.8957382202148452
6,36.8,32.058067,4.741932678222653,4.741932678222653
6,46.1,46.012257,0.0877433776855483,0.0877433776855483
6,46.7,49.240627,-2.5406272888183565,2.5406272888183565
6,41.9,41.975414,-0.0754142761230483,0.0754142761230483
6,47.2,47.165768,0.03423233032226847,0.03423233032226847
6,46.3,46.41274,-0.11273880004883097,0.11273880004883097
6,43.5,43.71318,-0.2131805419921875,0.2131805419921875
6,46.599999999999994,47.437305,-0.8373054504394588,0.8373054504394588
6,40.6,39.838543,0.7614570617675795,0.7614570617675795
6,37.9,35.54011,2.3598884582519517,2.3598884582519517
6,23.2,25.17738,-1.9773796081542976,1.9773796081542976
6,27.6,26.700647,0.8993526458740249,0.8993526458740249
6,9.1,12.355037,-3.2550367355346683,3.2550367355346683
6,15.3,22.066414,-6.7664138793945305,6.7664138793945305
6,18.2,18.615803,-0.41580276489257884,0.41580276489257884
6,37.2,38.20628,-1.006279754638669,1.006279754638669
6,27.5,25.835342,1.6646575927734375,1.6646575927734375
6,7.2,6.624836,0.575164031982422,0.575164031982422
6,43.8,45.53584,-1.7358390808105497,1.7358390808105497
6,42.3,43.652927,-1.3529273986816435,1.3529273986816435
6,37.0,38.658203,-1.658203125,1.658203125
6,29.5,28.472097,1.027902603149414,1.027902603149414
6,30.6,30.334433,0.2655673980712905,0.2655673980712905
6,2.8,2.3833525,0.4166474819183348,0.4166474819183348
6,36.9,38.948338,-2.048337554931642,2.048337554931642
6,9.7,9.6105385,0.08946151733398366,0.08946151733398366
6,17.9,15.55957,2.3404296874999986,2.3404296874999986
6,37.1,38.04842,-0.9484199523925767,0.9484199523925767
6,40.4,39.646393,0.7536071777343736,0.7536071777343736
6,39.8,38.04137,1.758629608154294,1.758629608154294
6,38.0,38.924805,-0.9248046875,0.9248046875
6,37.5,40.478325,-2.9783248901367188,2.9783248901367188
6,37.3,38.466125,-1.1661254882812528,1.1661254882812528
6,37.1,37.019543,0.08045730590820455,0.08045730590820455
6,20.9,22.460197,-1.5601974487304702,1.5601974487304702
6,5.1,2.4474819,2.6525181293487545,2.6525181293487545
6,37.1,41.97508,-4.8750785827636705,4.8750785827636705
6,21.0,21.389263,-0.3892631530761719,0.3892631530761719
6,36.8,34.770374,2.029625701904294,2.029625701904294
6,36.2,34.394836,1.8051635742187528,1.8051635742187528
6,37.5,36.067776,1.4322242736816406,1.4322242736816406
6,30.7,32.795715,-2.0957153320312507,2.0957153320312507
6,35.0,34.02224,0.9777603149414062,0.9777603149414062
6,36.7,35.352703,1.347296905517581,1.347296905517581
6,35.2,33.89643,1.3035690307617216,1.3035690307617216
6,34.3,32.894386,1.405613708496091,1.405613708496091
6,22.7,20.593054,2.106946182250976,2.106946182250976
6,16.1,13.521984,2.5780158996582045,2.5780158996582045
6,9.2,9.6252165,-0.42521648406982493,0.42521648406982493
6,8.6,10.65637,-2.0563701629638675,2.0563701629638675
6,23.2,24.628683,-1.4286830902099616,1.4286830902099616
6,31.5,33.089134,-1.5891342163085938,1.5891342163085938
6,10.1,8.861735,1.2382646560668942,1.2382646560668942
6,13.4,13.599456,-0.19945583343505824,0.19945583343505824
6,26.9,25.497927,1.4020732879638658,1.4020732879638658
6,32.5,33.97549,-1.4754905700683594,1.4754905700683594
6,26.2,25.01034,1.1896602630615227,1.1896602630615227
6,10.2,10.727736,-0.5277364730834968,0.5277364730834968
6,18.7,19.639383,-0.9393833160400398,0.9393833160400398
6,21.5,25.669706,-4.169706344604492,4.169706344604492
6,8.7,7.154955,1.545045089721679,1.545045089721679
6,17.9,21.223066,-3.323066329956056,3.323066329956056
6,21.1,23.056858,-1.9568580627441392,1.9568580627441392
6,15.2,14.308444,0.8915559768676751,0.8915559768676751
6,28.4,28.090937,0.309063339233397,0.309063339233397
6,33.5,31.031578,2.4684219360351562,2.4684219360351562
6,32.6,30.590443,2.0095573425292983,2.0095573425292983
6,32.6,30.340664,2.259336090087892,2.259336090087892
6,32.1,29.79219,2.307809448242189,2.307809448242189
6,23.8,22.040207,1.7597930908203132,1.7597930908203132
6,26.7,26.002613,0.6973869323730462,0.6973869323730462
6,21.9,23.651175,-1.7511745452880874,1.7511745452880874
6,26.4,27.976742,-1.5767417907714858,1.5767417907714858
6,20.7,21.91918,-1.2191799163818366,1.2191799163818366
6,27.3,26.247698,1.0523021697998054,1.0523021697998054
6,18.9,19.054148,-0.15414772033691548,0.15414772033691548
6,24.5,24.984854,-0.48485374450683594,0.48485374450683594
6,32.4,31.799023,0.6009773254394517,0.6009773254394517
6,20.9,21.816397,-0.9163967132568374,0.9163967132568374
6,33.2,33.407356,-0.2073562622070284,0.2073562622070284
6,33.9,33.49816,0.40183868408202983,0.40183868408202983
6,29.8,31.734194,-1.934193801879882,1.934193801879882
6,30.4,28.76777,1.6322292327880845,1.6322292327880845
6,23.5,24.517017,-1.0170173645019531,1.0170173645019531
6,33.4,36.861156,-3.4611564636230483,3.4611564636230483
6,35.4,36.15301,-0.7530113220214858,0.7530113220214858
6,36.1,37.648834,-1.5488342285156236,1.5488342285156236
6,30.6,33.81364,-3.2136405944824205,3.2136405944824205
6,14.5,15.247799,-0.7477989196777344,0.7477989196777344
6,3.5,2.16893,1.3310699462890625,1.3310699462890625
6,27.2,29.674135,-2.4741352081298835,2.4741352081298835
6,34.7,34.83213,-0.1321304321289034,0.1321304321289034
6,32.2,29.537786,2.6622135162353544,2.6622135162353544
6,30.4,33.252827,-2.8528266906738295,2.8528266906738295
6,36.8,33.34505,3.454949188232419,3.454949188232419
6,35.6,38.090084,-2.490084075927733,2.490084075927733
6,36.6,38.577892,-1.9778923034667955,1.9778923034667955
6,20.6,20.4671,0.13289985656738423,0.13289985656738423
6,29.6,29.434708,0.16529235839843892,0.16529235839843892
6,24.700000000000003,26.154156,-1.454155731201169,1.454155731201169
6,36.5,38.011787,-1.5117874145507812,1.5117874145507812
6,25.400000000000002,27.748592,-2.3485923767089822,2.3485923767089822
6,37.7,38.795452,-1.095452117919919,1.095452117919919
6,37.6,38.31132,-0.7113212585449205,0.7113212585449205
6,37.1,37.838722,-0.7387222290039048,0.7387222290039048
6,28.7,28.208273,0.49172706604003835,0.49172706604003835
6,10.4,8.219558,2.1804422378540043,2.1804422378540043
6,18.4,22.713318,-4.313317871093751,4.313317871093751
6,25.2,28.770868,-3.5708683013916023,3.5708683013916023
6,40.1,42.063705,-1.963705444335936,1.963705444335936
6,39.4,39.1335,0.2665008544921861,0.2665008544921861
6,38.6,38.484367,0.11563262939453267,0.11563262939453267
6,38.7,36.90784,1.7921592712402372,1.7921592712402372
6,38.6,38.769577,-0.16957702636718608,0.16957702636718608
6,38.4,35.56034,2.8396591186523423,2.8396591186523423
6,28.8,28.178501,0.6214988708496101,0.6214988708496101
6,26.2,25.42429,0.7757102966308587,0.7757102966308587
6,14.0,26.909132,-12.90913200378418,12.90913200378418
6,16.8,18.678303,-1.8783027648925774,1.8783027648925774
6,38.0,41.237083,-3.2370834350585938,3.2370834350585938
6,31.2,29.692001,1.5079986572265618,1.5079986572265618
6,27.1,28.207716,-1.1077159881591783,1.1077159881591783
6,24.6,22.97874,1.6212593078613295,1.6212593078613295
6,34.2,34.410213,-0.21021347045898153,0.21021347045898153
6,42.6,41.89999,0.700009918212892,0.700009918212892
6,37.5,39.075787,-1.5757865905761719,1.5757865905761719
6,33.7,34.39972,-0.6997192382812472,0.6997192382812472
6,28.1,26.070305,2.0296951293945327,2.0296951293945327
6,32.5,34.54062,-2.040618896484375,2.040618896484375
6,18.3,19.72058,-1.4205791473388665,1.4205791473388665
6,47.300000000000004,50.78683,-3.486830902099605,3.486830902099605
6,36.2,36.67195,-0.47195129394530966,0.47195129394530966
6,8.4,6.748048,1.651952171325684,1.651952171325684
6,18.5,17.424276,1.075723648071289,1.075723648071289
6,2.7,1.501008,1.1989919662475588,1.1989919662475588
6,22.8,28.30197,-5.5019695281982415,5.5019695281982415
6,27.0,27.523443,-0.5234432220458984,0.5234432220458984
6,48.3,48.688885,-0.3888847351074247,0.3888847351074247
6,37.5,40.93119,-3.4311904907226562,3.4311904907226562
6,38.1,36.351845,1.7481552124023452,1.7481552124023452
6,27.6,27.990437,-0.3904365539550767,0.3904365539550767
6,19.7,21.201624,-1.5016239166259773,1.5016239166259773
6,49.400000000000006,52.79116,-3.391160583496088,3.391160583496088
6,49.0,49.490494,-0.4904937744140625,0.4904937744140625
6,48.5,48.806953,-0.30695343017578125,0.30695343017578125
6,39.7,37.650154,2.0498458862304716,2.0498458862304716
6,44.50000000000001,44.999645,-0.49964523315428977,0.49964523315428977
6,43.7,44.526844,-0.8268440246582003,0.8268440246582003
6,47.300000000000004,48.99918,-1.6991798400878864,1.6991798400878864
6,46.2,46.76441,-0.5644081115722628,0.5644081115722628
6,46.2,46.81417,-0.6141708374023409,0.6141708374023409
6,33.2,44.503452,-11.303452301025388,11.303452301025388
6,45.0,45.87471,-0.8747100830078125,0.8747100830078125
6,46.3,50.05803,-3.7580291748046903,3.7580291748046903
6,43.8,46.528248,-2.728247833251956,2.728247833251956
6,47.5,47.786537,-0.28653717041015625,0.28653717041015625
6,47.1,49.05275,-1.952749633789061,1.952749633789061
6,45.3,47.42403,-2.124030303955081,2.124030303955081
6,28.7,21.333921,7.366078567504882,7.366078567504882
6,9.9,8.705865,1.1941350936889652,1.1941350936889652
6,11.2,9.19792,2.0020801544189446,2.0020801544189446
6,2.0,0.11495845,1.8850415498018265,1.8850415498018265
6,19.8,19.66668,0.13332061767578196,0.13332061767578196
6,34.7,37.74933,-3.049328613281247,3.049328613281247
6,3.8,3.5884774,0.21152262687683088,0.21152262687683088
6,49.2,52.897346,-3.6973464965820284,3.6973464965820284
6,13.3,13.964078,-0.6640779495239251,0.6640779495239251
6,7.4,4.993208,2.4067920684814457,2.4067920684814457
6,34.3,38.51308,-4.213080596923831,4.213080596923831
6,28.2,30.4099,-2.209900665283204,2.209900665283204
6,5.9,6.0872917,-0.18729171752929652,0.18729171752929652
6,15.1,13.8949175,1.2050825119018551,1.2050825119018551
6,25.6,26.549366,-0.9493659973144517,0.9493659973144517
6,9.9,11.710703,-1.8107028961181637,1.8107028961181637
6,14.3,13.499252,0.8007476806640632,0.8007476806640632
6,28.2,28.510256,-0.3102558135986335,0.3102558135986335
6,6.8,5.0942526,1.7057474136352537,1.7057474136352537
6,14.3,12.658277,1.6417234420776374,1.6417234420776374
6,33.4,34.83712,-1.4371200561523452,1.4371200561523452
6,45.900000000000006,44.697704,1.2022956848144588,1.2022956848144588
6,2.5,2.1762545,0.3237454891204834,0.3237454891204834
6,3.4,3.136194,0.26380600929260245,0.26380600929260245
6,9.9,10.478643,-0.5786434173583981,0.5786434173583981
6,29.8,28.034868,1.7651317596435554,1.7651317596435554
6,44.6,43.70425,0.895749664306642,0.895749664306642
6,21.0,19.084183,1.9158172607421875,1.9158172607421875
6,7.5,8.364882,-0.8648824691772461,0.8648824691772461
6,7.3,7.0618496,0.23815040588378888,0.23815040588378888
6,1.0,1.1202542,-0.12025415897369385,0.12025415897369385
6,39.7,36.384926,3.3150741577148466,3.3150741577148466
6,32.5,28.150965,4.349035263061523,4.349035263061523
6,2.3,2.227028,0.07297210693359357,0.07297210693359357
6,18.4,26.489344,-8.089343643188478,8.089343643188478
6,16.0,16.766148,-0.7661476135253906,0.7661476135253906
6,4.0,4.6669326,-0.6669325828552246,0.6669325828552246
6,4.2,3.4054785,0.7945215225219728,0.7945215225219728
6,52.89999999999999,57.205456,-4.305455780029305,4.305455780029305
6,1.3,0.48058647,0.8194135308265686,0.8194135308265686
6,5.7,7.347124,-1.6471240997314451,1.6471240997314451
6,2.2,1.7422625,0.45773751735687274,0.45773751735687274
6,28.3,33.66518,-5.365180206298827,5.365180206298827
6,53.6,61.152576,-7.552576446533202,7.552576446533202
6,51.1,49.33275,1.767251586914064,1.767251586914064
6,8.6,6.3374453,2.2625547409057614,2.2625547409057614
6,8.2,8.1547785,0.04522151947021413,0.04522151947021413
6,47.8,44.40707,3.392929840087888,3.392929840087888
6,1.2,0.40481988,0.7951801240444183,0.7951801240444183
6,1.6,1.2050673,0.3949327230453492,0.3949327230453492
6,5.1,5.1537604,-0.05376043319702184,0.05376043319702184
6,9.6,9.489653,0.11034736633300746,0.11034736633300746
6,43.4,44.630173,-1.230172729492189,1.230172729492189
6,42.2,40.814484,1.3855163574218778,1.3855163574218778
6,9.8,9.497163,0.3028371810913093,0.3028371810913093
6,20.0,21.173504,-1.1735038757324219,1.1735038757324219
6,50.5,51.156334,-0.6563339233398438,0.6563339233398438
6,12.3,10.196773,2.1032274246215827,2.1032274246215827
6,28.0,23.982868,4.017131805419922,4.017131805419922
6,33.4,31.858889,1.5411113739013658,1.5411113739013658
6,41.0,45.590424,-4.590423583984375,4.590423583984375
6,5.3,6.536527,-1.2365271568298342,1.2365271568298342
6,0.8,0.87229186,-0.07229186296463008,0.07229186296463008
6,2.5,1.8510066,0.6489933729171753,0.6489933729171753
6,8.7,4.5820684,4.1179315567016594,4.1179315567016594
6,33.5,34.26746,-0.7674598693847656,0.7674598693847656
6,10.1,12.17879,-2.078790092468262,2.078790092468262
6,5.1,5.651648,-0.551648044586182,0.551648044586182
6,18.9,20.896374,-1.9963737487792983,1.9963737487792983
6,1.3,2.074491,-0.7744910240173339,0.7744910240173339
6,1.8,2.4131544,-0.6131543636322021,0.6131543636322021
6,11.4,9.216232,2.183767700195313,2.183767700195313
6,0.8,1.265616,-0.46561605930328365,0.46561605930328365
6,7.4,7.9755116,-0.57551155090332,0.57551155090332
6,1.2,0.48052,0.7194799900054931,0.7194799900054931
6,4.4,4.4501996,-0.05019960403442347,0.05019960403442347
6,16.4,19.126734,-2.726733779907228,2.726733779907228
6,1.2,0.77952343,0.4204765677452087,0.4204765677452087
6,1.3,0.4307263,0.8692737102508545,0.8692737102508545
6,3.7,4.0800047,-0.38000469207763654,0.38000469207763654
6,1.3,0.41243106,0.8875689387321473,0.8875689387321473
6,7.4,6.5984898,0.8015102386474613,0.8015102386474613
6,19.7,20.089298,-0.38929824829101634,0.38929824829101634
6,0.5,0.83208245,-0.33208245038986206,0.33208245038986206
6,15.1,13.914853,1.1851469039916989,1.1851469039916989
6,2.1,1.3099918,0.7900081634521485,0.7900081634521485
6,4.0,11.4939575,-7.49395751953125,7.49395751953125
6,6.000000000000001,3.296609,2.7033910751342782,2.7033910751342782
6,1.2,1.1023362,0.09766383171081539,0.09766383171081539
6,1.6,1.8105596,-0.21055963039398184,0.21055963039398184
6,1.3,1.4068418,-0.10684175491333003,0.10684175491333003
6,0.4,0.4237631,-0.023763096332550027,0.023763096332550027
6,3.4,2.8034058,0.5965942382812499,0.5965942382812499
6,4.2,10.056033,-5.856033134460449,5.856033134460449
6,19.8,16.060999,3.739001083374024,3.739001083374024
6,1.6,0.8379344,0.762065625190735,0.762065625190735
6,4.6,5.1382427,-0.5382427215576175,0.5382427215576175
6,9.0,8.195393,0.8046073913574219,0.8046073913574219
6,4.3,4.0493517,0.2506483078002928,0.2506483078002928
6,2.4,1.7810609,0.6189390659332275,0.6189390659332275
6,6.5,7.314286,-0.8142862319946289,0.8142862319946289
6,0.6,0.6123123,-0.012312316894531272,0.012312316894531272
6,1.1,0.8968109,0.2031891107559205,0.2031891107559205
6,0.5,0.27992678,0.22007322311401367,0.22007322311401367
6,0.1,0.029289437,0.07071056254208088,0.07071056254208088
6,1.1,0.3651075,0.7348924934864045,0.7348924934864045
6,1.7,2.0608206,-0.36082057952880864,0.36082057952880864
6,13.3,10.553013,2.74698715209961,2.74698715209961
6,35.6,35.51334,0.0866600036621108,0.0866600036621108
6,48.699999999999996,46.101467,2.5985328674316364,2.5985328674316364
6,48.00000000000001,45.77994,2.2200584411621165,2.2200584411621165
6,21.2,0.07267145,21.127328549325465,21.127328549325465
6,1.1,1.2903425,-0.19034245014190665,0.19034245014190665
6,45.5,38.53376,6.966239929199219,6.966239929199219
6,4.1,5.0775223,-0.9775222778320316,0.9775222778320316
6,2.9,3.443717,-0.5437170028686524,0.5437170028686524
6,6.9,5.406377,1.4936231613159183,1.4936231613159183
6,3.0000000000000004,4.1660247,-1.1660246849060054,1.1660246849060054
6,13.1,12.8232155,0.276784515380859,0.276784515380859
6,7.0,4.600022,2.3999781608581543,2.3999781608581543
6,2.1,3.4577663,-1.35776629447937,1.35776629447937
6,12.6,12.3950615,0.20493850708007777,0.20493850708007777
6,28.3,30.731215,-2.431214523315429,2.431214523315429
6,7.3,5.1757083,2.124291706085205,2.124291706085205
6,30.7,35.066063,-4.3660629272460945,4.3660629272460945
6,1.6,1.3856033,0.21439669132232675,0.21439669132232675
6,5.2,4.523707,0.6762930870056154,0.6762930870056154
6,9.3,7.9041476,1.3958523750305183,1.3958523750305183
6,2.1,1.6391943,0.46080574989318857,0.46080574989318857
6,1.2,1.3581623,-0.15816228389739995,0.15816228389739995
6,5.8,6.1377926,-0.3377925872802736,0.3377925872802736
6,1.7,1.2173433,0.4826566696166992,0.4826566696166992
6,1.1,0.40318385,0.6968161523342133,0.6968161523342133
6,15.4,15.5757265,-0.17572650909423793,0.17572650909423793
6,1.2,-0.09498869,1.294988688826561,1.294988688826561
6,0.5,0.7154924,-0.21549242734909058,0.21549242734909058
6,2.7,1.7263787,0.9736213207244875,0.9736213207244875
6,0.8,0.2387493,0.5612507045269013,0.5612507045269013
6,0.8,-0.27878678,1.0787867784500123,1.0787867784500123
6,7.5,7.0154643,0.48453569412231445,0.48453569412231445
6,61.4,61.558598,-0.15859756469726705,0.15859756469726705
6,57.4,55.493164,1.9068359374999986,1.9068359374999986
6,62.5,58.356144,4.143856048583984,4.143856048583984
6,54.29999999999999,54.005573,0.2944267272949119,0.2944267272949119
6,5.8,3.377049,2.422951030731201,2.422951030731201
6,22.9,19.139498,3.7605022430419908,3.7605022430419908
6,25.9,21.879488,4.020512008666991,4.020512008666991
6,20.8,20.174162,0.6258380889892585,0.6258380889892585
6,30.2,26.112602,4.0873977661132805,4.0873977661132805
6,41.1,37.54659,3.5534111022949233,3.5534111022949233
6,55.2,58.18273,-2.982731628417966,2.982731628417966
6,29.5,26.433363,3.0666370391845703,3.0666370391845703
6,46.3,41.159954,5.140045928955075,5.140045928955075
6,44.0,42.702465,1.2975349426269531,1.2975349426269531
6,50.800000000000004,50.72269,0.07730941772461364,0.07730941772461364
6,13.0,12.9096985,0.090301513671875,0.090301513671875
6,57.4,56.74683,0.653170013427733,0.653170013427733
6,56.4,57.163418,-0.7634178161621108,0.7634178161621108
6,54.7,57.14171,-2.4417083740234347,2.4417083740234347
6,53.4,54.641594,-1.2415939331054702,1.2415939331054702
6,12.3,8.762481,3.537519264221192,3.537519264221192
6,22.1,12.850756,9.249244308471681,9.249244308471681
6,5.4,3.1519578,2.248042249679566,2.248042249679566
6,56.7,60.405445,-3.7054450988769503,3.7054450988769503
6,52.7,50.32535,2.374648284912112,2.374648284912112
6,53.0,51.94195,1.0580482482910156,1.0580482482910156
6,39.3,38.85901,0.44099121093749716,0.44099121093749716
6,24.000000000000004,20.486666,3.5133342742919957,3.5133342742919957
6,4.7,5.0455136,-0.3455136299133299,0.3455136299133299
6,27.9,30.277924,-2.3779235839843764,2.3779235839843764
6,3.7,2.9686918,0.731308174133301,0.731308174133301
6,9.3,7.999575,1.3004248619079597,1.3004248619079597
6,28.4,30.375677,-1.9756771087646499,1.9756771087646499
6,20.1,16.255968,3.844031906127931,3.844031906127931
6,14.4,13.807845,0.5921548843383793,0.5921548843383793
6,35.5,39.29075,-3.7907485961914062,3.7907485961914062
6,18.0,19.40062,-1.4006195068359375,1.4006195068359375
6,44.6,48.735817,-4.135816955566405,4.135816955566405
6,7.7,7.572964,0.1270358085632326,0.1270358085632326
6,5.4,4.2892194,1.1107806205749515,1.1107806205749515
6,19.1,21.00669,-1.906689071655272,1.906689071655272
6,52.8,54.31896,-1.518958282470706,1.518958282470706
6,35.4,34.739605,0.6603950500488267,0.6603950500488267
6,45.4,45.22024,0.1797584533691392,0.1797584533691392
6,24.9,24.683249,0.21675148010253764,0.21675148010253764
6,51.7,47.221657,4.478343200683597,4.478343200683597
6,51.0,50.48842,0.5115814208984375,0.5115814208984375
6,50.0,48.287365,1.7126350402832031,1.7126350402832031
6,48.8,49.549526,-0.7495262145996122,0.7495262145996122
6,46.2,49.116337,-2.916336822509763,2.916336822509763
6,53.4,53.63639,-0.23639068603515767,0.23639068603515767
6,47.2,47.014034,0.18596572875976847,0.18596572875976847
6,51.8,51.854996,-0.05499572753906534,0.05499572753906534
6,14.8,14.132689,0.6673105239868171,0.6673105239868171
6,36.9,29.703876,7.1961235046386705,7.1961235046386705
6,9.3,10.71108,-1.4110795974731438,1.4110795974731438
6,38.7,39.62227,-0.9222686767578097,0.9222686767578097
6,30.9,25.295986,5.604013824462889,5.604013824462889
6,18.4,15.809306,2.590693855285643,2.590693855285643
6,9.5,8.567736,0.9322643280029297,0.9322643280029297
6,29.2,31.33078,-2.1307800292968757,2.1307800292968757
6,45.199999999999996,49.272984,-4.072983551025395,4.072983551025395
6,29.8,29.619566,0.18043403625488352,0.18043403625488352
6,42.3,40.9096,1.3904006958007784,1.3904006958007784
6,21.2,21.204403,-0.0044029235839850855,0.0044029235839850855
6,41.4,41.72171,-0.3217102050781264,0.3217102050781264
6,14.4,13.663001,0.7369989395141605,0.7369989395141605
6,3.8,4.4969544,-0.6969544410705568,0.6969544410705568
6,44.2,46.60167,-2.4016693115234347,2.4016693115234347
6,45.1,45.669582,-0.569582366943358,0.569582366943358
6,47.1,46.14439,0.9556098937988295,0.9556098937988295
6,47.300000000000004,48.017563,-0.7175628662109332,0.7175628662109332
6,46.3,46.925648,-0.625647735595706,0.625647735595706
6,47.1,47.46458,-0.36458053588867045,0.36458053588867045
6,47.0,45.749043,1.2509574890136719,1.2509574890136719
6,46.4,45.773823,0.6261772155761705,0.6261772155761705
6,30.8,31.5532,-0.7531997680664055,0.7531997680664055
6,21.3,16.62308,4.676920700073243,4.676920700073243
6,7.1,5.2804694,1.8195305824279782,1.8195305824279782
6,11.4,10.96814,0.43186035156250036,0.43186035156250036
6,26.6,30.082901,-3.482901000976561,3.482901000976561
6,31.1,32.375313,-1.2753128051757798,1.2753128051757798
6,7.7,8.971043,-1.2710426330566404,1.2710426330566404
6,30.9,32.045124,-1.1451240539550795,1.1451240539550795
6,5.7,4.9329147,0.7670852661132814,0.7670852661132814
6,35.8,38.174053,-2.3740531921386747,2.3740531921386747
6,25.7,28.13315,-2.4331501007080085,2.4331501007080085
6,36.9,39.719097,-2.8190971374511733,2.8190971374511733
6,5.6,4.384153,1.2158471107482907,1.2158471107482907
6,3.8,2.214682,1.5853178977966307,1.5853178977966307
6,19.0,21.919546,-2.919546127319336,2.919546127319336
6,13.9,13.518605,0.3813947677612308,0.3813947677612308
6,21.4,19.863682,1.536318206787108,1.536318206787108
6,14.3,15.305675,-1.0056745529174798,1.0056745529174798
6,21.1,20.775494,0.32450637817382955,0.32450637817382955
6,21.6,22.098982,-0.49898185729980327,0.49898185729980327
6,24.5,27.469416,-2.9694156646728516,2.9694156646728516
6,15.3,17.83553,-2.5355293273925774,2.5355293273925774
6,22.9,22.285973,0.6140274047851548,0.6140274047851548
6,8.6,6.922131,1.6778689384460446,1.6778689384460446
6,31.9,35.15974,-3.2597404479980483,3.2597404479980483
6,25.2,24.665068,0.5349323272705071,0.5349323272705071
6,28.1,28.041904,0.058095550537110796,0.058095550537110796
6,19.7,20.673885,-0.9738853454589851,0.9738853454589851
6,9.8,9.811579,-0.011578750610350852,0.011578750610350852
6,19.3,20.169315,-0.8693153381347649,0.8693153381347649
6,36.1,35.888653,0.21134719848632955,0.21134719848632955
6,37.1,36.313885,0.7861152648925795,0.7861152648925795
6,36.2,33.76511,2.434889984130862,2.434889984130862
6,36.0,33.34904,2.650959014892578,2.650959014892578
6,34.9,32.332592,2.5674079895019517,2.5674079895019517
6,31.5,30.702936,0.7970638275146484,0.7970638275146484
6,27.2,26.989645,0.21035499572753835,0.21035499572753835
6,28.3,28.25761,0.042389678955078836,0.042389678955078836
6,14.9,16.413471,-1.5134712219238278,1.5134712219238278
6,5.3,4.0253625,1.2746375083923338,1.2746375083923338
6,11.7,12.115542,-0.41554241180419993,0.41554241180419993
6,20.1,17.983232,2.116767501831056,2.116767501831056
6,28.2,29.98986,-1.7898605346679695,1.7898605346679695
6,34.9,34.01229,0.8877090454101548,0.8877090454101548
6,33.0,32.199528,0.8004722595214844,0.8004722595214844
6,32.5,30.014091,2.4859085083007812,2.4859085083007812
6,33.9,33.13823,0.7617706298828111,0.7617706298828111
6,32.6,32.508335,0.0916648864746108,0.0916648864746108
6,32.4,31.369396,1.0306037902832017,1.0306037902832017
6,32.9,30.867813,2.032186889648436,2.032186889648436
6,33.6,31.602413,1.997586822509767,1.997586822509767
6,29.9,30.699379,-0.7993789672851577,0.7993789672851577
6,32.3,31.991177,0.3088233947753878,0.3088233947753878
6,20.9,20.42667,0.47332992553710795,0.47332992553710795
6,27.2,28.109144,-0.9091442108154304,0.9091442108154304
6,18.1,19.156279,-1.0562786102294908,1.0562786102294908
6,30.2,31.21675,-1.0167491912841804,1.0167491912841804
6,22.599999999999998,20.623466,1.9765335083007791,1.9765335083007791
6,21.6,23.332079,-1.732078933715819,1.732078933715819
6,35.0,35.001728,-0.001728057861328125,0.001728057861328125
6,21.8,20.921549,0.8784511566162116,0.8784511566162116
6,27.5,25.497381,2.0026187896728516,2.0026187896728516
6,13.5,13.363445,0.13655471801757812,0.13655471801757812
6,11.7,10.16088,1.539119911193847,1.539119911193847
6,13.1,13.046884,0.05311641693115199,0.05311641693115199
6,24.2,22.548695,1.6513053894042962,1.6513053894042962
6,27.8,26.702759,1.0972412109375007,1.0972412109375007
6,14.8,14.489769,0.31023101806640696,0.31023101806640696
6,17.3,16.504725,0.7952754974365241,0.7952754974365241
6,5.1,2.448234,2.651765918731689,2.651765918731689
6,33.6,32.075764,1.5242362976074233,1.5242362976074233
6,10.5,7.889377,2.6106228828430176,2.6106228828430176
6,23.2,14.382503,8.817497444152831,8.817497444152831
6,31.9,32.63353,-0.7335296630859389,0.7335296630859389
6,24.8,24.09309,0.7069099426269538,0.7069099426269538
6,19.0,21.128384,-2.1283836364746094,2.1283836364746094
6,10.9,7.4482255,3.4517745018005375,3.4517745018005375
6,10.3,17.571444,-7.271443557739257,7.271443557739257
6,21.8,19.356148,2.4438522338867195,2.4438522338867195
6,30.4,30.389801,0.010198974609373579,0.010198974609373579
6,19.1,14.79006,4.3099399566650405,4.3099399566650405
6,35.6,37.45223,-1.8522285461425767,1.8522285461425767
6,35.5,32.86517,2.6348304748535156,2.6348304748535156
6,37.5,34.126072,3.3739280700683594,3.3739280700683594
6,37.0,35.313824,1.6861763000488281,1.6861763000488281
6,36.8,33.196465,3.6035354614257784,3.6035354614257784
6,36.7,33.376858,3.3231422424316435,3.3231422424316435
6,23.299999999999997,24.586506,-1.286505889892581,1.286505889892581
6,30.2,27.115847,3.0841533660888665,3.0841533660888665
6,31.1,28.883461,2.216539001464845,2.216539001464845
6,24.700000000000003,24.663658,0.03634185791015909,0.03634185791015909
6,26.1,26.041843,0.058156585693360796,0.058156585693360796
6,36.6,34.070442,2.52955780029297,2.52955780029297
6,27.3,26.535612,0.7643878936767585,0.7643878936767585
6,26.3,25.899086,0.40091400146484446,0.40091400146484446
6,23.0,21.525248,1.474752426147461,1.474752426147461
6,19.1,15.133627,3.9663730621337905,3.9663730621337905
6,18.4,20.947512,-2.5475116729736342,2.5475116729736342
6,20.5,22.519173,-2.0191726684570312,2.0191726684570312
6,21.2,22.246918,-1.0469177246093757,1.0469177246093757
6,24.5,27.575153,-3.075153350830078,3.075153350830078
6,7.6,8.501102,-0.901102447509766,0.901102447509766
6,33.7,31.949505,1.750495147705081,1.750495147705081
6,33.4,30.12975,3.2702507019042955,3.2702507019042955
6,30.8,28.263094,2.536906051635743,2.536906051635743
6,34.8,33.310356,1.4896438598632784,1.4896438598632784
6,39.0,37.18594,1.8140602111816406,1.8140602111816406
6,35.7,32.372765,3.327235412597659,3.327235412597659
6,38.2,38.32189,-0.12189178466796591,0.12189178466796591
6,30.7,29.989408,0.7105915069580071,0.7105915069580071
6,30.5,28.24654,2.253459930419922,2.253459930419922
6,23.2,21.029661,2.170338821411132,2.170338821411132
6,15.6,13.862751,1.7372489929199215,1.7372489929199215
6,15.9,17.39517,-1.4951702117919918,1.4951702117919918
6,35.3,35.45711,-0.15711135864258097,0.15711135864258097
6,41.6,42.315506,-0.7155059814453111,0.7155059814453111
6,10.9,8.605651,2.2943490982055668,2.2943490982055668
6,11.6,12.80021,-1.200209999084473,1.200209999084473
6,47.7,48.303734,-0.6037338256835909,0.6037338256835909
6,46.1,46.85257,-0.7525695800781236,0.7525695800781236
6,15.7,11.444921,4.255079460144042,4.255079460144042
6,30.8,29.1802,1.6197994232177741,1.6197994232177741
6,10.3,7.9462614,2.3537385940551765,2.3537385940551765
6,6.000000000000001,4.5223684,1.4776315689086923,1.4776315689086923
6,10.5,11.116478,-0.6164779663085938,0.6164779663085938
6,38.8,38.93748,-0.13748092651367472,0.13748092651367472
6,47.5,46.470623,1.0293769836425781,1.0293769836425781
6,47.6,44.09995,3.500051116943361,3.500051116943361
6,46.4,44.56682,1.833181762695311,1.833181762695311
6,45.7,43.99512,1.7048789978027372,1.7048789978027372
6,45.900000000000006,43.91814,1.9818595886230526,1.9818595886230526
6,46.8,44.743034,2.0569656372070284,2.0569656372070284
6,39.6,40.449947,-0.849947357177733,0.849947357177733
6,46.3,39.939888,6.360111999511716,6.360111999511716
6,10.7,11.187869,-0.48786907196044993,0.48786907196044993
6,17.5,14.43391,3.066089630126953,3.066089630126953
6,17.4,17.689474,-0.28947410583496236,0.28947410583496236
6,48.00000000000001,50.17981,-2.179809570312493,2.179809570312493
6,43.9,43.1387,0.7613014221191392,0.7613014221191392
6,25.1,23.325914,1.774085617065431,1.774085617065431
6,7.1,6.076567,1.0234328269958493,1.0234328269958493
6,18.3,19.641245,-1.3412448883056634,1.3412448883056634
6,33.3,35.010464,-1.7104637145996122,1.7104637145996122
6,49.3,50.612347,-1.3123466491699247,1.3123466491699247
6,21.9,27.523333,-5.623332595825197,5.623332595825197
6,19.4,22.860615,-3.4606147766113295,3.4606147766113295
6,49.9,45.802074,4.097925567626952,4.097925567626952
6,42.1,44.34452,-2.244520568847655,2.244520568847655
6,52.0,51.404297,0.595703125,0.595703125
6,50.6,50.529224,0.0707756042480483,0.0707756042480483
6,39.4,33.52563,5.874369049072264,5.874369049072264
6,18.7,20.023636,-1.3236358642578132,1.3236358642578132
6,28.7,27.932995,0.7670051574707024,0.7670051574707024
6,39.1,39.04978,0.05021820068359517,0.05021820068359517
6,17.7,17.764011,-0.06401138305664134,0.06401138305664134
6,51.9,50.717453,1.182546997070311,1.182546997070311
6,49.1,47.42667,1.6733299255371108,1.6733299255371108
6,42.5,41.880775,0.6192245483398438,0.6192245483398438
6,2.8,3.7973895,-0.9973895072937013,0.9973895072937013
6,5.9,6.89725,-0.9972501754760739,0.9972501754760739
6,29.6,27.732899,1.8671012878417983,1.8671012878417983
6,20.9,21.238367,-0.338367080688478,0.338367080688478
6,20.2,17.421045,2.7789546966552727,2.7789546966552727
6,44.9,49.191753,-4.291753387451173,4.291753387451173
6,53.1,51.535793,1.564206695556642,1.564206695556642
6,52.0,52.08795,-0.08795166015625,0.08795166015625
6,21.7,20.405228,1.2947723388671868,1.2947723388671868
6,10.2,7.7553077,2.4446923255920403,2.4446923255920403
6,21.2,19.821056,1.3789436340332024,1.3789436340332024
6,52.89999999999999,50.076176,2.823824310302726,2.823824310302726
6,33.3,29.80329,3.4967105865478487,3.4967105865478487
6,2.7,1.9089155,0.7910844802856447,0.7910844802856447
6,4.0,2.4754784,1.5245215892791748,1.5245215892791748
6,3.6,2.0811024,1.5188976287841798,1.5188976287841798
6,10.4,11.187121,-0.7871213912963864,0.7871213912963864
6,12.4,12.251908,0.14809169769287145,0.14809169769287145
6,35.4,32.636772,2.76322784423828,2.76322784423828
6,49.8,44.049244,5.750756072998044,5.750756072998044
6,47.8,45.753387,2.046612548828122,2.046612548828122
6,49.9,42.09058,7.809420013427733,7.809420013427733
6,47.300000000000004,44.92371,2.3762901306152386,2.3762901306152386
6,18.3,13.8538685,4.44613151550293,4.44613151550293
6,47.8,40.607006,7.19299392700195,7.19299392700195
6,51.2,52.133537,-0.9335372924804659,0.9335372924804659
6,32.3,27.53973,4.760269927978513,4.760269927978513
6,1.6,1.7865368,-0.1865368127822875,0.1865368127822875
6,25.6,22.848646,2.7513538360595717,2.7513538360595717
6,9.4,10.177948,-0.7779479980468746,0.7779479980468746
6,8.7,9.543606,-0.8436058044433601,0.8436058044433601
6,2.3,2.5026848,-0.20268483161926287,0.20268483161926287
6,2.4,2.8981214,-0.4981213569641114,0.4981213569641114
6,3.4,5.874573,-2.4745732307434083,2.4745732307434083
6,40.5,43.04784,-2.547840118408203,2.547840118408203
6,7.8,5.429243,2.370756912231445,2.370756912231445
6,52.3,49.69203,2.6079681396484347,2.6079681396484347
6,54.29999999999999,53.643444,0.6565559387206932,0.6565559387206932
6,10.0,8.606147,1.3938531875610352,1.3938531875610352
6,1.6,1.0252892,0.5747108221054078,0.5747108221054078
6,1.0,1.0910369,-0.09103691577911377,0.09103691577911377
6,2.1,2.042175,0.05782494544982919,0.05782494544982919
6,6.2,3.639877,2.560122919082642,2.560122919082642
6,1.2,1.1914452,0.00855476856231685,0.00855476856231685
6,0.5,0.3255403,0.17445969581604004,0.17445969581604004
6,2.1,3.0641835,-0.964183473587036,0.964183473587036
6,10.9,12.2447405,-1.3447404861450192,1.3447404861450192
6,1.8,1.0867592,0.7132407903671265,0.7132407903671265
6,2.7,1.2871318,1.4128682136535646,1.4128682136535646
6,2.6,3.3557081,-0.7557081222534179,0.7557081222534179
6,1.6,1.2056173,0.3943826913833619,0.3943826913833619
6,50.9,54.02603,-3.1260314941406264,3.1260314941406264
6,44.8,44.24997,0.5500305175781222,0.5500305175781222
6,1.1,1.2273482,-0.1273482084274291,0.1273482084274291
6,3.5,3.1922321,0.3077678680419922,0.3077678680419922
6,2.4,2.7659214,-0.36592135429382333,0.36592135429382333
6,1.8,1.5123833,0.28761665821075444,0.28761665821075444
6,21.4,24.162247,-2.762246704101564,2.762246704101564
6,0.3,0.010032863,0.28996713664382695,0.28996713664382695
6,0.6,0.9324223,-0.3324222803115845,0.3324222803115845
6,1.9,0.52940315,1.3705968499183654,1.3705968499183654
6,25.1,30.001993,-4.901993179321288,4.901993179321288
6,0.5,-0.86078113,1.3607811331748962,1.3607811331748962
6,10.4,9.649236,0.7507642745971683,0.7507642745971683
6,7.5,4.572565,2.9274349212646484,2.9274349212646484
6,23.6,27.951893,-4.351892852783202,4.351892852783202
6,1.0,0.68712264,0.312877357006073,0.312877357006073
6,22.5,22.061989,0.43801116943359375,0.43801116943359375
6,1.0,1.3365359,-0.3365359306335449,0.3365359306335449
6,9.2,12.442516,-3.2425163269042976,3.2425163269042976
6,2.2,1.8852001,0.3147998571395876,0.3147998571395876
6,35.4,38.235165,-2.835164642333986,2.835164642333986
6,21.6,19.841719,1.7582813262939467,1.7582813262939467
6,0.4,0.4694756,-0.0694755971431732,0.0694755971431732
6,3.4,4.6502213,-1.250221347808838,1.250221347808838
6,42.7,51.554344,-8.854344177246091,8.854344177246091
6,9.1,9.256248,-0.1562484741210941,0.1562484741210941
6,0.3,0.5646307,-0.2646306872367859,0.2646306872367859
6,2.1,2.1462717,-0.04627170562744132,0.04627170562744132
6,33.6,34.467636,-0.8676361083984361,0.8676361083984361
6,30.6,26.607752,3.992248153686525,3.992248153686525
6,3.3,3.6307397,-0.3307396888732912,0.3307396888732912
6,0.4,3.9967577,-3.596757745742798,3.596757745742798
6,1.4,1.3863347,0.013665342330932528,0.013665342330932528
6,0.9,0.5466166,0.35338338613510134,0.35338338613510134
6,11.1,15.116224,-4.01622428894043,4.01622428894043
6,2.4,2.7153592,-0.31535921096801767,0.31535921096801767
6,0.7,0.19032797,0.5096720278263092,0.5096720278263092
6,6.8,6.89572,-0.09572000503540057,0.09572000503540057
6,29.6,38.729507,-9.129507446289061,9.129507446289061
6,39.1,41.232395,-2.132395172119139,2.132395172119139
6,7.3,4.678939,2.6210611343383787,2.6210611343383787
6,2.1,1.4491855,0.6508145093917848,0.6508145093917848
6,0.2,0.04101181,0.15898818969726564,0.15898818969726564
6,15.6,18.195415,-2.5954154968261722,2.5954154968261722
6,15.9,14.0695505,1.830449485778809,1.830449485778809
6,1.1,1.0351753,0.06482467651367196,0.06482467651367196
6,7.0,5.3118057,1.6881942749023438,1.6881942749023438
6,17.6,13.846883,3.753117179870607,3.753117179870607
6,25.400000000000002,31.321108,-5.921107864379881,5.921107864379881
6,22.599999999999998,19.614546,2.985454177856443,2.985454177856443
6,45.0,43.15865,1.8413505554199219,1.8413505554199219
6,21.2,24.635786,-3.4357860565185554,3.4357860565185554
6,20.3,18.500196,1.799803543090821,1.799803543090821
6,0.9,0.38322857,0.5167714297771454,0.5167714297771454
6,5.0,4.579706,0.42029380798339844,0.42029380798339844
6,4.5,4.516492,-0.01649188995361328,0.01649188995361328
6,24.700000000000003,21.247772,3.452227783203128,3.452227783203128
6,29.1,25.691507,3.4084926605224624,3.4084926605224624
6,2.1,1.4408625,0.6591374635696412,0.6591374635696412
6,19.6,16.615402,2.984597778320314,2.984597778320314
6,4.1,2.8195841,1.280415868759155,1.280415868759155
6,2.3,1.4179217,0.8820783376693724,0.8820783376693724
6,50.0,47.847477,2.1525230407714844,2.1525230407714844
6,40.3,37.408062,2.8919380187988253,2.8919380187988253
6,0.5,0.7158071,-0.21580708026885986,0.21580708026885986
6,2.1,1.6044577,0.49554226398468026,0.49554226398468026
6,23.0,23.725317,-0.7253170013427734,0.7253170013427734
6,3.2,2.9480276,0.2519723892211916,0.2519723892211916
6,34.7,33.20546,1.4945404052734403,1.4945404052734403
6,11.7,8.686966,3.013034057617187,3.013034057617187
6,2.7,1.5449343,1.155065727233887,1.155065727233887
6,2.1,0.86781156,1.2321884393692017,1.2321884393692017
6,9.4,8.962171,0.4378293991088871,0.4378293991088871
6,8.0,6.9744897,1.025510311126709,1.025510311126709
6,54.6,55.74982,-1.1498207092285142,1.1498207092285142
6,0.7,-0.21607271,0.9160727083683013,0.9160727083683013
6,16.1,14.930683,1.1693168640136733,1.1693168640136733
6,27.7,28.473345,-0.773344802856446,0.773344802856446
6,57.8,60.445156,-2.645156097412112,2.645156097412112
6,9.3,13.4991665,-4.19916648864746,4.19916648864746
6,18.6,16.031424,2.5685764312744155,2.5685764312744155
6,45.4,46.27798,-0.8779808044433608,0.8779808044433608
6,55.5,59.39716,-3.8971595764160156,3.8971595764160156
6,5.8,4.9778237,0.8221762657165526,0.8221762657165526
6,15.8,11.557313,4.242687034606934,4.242687034606934
6,1.0,2.559895,-1.5598950386047363,1.5598950386047363
6,38.7,40.328934,-1.6289337158203097,1.6289337158203097
6,4.7,4.5458446,0.15415544509887713,0.15415544509887713
6,52.0,48.38022,3.619781494140625,3.619781494140625
6,5.8,4.5596676,1.2403324127197264,1.2403324127197264
6,11.8,11.495459,0.3045413970947273,0.3045413970947273
6,8.0,7.394246,0.6057538986206055,0.6057538986206055
6,51.6,54.496128,-2.896128082275389,2.896128082275389
6,7.2,8.37599,-1.1759899139404295,1.1759899139404295
6,25.2,18.45841,6.741589736938476,6.741589736938476
6,45.1,46.676605,-1.5766052246093736,1.5766052246093736
6,57.2,60.862328,-3.662327575683591,3.662327575683591
6,55.8,56.901802,-1.101802062988284,1.101802062988284
6,50.800000000000004,51.409718,-0.6097175598144489,0.6097175598144489
6,18.6,16.832834,1.7671657562255874,1.7671657562255874
6,53.7,52.859684,0.8403160095214872,0.8403160095214872
6,55.0,56.481956,-1.4819564819335938,1.4819564819335938
6,55.2,52.718346,2.481654357910159,2.481654357910159
6,53.7,54.502983,-0.8029830932617159,0.8029830932617159
6,55.1,54.901913,0.19808731079101705,0.19808731079101705
6,55.4,57.254753,-1.8547531127929702,1.8547531127929702
6,52.8,53.269554,-0.4695541381835966,0.4695541381835966
6,53.6,50.99023,2.609769439697267,2.609769439697267
6,41.70000000000001,39.639965,2.060034942626963,2.060034942626963
6,28.3,23.325054,4.974945831298829,4.974945831298829
6,26.7,26.32688,0.37312049865722585,0.37312049865722585
6,53.4,52.34087,1.0591300964355455,1.0591300964355455
6,4.6,3.0452926,1.5547073841094967,1.5547073841094967
6,6.9,5.988341,0.911659145355225,0.911659145355225
6,6.7,7.2028484,-0.502848434448242,0.502848434448242
6,27.7,28.167545,-0.46754531860351634,0.46754531860351634
6,52.6,54.62724,-2.0272392272949205,2.0272392272949205
6,45.4,44.207565,1.192434692382811,1.192434692382811
6,45.900000000000006,45.84919,0.050810241699224434,0.050810241699224434
6,51.49999999999999,57.010445,-5.510444641113288,5.510444641113288
6,50.3,52.785004,-2.485003662109378,2.485003662109378
6,50.0,53.659664,-3.6596641540527344,3.6596641540527344
6,49.6,52.90707,-3.307070159912108,3.307070159912108
6,50.4,53.385975,-2.9859748840332045,2.9859748840332045
6,50.7,53.503723,-2.803723144531247,2.803723144531247
6,47.1,48.372326,-1.2723258972167955,1.2723258972167955
6,25.1,20.479467,4.620532608032228,4.620532608032228
6,8.9,6.380649,2.519350910186768,2.519350910186768
6,3.6,2.8144724,0.7855275630950929,0.7855275630950929
6,2.3,1.9420891,0.35791091918945295,0.35791091918945295
6,8.7,7.96286,0.7371398925781243,0.7371398925781243
6,18.2,17.97859,0.2214099884033196,0.2214099884033196
6,42.5,42.609722,-0.10972213745117188,0.10972213745117188
6,2.6,1.1995087,1.4004913330078126,1.4004913330078126
6,23.2,24.410463,-1.2104633331298835,1.2104633331298835
6,4.3,4.4945135,-0.19451351165771502,0.19451351165771502
6,4.5,3.337709,1.1622910499572754,1.1622910499572754
6,32.8,36.450985,-3.650984954833987,3.650984954833987
6,29.4,28.673105,0.7268947601318345,0.7268947601318345
6,46.2,50.388687,-4.18868713378906,4.18868713378906
6,39.8,39.94412,-0.14411849975586222,0.14411849975586222
6,43.2,43.32743,-0.1274307250976534,0.1274307250976534
6,31.4,32.321056,-0.9210563659667983,0.9210563659667983
6,41.3,42.669975,-1.3699752807617216,1.3699752807617216
6,47.0,47.391556,-0.3915557861328125,0.3915557861328125
6,48.9,47.976734,0.9232658386230455,0.9232658386230455
6,48.3,47.472584,0.827416229248044,0.827416229248044
6,45.199999999999996,44.81535,0.38465042114257386,0.38465042114257386
6,48.00000000000001,47.135284,0.8647155761718821,0.8647155761718821
6,46.1,44.531185,1.568814849853517,1.568814849853517
6,47.0,45.72063,1.2793693542480469,1.2793693542480469
6,22.0,21.376608,0.6233921051025391,0.6233921051025391
6,4.2,2.1816423,2.0183577060699465,2.0183577060699465
6,19.1,21.81213,-2.712129974365233,2.712129974365233
6,26.7,29.328207,-2.6282070159912116,2.6282070159912116
6,25.3,21.716726,3.5832736968994148,3.5832736968994148
6,44.9,43.2601,1.6398986816406236,1.6398986816406236
6,30.5,27.967678,2.5323219299316406,2.5323219299316406
6,29.1,29.41516,-0.31515922546386577,0.31515922546386577
6,25.9,27.554808,-1.6548076629638686,1.6548076629638686
6,40.8,42.07057,-1.2705718994140653,1.2705718994140653
6,40.7,39.79049,0.9095108032226591,0.9095108032226591
6,28.9,31.07838,-2.1783805847167983,2.1783805847167983
6,6.2,5.5213103,0.6786896705627443,0.6786896705627443
6,38.3,37.551903,0.7480972290039034,0.7480972290039034
6,40.8,41.079575,-0.27957458496094034,0.27957458496094034
6,41.6,41.103806,0.4961944580078139,0.4961944580078139
6,39.9,39.791786,0.10821380615234233,0.10821380615234233
6,32.8,35.61251,-2.8125106811523466,2.8125106811523466
6,37.5,37.508636,-0.008636474609375,0.008636474609375
6,22.4,21.729277,0.6707233428955064,0.6707233428955064
6,33.9,28.712988,5.187012100219725,5.187012100219725
6,38.8,39.28052,-0.48052139282226847,0.48052139282226847
6,38.7,39.13604,-0.4360397338867159,0.4360397338867159
6,22.7,23.093046,-0.3930461883544929,0.3930461883544929
6,38.2,36.139824,2.060176086425784,2.060176086425784
6,36.4,35.963913,0.4360870361328111,0.4360870361328111
6,33.2,32.67231,0.5276901245117216,0.5276901245117216
6,27.5,24.911161,2.588838577270508,2.588838577270508
6,38.3,33.91532,4.384678649902341,4.384678649902341
6,28.1,35.451218,-7.351217651367186,7.351217651367186
6,20.5,23.500237,-3.0002365112304688,3.0002365112304688
6,27.7,28.838064,-1.1380641937255866,1.1380641937255866
6,27.1,27.195843,-0.09584274291992045,0.09584274291992045
6,17.9,17.279404,0.6205963134765611,0.6205963134765611
6,20.0,19.504562,0.4954376220703125,0.4954376220703125
6,30.9,31.272144,-0.37214431762695455,0.37214431762695455
6,33.2,33.512535,-0.3125350952148409,0.3125350952148409
6,36.5,33.82478,2.675220489501953,2.675220489501953
6,29.5,29.582268,-0.08226776123046875,0.08226776123046875
6,28.5,32.33838,-3.83837890625,3.83837890625
6,27.1,25.780294,1.3197055816650405,1.3197055816650405
6,18.0,21.86563,-3.865629196166992,3.865629196166992
6,25.7,25.435265,0.26473541259765554,0.26473541259765554
6,23.299999999999997,23.076294,0.22370605468749716,0.22370605468749716
6,21.2,21.502207,-0.3022068023681648,0.3022068023681648
6,4.8,18.327337,-13.527337265014648,13.527337265014648
7,21.382009999999998,20.286036,1.095974462280271,1.095974462280271
7,10.873335,13.662878,-2.7895430364990226,2.7895430364990226
7,14.333245,15.193966,-0.8607209118652346,0.8607209118652346
7,13.78323,14.013171,-0.22994119598388707,0.22994119598388707
7,10.010815,9.417141,0.5936740393066398,0.5936740393066398
7,18.6862,9.754577,8.931623316955566,8.931623316955566
7,13.33996,15.597406,-2.257446387329102,2.257446387329102
7,9.820045,13.499632,-3.679586881713867,3.679586881713867
7,14.574205,19.290447,-4.716242235107423,4.716242235107423
7,18.54258,16.43937,2.1032107983398447,2.1032107983398447
7,18.435455,17.15511,1.280345594482423,1.280345594482423
7,18.916705,18.144396,0.77230917175293,0.77230917175293
7,19.796865,16.347876,3.448989404907227,3.448989404907227
7,19.571055,16.735258,2.835796897583009,2.835796897583009
7,20.318545,21.322187,-1.0036424237060544,1.0036424237060544
7,16.31295,16.828611,-0.5156613739013665,0.5156613739013665
7,21.34667,20.309929,1.0367411059570308,1.0367411059570308
7,15.91822,18.16999,-2.2517705395507814,2.2517705395507814
7,19.445725,19.207989,0.2377362609863276,0.2377362609863276
7,9.75884,9.434728,0.32411233123779226,0.32411233123779226
7,12.292785,13.034255,-0.7414700277709958,0.7414700277709958
7,14.62377,13.0917425,1.5320274844360355,1.5320274844360355
7,16.272515,14.781178,1.491336525573729,1.491336525573729
7,16.337855,14.628029,1.7098261303710949,1.7098261303710949
7,15.20894,15.324456,-0.11551621490478503,0.11551621490478503
7,14.84055,14.650799,0.18975120239257848,0.18975120239257848
7,16.695375,17.22811,-0.5327343597412124,0.5327343597412124
7,15.512015,14.37675,1.1352650076293944,1.1352650076293944
7,13.74045,16.56793,-2.827480221557618,2.827480221557618
7,11.037905,14.896382,-3.8584773318481442,3.8584773318481442
7,13.9403,14.337162,-0.39686201782226505,0.39686201782226505
7,17.681769,16.011988,1.6697813138427726,1.6697813138427726
7,13.332399,11.13444,2.197958577941895,2.197958577941895
7,5.571587,10.44547,-4.873882856262207,4.873882856262207
7,17.98013,15.1584425,2.821687502746581,2.821687502746581
7,14.566696,13.667781,0.8989151238403323,0.8989151238403323
7,4.042739,3.694679,0.34805997816467293,0.34805997816467293
7,6.896791,4.944645,1.9521460720214847,1.9521460720214847
7,18.337446,20.689146,-2.3517000418701173,2.3517000418701173
7,17.686796,13.78452,3.902275850769044,3.902275850769044
7,15.222085,14.412525,0.8095598229980467,0.8095598229980467
7,17.646067,13.863126,3.782941198913573,3.782941198913573
7,6.144983,13.934669,-7.78968554095459,7.78968554095459
7,10.832839,13.063583,-2.2307443740234376,2.2307443740234376
7,11.789288,12.408946,-0.6196580372924796,0.6196580372924796
7,9.486391,10.181043,-0.6946516712036139,0.6946516712036139
7,13.173705,11.312377,1.8613280239868164,1.8613280239868164
7,10.816272,10.06596,0.7503120695800778,0.7503120695800778
7,19.397738,18.301937,1.095800896728516,1.095800896728516
7,20.017596,13.391946,6.625650161071778,6.625650161071778
7,21.051021,18.164124,2.8868974648437487,2.8868974648437487
7,18.484674,16.729963,1.7547106973876936,1.7547106973876936
7,21.325441,14.711905,6.6135364742431655,6.6135364742431655
7,9.258351,8.656895,0.6014563161621087,0.6014563161621087
7,5.433037,10.934488,-5.501451296508789,5.501451296508789
7,9.019696,9.94015,-0.9204542609252933,0.9204542609252933
7,4.933371,9.8544445,-4.9210735037841795,4.9210735037841795
7,5.235277,4.5927057,0.6425712733764648,0.6425712733764648
7,19.497934,17.601614,1.8963200015869148,1.8963200015869148
7,13.700774,12.907505,0.7932689645996085,0.7932689645996085
7,11.82605,10.044027,1.7820226715087895,1.7820226715087895
7,6.607825,6.8934727,-0.285647671508789,0.285647671508789
7,14.75959,15.121467,-0.3618766366577155,0.3618766366577155
7,6.30776,9.29379,-2.9860298635864257,2.9860298635864257
7,2.15197,7.1359982,-4.984028249053955,4.984028249053955
7,19.284805,14.872873,4.411931693725585,4.411931693725585
7,19.973885,15.4254265,4.548458516845702,4.548458516845702
7,9.493855,4.8140407,4.679814339141846,4.679814339141846
7,9.904275,10.397753,-0.49347776184082015,0.49347776184082015
7,20.818925,17.673735,3.145190335083008,3.145190335083008
7,22.64419,21.115322,1.528867886962889,1.528867886962889
7,20.1899,20.218534,-0.028634469604490675,0.028634469604490675
7,23.281585,19.75,3.5315849999999998,3.5315849999999998
7,14.48373,13.751672,0.7320582089233394,0.7320582089233394
7,22.47887,17.43501,5.043859089965821,5.043859089965821
7,22.815514999999998,20.501862,2.3136534277343728,2.3136534277343728
7,11.18543,19.255354,-8.069923927612304,8.069923927612304
7,20.12605,17.21099,2.9150590942382806,2.9150590942382806
7,22.707885,23.267662,-0.5597770483398428,0.5597770483398428
7,21.64975,21.844381,-0.19463133239746,0.19463133239746
7,22.169335,22.06556,0.10377561279296899,0.10377561279296899
7,23.896425,20.222574,3.6738507659912116,3.6738507659912116
7,12.36567,12.320132,0.0455377444458005,0.0455377444458005
7,20.309365,18.602436,1.7069289343261715,1.7069289343261715
7,18.23935,19.491928,-1.2525781005859358,1.2525781005859358
7,23.020405,22.091667,0.9287378247070315,0.9287378247070315
7,21.41036,21.582155,-0.1717952276611321,0.1717952276611321
7,23.27252,20.636244,2.6362761798095704,2.6362761798095704
7,14.818995,15.087398,-0.2684025753784187,0.2684025753784187
7,11.160065,16.181377,-5.021312410888672,5.021312410888672
7,16.20302,18.636208,-2.4331875805664076,2.4331875805664076
7,24.215025,23.063509,1.1515160125732429,1.1515160125732429
7,28.443119,25.93177,2.511348675292968,2.511348675292968
7,30.10717,26.947136,3.1600340747070312,3.1600340747070312
7,21.938456,23.054768,-1.1163116086425795,1.1163116086425795
7,24.609809,23.814259,0.7955504245605454,0.7955504245605454
7,19.623372,20.49843,-0.8750582520751955,0.8750582520751955
7,28.4763105,22.789656,5.686654814575196,5.686654814575196
7,22.194464,21.02917,1.1652949173583984,1.1652949173583984
7,7.719457999999999,17.225431,-9.505973442260743,9.505973442260743
7,27.73821,26.583004,1.1552060021972643,1.1552060021972643
7,21.595235,20.181429,1.413806090698241,1.413806090698241
7,18.823223,18.078754,0.7444685749511706,0.7444685749511706
7,19.122387,18.952822,0.169565268432617,0.169565268432617
7,28.543383,24.80856,3.7348235822753892,3.7348235822753892
7,26.368251,23.880114,2.4881373983154305,2.4881373983154305
7,1.977319,12.597014,-10.619695427185059,10.619695427185059
7,5.469767,16.454102,-10.984334562499999,10.984334562499999
7,26.238577,27.634527,-1.395950206420899,1.395950206420899
7,23.819278,22.21383,1.605447052124024,1.605447052124024
7,4.397334,6.013245,-1.6159111057434083,1.6159111057434083
7,16.368851,19.88566,-3.5168091715087897,3.5168091715087897
7,30.216792,25.893991,4.322800529663088,4.322800529663088
7,31.352296,26.821823,4.5304728798828116,4.5304728798828116
7,30.296013,26.636566,3.6594468378906235,3.6594468378906235
7,32.893268,27.589966,5.303302179687499,5.303302179687499
7,30.733207,29.573673,1.1595337517089845,1.1595337517089845
7,3.834115,14.562876,-10.728760747680663,10.728760747680663
7,24.476094,22.655003,1.8210914060058592,1.8210914060058592
7,24.868927,21.698988,3.1699390391845697,3.1699390391845697
7,13.613847,9.532216,4.08163092791748,4.08163092791748
7,27.697534,30.237036,-2.5395017513427725,2.5395017513427725
7,26.529136,25.569841,0.9592946151123058,0.9592946151123058
7,7.1506,6.424356,0.726244016265869,0.726244016265869
7,4.889086,5.42596,-0.5368740639343264,0.5368740639343264
7,2.267066,3.3721504,-1.1050844211425783,1.1050844211425783
7,8.343114,8.665746,-0.3226317351684571,0.3226317351684571
7,6.202848,5.415888,0.7869601673583988,0.7869601673583988
7,22.876696,26.11852,-3.241824736694337,3.241824736694337
7,32.228396000000004,29.945496,2.2829003945312536,2.2829003945312536
7,27.164051,27.438183,-0.27413183081054626,0.27413183081054626
7,34.868116,35.67565,-0.8075355502929682,0.8075355502929682
7,33.376098,34.21038,-0.8342825541992198,0.8342825541992198
7,19.57715,14.397551,5.179599417114257,5.179599417114257
7,36.17188,26.369379,9.8025009564209,9.8025009564209
7,34.997734,32.960472,2.0372618930664075,2.0372618930664075
7,33.983132,32.202778,1.7803541374511695,1.7803541374511695
7,34.38983,32.755486,1.6343444653320347,1.6343444653320347
7,34.724612,35.80729,-1.0826771235351558,1.0826771235351558
7,34.72666,33.486454,1.240205989990237,1.240205989990237
7,10.12789,11.226845,-1.0989547875976555,1.0989547875976555
7,28.92644,27.607582,1.3188579077148432,1.3188579077148432
7,0.776176,12.918624,-12.142447924255372,12.142447924255372
7,34.246828,37.20963,-2.96280105883789,2.96280105883789
7,34.06971,38.10055,-4.030841605224609,4.030841605224609
7,34.806296,32.50166,2.3046366066894564,2.3046366066894564
7,14.181968,22.461975,-8.28000709765625,8.28000709765625
7,33.610102,28.827286,4.782816233398435,4.782816233398435
7,34.107648,32.083702,2.0239459125976538,2.0239459125976538
7,34.06805,30.972992,3.0950580566406245,3.0950580566406245
7,27.979696,29.181416,-1.2017195578613276,1.2017195578613276
7,3.75034,1.1213933,2.628946677055359,2.628946677055359
7,2.590986,1.6005344,0.990451560913086,0.990451560913086
7,0.40368,6.0771337,-5.673453655548096,5.673453655548096
7,30.75406,31.878817,-1.1247566046142587,1.1247566046142587
7,0.29961,3.176965,-2.8773549982452393,2.8773549982452393
7,7.42663,4.4107213,3.0159086979675296,3.0159086979675296
7,35.05451,32.432213,2.6222971704101568,2.6222971704101568
7,34.99776,33.816826,1.1809341333007808,1.1809341333007808
7,34.70611,34.78224,-0.07613182128906004,0.07613182128906004
7,34.22732,36.186268,-1.9589478527832043,1.9589478527832043
7,31.74496,25.906153,5.838807274780272,5.838807274780272
7,17.4671,15.571968,1.8951319213867173,1.8951319213867173
7,15.41761,15.980278,-0.5626680151367189,0.5626680151367189
7,30.59256,28.354174,2.2383863397216786,2.2383863397216786
7,6.08794,4.375997,1.711942933502197,1.711942933502197
7,0.81226,0.9082476,-0.09598759006500246,0.09598759006500246
7,4.706740000000001,6.1855206,-1.478780648956298,1.478780648956298
7,9.23739,10.248593,-1.0112033303833012,1.0112033303833012
7,5.63902,3.1348891,2.5041308741760258,2.5041308741760258
7,25.82313,26.367565,-0.5444351550292978,0.5444351550292978
7,26.46694,27.907852,-1.4409121728515615,1.4409121728515615
7,29.83084,27.605076,2.225764163818358,2.225764163818358
7,31.79137,31.371973,0.419396962280274,0.419396962280274
7,2.80482,6.018818,-3.2139979016113283,3.2139979016113283
7,4.36829,4.6569963,-0.2887062501525879,0.2887062501525879
7,31.36932,26.855383,4.513937080688475,4.513937080688475
7,2.58985,2.3474915,0.2423584972381594,0.2423584972381594
7,12.01056,8.466956,3.54360386138916,3.54360386138916
7,1.74759,4.1658344,-2.418244426879883,2.418244426879883
7,9.31943,9.881889,-0.5624593432617182,0.5624593432617182
7,22.97309,22.912945,0.06014520629882725,0.06014520629882725
7,22.15285,19.47178,2.6810692230224618,2.6810692230224618
7,30.33213,29.973545,0.35858492553710875,0.35858492553710875
7,23.18889,25.421707,-2.232817153320312,2.232817153320312
7,33.511070000000004,29.995731,3.515338646240238,3.515338646240238
7,16.39295,19.403814,-3.0108643157958994,3.0108643157958994
7,26.457,23.786879,2.670121414184571,2.670121414184571
7,32.06211,30.80776,1.254349761352536,1.254349761352536
7,29.29623,21.673256,7.622974079589845,7.622974079589845
7,0.30009,1.0360484,-0.7359584123229981,0.7359584123229981
7,14.46205,7.6629853,6.7990646751403805,6.7990646751403805
7,2.8088499999999996,5.9047685,-3.0959184669494633,3.0959184669494633
7,22.15555,23.217634,-1.062084201049803,1.062084201049803
7,31.73706,31.174068,0.5629915490722652,0.5629915490722652
7,30.14987,33.685234,-3.535364069824219,3.535364069824219
7,7.62476,2.4297476,5.195012418518067,5.195012418518067
7,28.50211,22.888977,5.613132949218748,5.613132949218748
7,31.47001,31.431656,0.038354116210935985,0.038354116210935985
7,31.63598,32.383217,-0.7472368579101563,0.7472368579101563
7,31.47291,30.689531,0.7833786737060535,0.7833786737060535
7,31.57871,27.482283,4.096427361450196,4.096427361450196
7,31.8077,28.457317,3.3503826477050787,3.3503826477050787
7,26.70991,25.20761,1.5023008233642585,1.5023008233642585
7,31.50947,29.547167,1.96230317565918,1.96230317565918
7,29.00997,29.695322,-0.6853520367431649,0.6853520367431649
7,5.3874,4.6226287,0.7647713111877446,0.7647713111877446
7,7.37244,5.7327967,1.6396433309936524,1.6396433309936524
7,21.9565,21.212803,0.7436971130371077,0.7436971130371077
7,15.0132,5.8581786,9.155021384429931,9.155021384429931
7,23.86931,22.891811,0.9774986291503893,0.9774986291503893
7,12.79714,11.337244,1.459895966186524,1.459895966186524
7,24.92548,21.858187,3.0672932781982425,3.0672932781982425
7,30.27262,31.15161,-0.8789894207763673,0.8789894207763673
7,30.11062,28.296305,1.8143152972412118,1.8143152972412118
7,20.89066,21.375942,-0.4852822302246089,0.4852822302246089
7,14.96437,14.563691,0.4006788607788092,0.4006788607788092
7,0.63975,-0.33714724,0.9768972358703614,0.9768972358703614
7,1.95357,3.7574852,-1.8039151512908935,1.8039151512908935
7,32.78452,28.166502,4.618018001098633,4.618018001098633
7,23.42119,14.316021,9.105169034423827,9.105169034423827
7,23.26013,26.399082,-3.1389521838378904,3.1389521838378904
7,13.45675,14.134663,-0.6779126281738286,0.6779126281738286
7,30.34574,26.903805,3.441935220947265,3.441935220947265
7,32.63887,27.012629,5.626241444702146,5.626241444702146
7,33.06917,30.592794,2.476375581665039,2.476375581665039
7,32.14382,28.457766,3.6860544207763652,3.6860544207763652
7,32.11499,29.33032,2.7846696417236316,2.7846696417236316
7,32.04442,27.427319,4.6171014270019555,4.6171014270019555
7,32.2067,23.769833,8.436867388916014,8.436867388916014
7,33.07501,28.922775,4.152234731445311,4.152234731445311
7,32.64688,30.51685,2.1300304821777374,2.1300304821777374
7,32.75178,30.787071,1.9647087719726528,1.9647087719726528
7,28.18411,27.066185,1.1179250024414067,1.1179250024414067
7,34.13546,29.502272,4.633188347778322,4.633188347778322
7,28.80358,25.120735,3.682844831542969,3.682844831542969
7,31.14039,31.88894,-0.7485508111572265,0.7485508111572265
7,34.14406,33.303864,0.8401964746093782,0.8401964746093782
7,34.83517,34.777534,0.05763551513671672,0.05763551513671672
7,34.84654,32.089005,2.757535483398435,2.757535483398435
7,16.1496,13.200369,2.9492311187744136,2.9492311187744136
7,34.25207000000001,30.84655,3.4055200122070417,3.4055200122070417
7,34.41034,35.43637,-1.026030849609377,1.026030849609377
7,35.74921,37.42545,-1.6762393713378927,1.6762393713378927
7,22.3769,21.171392,1.2055075592041007,1.2055075592041007
7,35.40852999999999,35.83368,-0.42514919921875816,0.42514919921875816
7,1.32356,-1.9957156,3.319275618133545,3.319275618133545
7,28.99735,32.175575,-3.1782252563476554,3.1782252563476554
7,34.56039,43.059883,-8.499493117675783,8.499493117675783
7,34.37879,32.19354,2.185251334228518,2.185251334228518
7,18.99437,11.60899,7.385380284423828,7.385380284423828
7,18.20055,13.483929,4.716621319580078,4.716621319580078
7,35.6511,23.073013,12.578086694335937,12.578086694335937
7,35.32283,29.872175,5.450654783325199,5.450654783325199
7,35.336169999999996,33.32988,2.006290239257808,2.006290239257808
7,13.75478,27.66252,-13.907739454956054,13.907739454956054
7,36.78701,29.315594,7.47141628051758,7.47141628051758
7,36.44032,36.019875,0.4204454272460936,0.4204454272460936
7,5.29993,6.958098,-1.6581679347229006,1.6581679347229006
7,5.24935,3.7180262,1.531323838806152,1.531323838806152
7,13.86335,13.652265,0.21108540496826222,0.21108540496826222
7,34.22752,33.183666,1.0438537707519515,1.0438537707519515
7,29.47834,20.745146,8.733194202270507,8.733194202270507
7,24.42447,23.88621,0.5382605120849604,0.5382605120849604
7,36.03787,33.95818,2.079690526123045,2.079690526123045
7,22.02609,25.411894,-3.3858038446044922,3.3858038446044922
7,36.08075,29.50183,6.578920852661135,6.578920852661135
7,36.78858,40.267952,-3.479371965332028,3.479371965332028
7,22.88914,23.351933,-0.4627925256347645,0.4627925256347645
7,35.48786,36.280075,-0.7922150732421898,0.7922150732421898
7,38.35361,36.239014,2.1145963281250033,2.1145963281250033
7,37.8065,32.12355,5.682949584960937,5.682949584960937
7,37.16011,35.278008,1.8821024926757843,1.8821024926757843
7,31.13457334,32.432194,-1.2976204161035163,1.2976204161035163
7,32.3465061,30.544922,1.8015842249999992,1.8015842249999992
7,35.40061863,35.713142,-0.3125237650195345,0.3125237650195345
7,36.61435117,37.744076,-1.1297246051464853,1.1297246051464853
7,36.51967616,34.790554,1.7291221133691437,1.7291221133691437
7,35.16561165,34.283092,0.8825191512207056,0.8825191512207056
7,35.9097092,34.25504,1.6546699849121111,1.6546699849121111
7,26.3898425,30.105692,-3.7158494097900387,3.7158494097900387
7,35.6617161,34.851166,0.8105503285156246,0.8105503285156246
7,35.88022636,31.181349,4.698877559340822,4.698877559340822
7,28.87890449,26.57919,2.2997151894628907,2.2997151894628907
7,5.13348116,13.351574,-8.218092784091798,8.218092784091798
7,30.6595889,36.556313,-5.896723661035157,5.896723661035157
7,31.61521948,35.478832,-3.8636127648730465,3.8636127648730465
7,3.51279578,0.55696255,2.955833230313568,2.955833230313568
7,21.6923444,22.763298,-1.0709536346679691,1.0709536346679691
7,16.67829835,17.872236,-1.193937901831056,1.193937901831056
7,8.55663059,11.185505,-2.628874323330079,2.628874323330079
7,31.42088001,26.822878,4.598002126088868,4.598002126088868
7,30.31879523,28.559519,1.7592764159130851,1.7592764159130851
7,28.96928447,25.231028,3.7382568668505876,3.7382568668505876
7,34.14431335,29.494932,4.64938117531738,4.64938117531738
7,34.63812807,27.123995,7.514133242729493,7.514133242729493
7,34.08992787,31.846603,2.2433244764453093,2.2433244764453093
7,33.15875085,30.03309,3.125660258569333,3.125660258569333
7,32.89934527,32.711636,0.18770968040038838,0.18770968040038838
7,33.03854667,31.98678,1.0517665033740258,1.0517665033740258
7,32.440565,34.803417,-2.3628522058105474,2.3628522058105474
7,21.19916697,21.532366,-0.33319882895019504,0.33319882895019504
7,5.37303892,6.0393176,-0.6662786878796387,0.6662786878796387
7,15.76327753,15.063303,0.6999745362255858,0.6999745362255858
7,6.75469317,8.931499,-2.176805357526855,2.176805357526855
7,10.7994956,8.0439415,2.755554102197266,2.755554102197266
7,20.18305397,16.63913,3.5439243313281246,3.5439243313281246
7,15.36216376,15.853515,-0.491350911325684,0.491350911325684
7,21.50008917,20.641823,0.8582663550585927,0.8582663550585927
7,26.85893602,22.779568,4.079368301494142,4.079368301494142
7,19.88701493,22.195496,-2.3084806754687506,2.3084806754687506
7,15.32009824,17.539297,-2.219198863881836,2.219198863881836
7,21.99267774,20.580887,1.4117908991796888,1.4117908991796888
7,31.66158266,26.174116,5.487466525356446,5.487466525356446
7,29.77358785,27.187399,2.5861889394775375,2.5861889394775375
7,28.87924822,27.82989,1.0493589225146494,1.0493589225146494
7,28.18016789,28.241514,-0.0613463159326173,0.0613463159326173
7,27.94753555,27.143646,0.8038893097656263,0.8038893097656263
7,24.34732398,26.423178,-2.075853739116212,2.075853739116212
7,29.8650408,27.928886,1.9361543864257804,1.9361543864257804
7,29.54459045,30.14343,-0.598840259838866,0.598840259838866
7,29.4780594,29.437597,0.04046212521972592,0.04046212521972592
7,27.52565927,26.425585,1.1000744769091781,1.1000744769091781
7,20.32242459,20.913729,-0.5913041239892571,0.5913041239892571
7,20.84444888,18.22526,2.6191890991162126,2.6191890991162126
7,12.8168415,17.800392,-4.983550650878906,4.983550650878906
7,6.30820987,10.2422285,-3.9340186379956057,3.9340186379956057
7,13.58855704,12.117227,1.4713304393530269,1.4713304393530269
7,20.71683872,17.717129,2.999709966337889,2.999709966337889
7,9.81405347,8.375023,1.4390305818164055,1.4390305818164055
7,27.530183549999997,26.427065,1.103118654370114,1.103118654370114
7,27.46587352,22.650652,4.8152215882373035,4.8152215882373035
7,26.6108485,25.69423,0.916619374023437,0.916619374023437
7,8.79247513,8.410339,0.3821357745312497,0.3821357745312497
7,15.73136357,15.111663,0.6197007053149406,0.6197007053149406
7,14.72981196,13.04688,1.6829321916284172,1.6829321916284172
7,12.10101069,10.971064,1.1299470761083992,1.1299470761083992
7,4.59146976,7.2813487,-2.689878945291748,2.689878945291748
7,8.97028595,13.221135,-4.250849189465333,4.250849189465333
7,11.00596787,7.1223087,3.8836591389208976,3.8836591389208976
7,12.32313985,10.414419,1.9087206758056645,1.9087206758056645
7,11.66623988,12.544533,-0.8782928958789071,0.8782928958789071
7,14.76174837,14.201929,0.5598192775927728,0.5598192775927728
7,23.39047222,20.232836,3.157636450346679,3.157636450346679
7,19.32854956,19.742727,-0.4141777196630869,0.4141777196630869
7,20.92249333,18.91783,2.0046638164501935,2.0046638164501935
7,13.94932545,13.437707,0.5116185026733397,0.5116185026733397
7,15.7141483,15.919721,-0.20557234971923855,0.20557234971923855
7,16.38890703,15.539238,0.8496690539257798,0.8496690539257798
7,10.69238019,11.213027,-0.5206468104272464,0.5206468104272464
7,20.4569038,16.761602,3.6953013982666008,3.6953013982666008
7,22.45873258,22.1284,0.3303317773876948,0.3303317773876948
7,21.86258309,19.72489,2.1376933347509777,2.1376933347509777
7,20.51695307,19.431679,1.0852742980273433,1.0852742980273433
7,21.63054529,19.819027,1.8115183429785162,1.8115183429785162
7,12.86761111,13.161555,-0.2939441802221676,0.2939441802221676
7,15.29156203,15.024165,0.2673968764965817,0.2673968764965817
7,9.73945425,11.941409,-2.2019548610229496,2.2019548610229496
7,10.91046244,13.730551,-2.820088325991211,2.820088325991211
7,14.03127765,13.123438,0.9078397685302733,0.9078397685302733
7,19.46088932,16.18371,3.277179221733398,3.277179221733398
7,19.22282711,17.73592,1.4869071576074226,1.4869071576074226
7,9.62895234,10.860424,-1.2314717017480472,1.2314717017480472
7,10.99324915,15.725932,-4.732682971276855,4.732682971276855
7,10.44462546,13.344689,-2.900063909201661,2.900063909201661
7,22.5051141,19.127104,3.378010294458008,3.378010294458008
7,22.16198453,18.220638,3.941346254853517,3.941346254853517
7,6.48838945,16.792683,-10.304293197705078,10.304293197705078
7,27.81919813,24.930906,2.888291834223633,2.888291834223633
7,13.72194585,17.836622,-4.114676388159181,4.114676388159181
7,30.35376314,21.758932,8.59483102635254,8.59483102635254
7,15.77415606,18.576437,-2.8022809364599617,2.8022809364599617
7,24.38452752,25.746786,-1.362258597553712,1.362258597553712
7,33.14638861,28.088903,5.057485182875979,5.057485182875979
7,30.85129087,27.095905,3.7553855660449216,3.7553855660449216
7,30.35769778,30.361889,-0.004191105498048131,0.004191105498048131
7,29.83851856,30.506954,-0.6684356331152337,0.6684356331152337
7,20.48141946,20.478632,0.002787486733399902,0.002787486733399902
7,30.04300533,28.64936,1.3936446732617185,1.3936446732617185
7,22.74246947,23.821087,-1.0786174135449222,1.0786174135449222
7,20.544785,24.101725,-3.556939624633788,3.556939624633788
7,30.89826577,23.823242,7.075023582499998,7.075023582499998
7,29.53920831,28.370928,1.168280499331054,1.168280499331054
7,30.31405363,26.892296,3.4217577925976563,3.4217577925976563
7,25.65727053,27.660355,-2.003084084257811,2.003084084257811
7,25.96803135,24.87165,1.0963806541992192,1.0963806541992192
7,5.65602675,18.24694,-12.59091386279297,12.59091386279297
7,19.90250828,21.42227,-1.519761541166993,1.519761541166993
7,14.3029586,17.182802,-2.8798436003173826,2.8798436003173826
7,26.82605524,24.823877,2.002177905405272,2.002177905405272
7,28.33772219,23.369917,4.967805274106446,4.967805274106446
7,24.76401696,22.993708,1.7703093031396477,1.7703093031396477
7,8.77594164,18.729586,-9.953644007583009,9.953644007583009
7,21.54509636,23.984295,-2.439198531357423,2.439198531357423
7,23.14451334,19.539795,3.6047184181249996,3.6047184181249996
7,18.808106700000003,17.67039,1.1377175245849642,1.1377175245849642
7,30.03027977,23.764284,6.265995636088867,6.265995636088867
7,30.82273728,27.92935,2.893387380708006,2.893387380708006
7,19.66536092,21.530497,-1.8651356772900378,1.8651356772900378
7,22.96540723,24.281921,-1.3165141567187497,1.3165141567187497
7,31.48855694,29.532532,1.9560252017187487,1.9560252017187487
7,24.95511386,25.116516,-0.16140225328124913,0.16140225328124913
7,30.98036283,30.262365,0.7179974888134772,0.7179974888134772
7,30.03598893,29.80718,0.22880852533691254,0.22880852533691254
7,29.15670336,28.435812,0.7208913635400407,0.7208913635400407
7,32.18715588,32.56719,-0.3800323829394543,0.3800323829394543
7,34.89297554,31.971321,2.9216544340429706,2.9216544340429706
7,30.83415804,31.29567,-0.4615115156640641,0.4615115156640641
7,27.48089471,28.571781,-1.0908864484472645,1.0908864484472645
7,30.76184245,31.897005,-1.1351626311767582,1.1351626311767582
7,27.16391112,23.3359,3.828011766972658,3.828011766972658
7,31.21942085,27.91289,3.3065313694091785,3.3065313694091785
7,33.61391367,31.953371,1.6605426220263695,1.6605426220263695
7,35.04711884000001,33.240147,1.8069722030371196,1.8069722030371196
7,30.88903357,30.558859,0.3301746985400378,0.3301746985400378
7,29.437635,28.087662,1.3499732568359377,1.3499732568359377
7,32.74473342,26.027378,6.717355337724612,6.717355337724612
7,17.44337777,24.783478,-7.3401000132031236,7.3401000132031236
7,32.85615554,27.639917,5.216238166342777,5.216238166342777
7,28.77884726,28.464785,0.31406263780761634,0.31406263780761634
7,27.448719180000005,27.707182,-0.2584627505419874,0.2584627505419874
7,25.088582790000004,27.782505,-2.693922245400387,2.693922245400387
7,28.94175803,30.412771,-1.471013194975587,1.471013194975587
7,35.90763696,27.655066,8.252571423500974,8.252571423500974
7,33.24928526,31.303074,1.94621137694336,1.94621137694336
7,38.21941804,34.31427,3.9051480204687508,3.9051480204687508
7,37.06192137,35.850517,1.2114040970507816,1.2114040970507816
7,31.38420302,26.684156,4.700046602153321,4.700046602153321
7,9.88284283,9.124475,0.7583683045483394,0.7583683045483394
7,23.92470084,21.55276,2.3719416694677733,2.3719416694677733
7,38.80929892,38.021633,0.787665771806644,0.787665771806644
7,38.61693061,37.734398,0.8825327218164034,0.8825327218164034
7,29.08246912,27.14153,1.9409400367480458,1.9409400367480458
7,38.86934781,35.68356,3.1857883922753913,3.1857883922753913
7,42.49473983,37.177666,5.317074119550782,5.317074119550782
7,38.59249837,36.39672,2.1957774837695325,2.1957774837695325
7,33.80944363,34.27601,-0.4665649759570343,0.4665649759570343
7,29.57914666,31.301165,-1.722017967075196,1.722017967075196
7,33.901051700000004,31.86079,2.0402614473144567,2.0402614473144567
7,21.25557698,13.015838,8.239739310627442,8.239739310627442
7,4.13204891,2.2586625,1.873386447765503,1.873386447765503
7,26.05013474,18.223867,7.826267323618165,7.826267323618165
7,33.09382113,30.733965,2.3598562099560567,2.3598562099560567
7,37.87274894,37.627846,0.24490317583984478,0.24490317583984478
7,42.92858644,41.572998,1.3555883931249966,1.3555883931249966
7,42.30709862,42.451782,-0.14468360656250212,0.14468360656250212
7,42.14775964,42.888046,-0.7402866246484407,0.7402866246484407
7,40.38524107,43.4346,-3.0493597600781257,3.0493597600781257
7,28.69186307,25.413118,3.2787447075732423,3.2787447075732423
7,11.3150375,6.1525545,5.162482987976075,5.162482987976075
7,33.85603248,26.724081,7.131951440571292,7.131951440571292
7,38.48413976,38.1872,0.2969411210839823,0.2969411210839823
7,22.77179001,22.393513,0.378277284169922,0.378277284169922
7,14.94678085,19.796396,-4.849615405493164,4.849615405493164
7,34.36499282,31.215103,3.149889670585935,3.149889670585935
7,36.07165109,30.165833,5.905818570468753,5.905818570468753
7,5.38544691,-0.79989827,6.185345176792297,6.185345176792297
7,22.81010031,24.41246,-1.6023600171484382,1.6023600171484382
7,16.86275173,12.58151,4.281242139851074,4.281242139851074
7,44.06398022,45.2642,-1.2002180832226585,1.2002180832226585
7,15.53704778,9.333215,6.20383302017334,6.20383302017334
7,21.4510444,20.537027,0.9140170409912116,0.9140170409912116
7,27.79328665,26.019064,1.774222700415038,1.774222700415038
7,22.44048498,23.269632,-0.8291473594775383,0.8291473594775383
7,47.98372024,42.94878,5.034940180185544,5.034940180185544
7,49.31473192000001,45.121334,4.193397844072273,4.193397844072273
7,46.43181915,48.325794,-1.8939750699707005,1.8939750699707005
7,7.53121943,5.313443,2.2177762461010744,2.2177762461010744
7,20.40266391,15.0389805,5.363683425991212,5.363683425991212
7,29.54199862,25.828485,3.7135131311083995,3.7135131311083995
7,48.82359641,44.492737,4.33085959359375,4.33085959359375
7,48.39695638,45.92562,2.471335347285155,2.471335347285155
7,52.11773392,48.891758,3.2259759549121085,3.2259759549121085
7,53.49689586,49.916462,3.580433915419924,3.580433915419924
7,51.87466587,47.103107,4.771558417607423,4.771558417607423
7,52.3821595,49.66625,2.715911178466797,2.715911178466797
7,45.03624916,45.06289,-0.026639939121096745,0.026639939121096745
7,4.25844748,3.8957505,0.36269695738647467,0.36269695738647467
7,15.45268249,9.398451,6.054231638559571,6.054231638559571
7,31.84223779,31.155287,0.686951001059569,0.686951001059569
7,33.8552417,33.77194,0.08330337602539117,0.08330337602539117
7,6.26008442,3.741716,2.518368511949463,2.518368511949463
7,6.65970313,3.5441363,3.1155668442181392,3.1155668442181392
7,5.62899635,5.3285384,0.3004579321838383,0.3004579321838383
7,13.57848939,13.634532,-0.05604258479248081,0.05604258479248081
7,44.08010856,41.728676,2.351432717714843,2.351432717714843
7,52.80024831,51.274418,1.525830432802735,1.525830432802735
7,33.78014836,34.334053,-0.5539046795507829,0.5539046795507829
7,52.936868600000004,52.01192,0.9249476710449258,0.9249476710449258
7,51.67604476,52.589684,-0.9136387727148403,0.9136387727148403
7,52.29509309,54.24319,-1.9480976753808577,1.9480976753808577
7,44.86241608,43.702778,1.1596382174511746,1.1596382174511746
7,2.74887575,2.8573596,-0.10848389775085465,0.10848389775085465
7,7.88609581,4.6382375,3.2478583336511226,3.2478583336511226
7,47.21013471,41.14286,6.067274297402342,6.067274297402342
7,34.33671753,26.023388,8.313329621064454,8.313329621064454
7,26.47713887,21.102314,5.374824874638673,5.374824874638673
7,17.447878619999997,14.906776,2.541102191777341,2.541102191777341
7,26.58676416,18.94539,7.641373458706056,7.641373458706056
7,51.11433887,49.217766,1.8965730618945287,1.8965730618945287
7,52.0492925,47.06972,4.979571278076172,4.979571278076172
7,47.32823335,44.403625,2.924607861718748,2.924607861718748
7,52.08378502,52.893276,-0.8094911945996088,0.8094911945996088
7,26.1576436,22.655287,3.5023568110595704,3.5023568110595704
7,0.56777334,-0.3267068,0.8944801368845368,0.8944801368845368
7,21.32243529,24.842428,-3.5199929173974596,3.5199929173974596
7,2.22929867,3.1045916,-0.8752929380474854,0.8752929380474854
7,0.32576723,0.5989122,-0.27314494947006224,0.27314494947006224
7,50.13778669,45.405563,4.732223335507811,4.732223335507811
7,46.93123114,44.3405,2.590731262070314,2.590731262070314
7,51.73762771,50.097843,1.6397845398339825,1.6397845398339825
7,35.544675240000004,38.102043,-2.557367911855465,2.557367911855465
7,41.70129942,39.54283,2.1584679991015605,2.1584679991015605
7,46.86045832,48.117054,-1.2565956655957038,1.2565956655957038
7,1.54928974,4.2694883,-2.720198594655762,2.720198594655762
7,1.80467336,0.82418615,0.9804872137406921,0.9804872137406921
7,41.11169056,46.1752,-5.0635108560156254,5.0635108560156254
7,9.88310306,8.538998,1.3441054098535155,1.3441054098535155
7,35.73531193,33.036617,2.6986946509472673,2.6986946509472673
7,53.60483497,47.931145,5.67369025564453,5.67369025564453
7,40.49134472,32.006187,8.485157281035157,8.485157281035157
7,44.52107333000001,39.1548,5.366272914960945,5.366272914960945
7,46.28751026,45.97194,0.3155711730859352,0.3155711730859352
7,2.07243974,-1.1087216,3.1811613538839723,3.1811613538839723
7,52.6490617,53.435993,-0.7869314945800809,0.7869314945800809
7,34.08897721000001,34.149853,-0.06087554268553674,0.06087554268553674
7,18.441309200000003,14.579739,3.8615705830566434,3.8615705830566434
7,50.34505865,51.43566,-1.0906026659179702,1.0906026659179702
7,2.9420849999999996,5.383544,-2.441458968200684,2.441458968200684
7,2.59496801,3.9249394,-1.3299713839971923,1.3299713839971923
7,15.43753112,18.898083,-3.4605516131542977,3.4605516131542977
7,48.86732637,46.3881,2.4792266995898444,2.4792266995898444
7,43.16925862,36.037598,7.131660963750001,7.131660963750001
7,41.74403389,33.75876,7.985275345078122,7.985275345078122
7,51.02421755,41.198177,9.826040212353519,9.826040212353519
7,46.36166664,44.70581,1.6558560931250028,1.6558560931250028
7,1.37314192,-0.14418517,1.5173270905312728,1.5173270905312728
7,50.62604803,53.38389,-2.7578402146289065,2.7578402146289065
7,43.98011446,39.242393,4.737720966347659,4.737720966347659
7,49.93027197,41.19072,8.739552365507812,8.739552365507812
7,50.42484667,43.878773,6.546073934404298,6.546073934404298
7,49.98057915,48.293625,1.6869542720703095,1.6869542720703095
7,3.25422396,5.7996883,-2.5454643792333984,2.5454643792333984
7,5.27780892,3.476738,1.8010709439257813,1.8010709439257813
7,46.51153585,40.60894,5.902595725488283,5.902595725488283
7,45.71713745999999,46.70285,-0.9857128817968857,0.9857128817968857
7,4.83892277,6.5190754,-1.6801526236767579,1.6801526236767579
7,1.49552002,1.1603645,0.33515551137115485,0.33515551137115485
7,0.62213808,0.11304979,0.5090882897368241,0.5090882897368241
7,7.92269608,6.834278,1.0884179733105466,1.0884179733105466
7,47.40325052,44.991814,2.4114368603320315,2.4114368603320315
7,49.06450923,48.989944,0.07456477199218625,0.07456477199218625
7,48.5531561,51.29296,-2.7398050206054663,2.7398050206054663
7,1.01488476,0.70845,0.3064347406404113,0.3064347406404113
7,14.30630473,10.253616,4.052688396992188,4.052688396992188
7,44.44530308,47.587887,-3.142583730302732,3.142583730302732
7,50.8522158,48.23065,2.6215639445312533,2.6215639445312533
7,10.63687502,13.704332,-3.0674573316845706,3.0674573316845706
7,16.99757334,19.296482,-2.2989087461816418,2.2989087461816418
7,11.314253900000002,8.48475,2.8295041059936548,2.8295041059936548
7,1.7948433,1.6578362,0.13700710119323722,0.13700710119323722
7,49.36411803,47.219265,2.144853045869141,2.144853045869141
7,49.78358613,45.51668,4.266904458857425,4.266904458857425
7,14.18301194,13.451149,0.7318629531835938,0.7318629531835938
7,21.53079784,21.761148,-0.23035061275878732,0.23035061275878732
7,6.23373447,3.6691918,2.564542632689209,2.564542632689209
7,33.87890974,31.15011,2.728799495249021,2.728799495249021
7,36.41525472,32.68874,3.726514943388672,3.726514943388672
7,44.56493226,45.489582,-0.924649801767579,0.924649801767579
7,45.81924557,41.078285,4.740960352714843,4.740960352714843
7,23.9715939,21.66566,2.3059330418457016,2.3059330418457016
7,41.91739109,40.708282,1.2091086192968774,1.2091086192968774
7,34.5679203,29.120481,5.44743880891113,5.44743880891113
7,29.99848358,30.880072,-0.88158806001465,0.88158806001465
7,8.67808167,11.641208,-2.963126025007325,2.963126025007325
7,31.06216841,30.648544,0.41362409847656423,0.41362409847656423
7,109.02966618,112.05388,-3.024212604179681,3.024212604179681
7,92.7349244,87.01814,5.7167816998046845,5.7167816998046845
7,107.31292334,95.856636,11.456287292636716,11.456287292636716
7,59.00976398,53.89791,5.111852908222659,5.111852908222659
7,91.09034834,78.534584,12.55576429458985,12.55576429458985
7,105.6843667,102.62206,3.0623040168945295,3.0623040168945295
7,112.65739662,105.93801,6.719385450566406,6.719385450566406
7,106.02434554,96.73059,9.293754719687499,9.293754719687499
7,69.53373894,66.96041,2.5733278682226626,2.5733278682226626
7,110.68282216,109.522575,1.1602467815820319,1.1602467815820319
7,66.60047672,62.80447,3.796006657744144,3.796006657744144
7,107.46380662,114.97449,-7.5106806846875,7.5106806846875
7,110.17479844,107.715935,2.458863686582035,2.458863686582035
7,110.36306332,103.28001,7.083056911308589,7.083056911308589
7,110.77850842,115.855736,-5.077227358808599,5.077227358808599
7,106.81369732,100.0956,6.71810100652344,6.71810100652344
7,89.52419064,108.47852,-18.95433261439453,18.95433261439453
7,82.37083396,75.293236,7.077598181191405,7.077598181191405
7,102.64480228,99.49758,3.1472207980663995,3.1472207980663995
7,50.21515164,44.953846,5.261305662216799,5.261305662216799
7,105.2771994,71.42557,33.851631773046876,33.851631773046876
7,96.14269054,92.036644,4.10604655806641,4.10604655806641
7,67.09967064,58.41873,8.680938950546874,8.680938950546874
7,6.061786139999999,9.02698,-2.9651942600854504,2.9651942600854504
7,107.85035666,78.95191,28.89844473373047,28.89844473373047
8,0.9,-2.1745799,3.074579858779907,3.074579858779907
8,21.2,16.435608,4.764392089843749,4.764392089843749
8,1.5000000000000002,0.14316311,1.3568368852138522,1.3568368852138522
8,7.0,9.428806,-2.4288063049316406,2.4288063049316406
8,0.1,2.476576,-2.3765760898590087,2.3765760898590087
8,0.7,-0.70193416,1.4019341588020324,1.4019341588020324
8,1.4,0.9300206,0.46997942924499503,0.46997942924499503
8,11.4,13.757079,-2.3570791244506832,2.3570791244506832
8,5.8,7.2475553,-1.4475552558898928,1.4475552558898928
8,0.5,0.007950274,0.49204972572624683,0.49204972572624683
8,1.4,0.5978864,0.8021136164665221,0.8021136164665221
8,1.0,0.58673704,0.4132629632949829,0.4132629632949829
8,0.1,0.68388426,-0.5838842630386353,0.5838842630386353
8,6.3,8.962067,-2.662066650390625,2.662066650390625
8,3.8,4.2788258,-0.4788257598876955,0.4788257598876955
8,22.599999999999998,25.04951,-2.449509048461916,2.449509048461916
8,15.4,16.313293,-0.9132934570312496,0.9132934570312496
8,13.2,13.600289,-0.40028934478759837,0.40028934478759837
8,47.6,50.395523,-2.795523071289061,2.795523071289061
8,1.9,1.5948592,0.3051407575607299,0.3051407575607299
8,25.1,23.299097,1.8009029388427749,1.8009029388427749
8,2.2,2.3071058,-0.10710577964782697,0.10710577964782697
8,3.5,3.1160555,0.3839445114135742,0.3839445114135742
8,1.2,0.39192328,0.8080767214298248,0.8080767214298248
8,3.8,3.2552464,0.5447535991668699,0.5447535991668699
8,3.6,3.6145806,-0.014580631256103427,0.014580631256103427
8,5.1,4.519194,0.5808058738708493,0.5808058738708493
8,1.4,1.1288836,0.27111639976501456,0.27111639976501456
8,26.1,29.264053,-3.164053344726561,3.164053344726561
8,4.5,3.8598824,0.6401176452636719,0.6401176452636719
8,22.7,26.81199,-4.11199073791504,4.11199073791504
8,1.3,0.9537727,0.3462272763252259,0.3462272763252259
8,17.5,21.811167,-4.311166763305664,4.311166763305664
8,2.3,1.9548622,0.3451377630233763,0.3451377630233763
8,45.6,47.464188,-1.864187622070311,1.864187622070311
8,52.7,49.79572,2.904280853271487,2.904280853271487
8,50.9,51.968708,-1.0687080383300795,1.0687080383300795
8,2.0,2.395064,-0.395064115524292,0.395064115524292
8,25.9,23.012646,2.8873542785644517,2.8873542785644517
8,9.0,5.3566413,3.6433587074279785,3.6433587074279785
8,2.0,1.8831713,0.11682868003845215,0.11682868003845215
8,12.000000000000002,11.596973,0.40302658081054865,0.40302658081054865
8,19.4,18.875067,0.5249332427978501,0.5249332427978501
8,59.4,56.034927,3.365072631835936,3.365072631835936
8,60.2,56.325745,3.874255371093753,3.874255371093753
8,60.2,55.047577,5.152423095703128,5.152423095703128
8,60.6,60.005383,0.5946174621582045,0.5946174621582045
8,62.1,60.49779,1.6022087097167983,1.6022087097167983
8,60.0,57.167496,2.8325042724609375,2.8325042724609375
8,4.4,3.4020627,0.9979373455047611,0.9979373455047611
8,43.4,37.207092,6.192907714843749,6.192907714843749
8,46.3,42.69254,3.6074607849121065,3.6074607849121065
8,14.8,14.721736,0.07826404571533274,0.07826404571533274
8,51.6,47.802383,3.797616577148439,3.797616577148439
8,64.0,61.10582,2.8941802978515625,2.8941802978515625
8,62.7,59.138927,3.561072540283206,3.561072540283206
8,60.5,59.58316,0.916839599609375,0.916839599609375
8,62.0,62.32205,-0.3220481872558594,0.3220481872558594
8,54.29999999999999,56.694664,-2.3946640014648537,2.3946640014648537
8,3.0000000000000004,1.2124933,1.7875066995620732,1.7875066995620732
8,10.2,8.958142,1.241857719421386,1.241857719421386
8,5.8,4.9799595,0.8200405120849608,0.8200405120849608
8,16.6,15.116782,1.483217811584474,1.483217811584474
8,5.2,3.9984581,1.20154185295105,1.20154185295105
8,28.8,28.772661,0.027338790893555398,0.027338790893555398
8,29.4,31.910244,-2.510243988037111,2.510243988037111
8,32.7,33.02305,-0.3230484008789034,0.3230484008789034
8,4.1,5.2159543,-1.1159543037414554,1.1159543037414554
8,31.3,37.965633,-6.665633392333984,6.665633392333984
8,27.8,33.16781,-5.367808532714843,5.367808532714843
8,33.4,31.608477,1.7915233612060533,1.7915233612060533
8,31.7,33.229355,-1.5293548583984382,1.5293548583984382
8,2.2,2.200101,-0.00010089874267560361,0.00010089874267560361
8,1.4,1.587363,-0.18736300468444833,0.18736300468444833
8,32.6,36.590656,-3.9906562805175767,3.9906562805175767
8,15.2,14.3148775,0.8851224899291985,0.8851224899291985
8,17.6,19.656769,-2.0567687988281236,2.0567687988281236
8,46.2,47.56035,-1.3603485107421847,1.3603485107421847
8,59.0,55.685703,3.3142967224121094,3.3142967224121094
8,59.4,56.304016,3.0959838867187486,3.0959838867187486
8,55.7,54.91317,0.7868301391601591,0.7868301391601591
8,56.4,54.176476,2.223524475097655,2.223524475097655
8,51.4,50.39082,1.0091804504394517,1.0091804504394517
8,31.7,34.355118,-2.655117797851563,2.655117797851563
8,34.4,30.193752,4.206247711181639,4.206247711181639
8,48.9,46.47143,2.428568267822264,2.428568267822264
8,55.6,55.11482,0.48518142700195455,0.48518142700195455
8,55.4,55.08556,0.31444015502929545,0.31444015502929545
8,54.5,53.00315,1.4968490600585938,1.4968490600585938
8,53.2,52.892727,0.30727310180664347,0.30727310180664347
8,52.6,54.221546,-1.6215461730957017,1.6215461730957017
8,39.1,34.440487,4.659513092041017,4.659513092041017
8,1.3,-1.2952371,2.595237064361572,2.595237064361572
8,3.6,2.793515,0.8064850330352784,0.8064850330352784
8,11.6,11.1825075,0.41749248504638636,0.41749248504638636
8,33.8,34.973133,-1.173133087158206,1.173133087158206
8,18.0,19.992271,-1.9922714233398438,1.9922714233398438
8,13.1,11.971791,1.1282087326049801,1.1282087326049801
8,3.6,5.002115,-1.4021147727966308,1.4021147727966308
8,8.4,7.6962914,0.7037085533142093,0.7037085533142093
8,54.4,55.75357,-1.3535705566406264,1.3535705566406264
8,48.3,44.803104,3.4968955993652315,3.4968955993652315
8,15.1,16.356941,-1.2569412231445316,1.2569412231445316
8,12.3,12.180757,0.1192434310913093,0.1192434310913093
8,50.800000000000004,50.08676,0.7132385253906293,0.7132385253906293
8,28.2,26.988924,1.2110759735107415,1.2110759735107415
8,39.4,34.78082,4.619181060791014,4.619181060791014
8,49.3,45.873135,3.426865386962888,3.426865386962888
8,48.6,46.823677,1.7763229370117202,1.7763229370117202
8,48.8,46.61631,2.183689880371091,2.183689880371091
8,48.5,46.25103,2.2489700317382812,2.2489700317382812
8,46.5,43.75836,2.74163818359375,2.74163818359375
8,34.1,33.42764,0.672360992431642,0.672360992431642
8,34.3,36.4407,-2.140700531005862,2.140700531005862
8,29.9,28.671906,1.2280944824218736,1.2280944824218736
8,12.1,11.00716,1.0928398132324215,1.0928398132324215
8,10.6,9.177895,1.4221054077148434,1.4221054077148434
8,30.8,30.732853,0.06714706420898509,0.06714706420898509
8,28.9,26.71666,2.183340454101561,2.183340454101561
8,20.9,22.48799,-1.587989425659181,1.587989425659181
8,46.1,43.3422,2.757798767089845,2.757798767089845
8,22.5,22.743172,-0.24317169189453125,0.24317169189453125
8,21.7,21.670816,0.029183578491210227,0.029183578491210227
8,5.8,6.224426,-0.424425792694092,0.424425792694092
8,22.9,29.964685,-7.064685440063478,7.064685440063478
8,26.0,23.111845,2.888154983520508,2.888154983520508
8,44.7,42.256397,2.4436027526855497,2.4436027526855497
8,6.6,6.4034257,0.19657430648803675,0.19657430648803675
8,8.1,7.482103,0.6178971290588375,0.6178971290588375
8,24.6,24.970385,-0.3703845977783189,0.3703845977783189
8,19.4,21.2683,-1.8682991027832045,1.8682991027832045
8,32.3,35.515633,-3.215632629394534,3.215632629394534
8,44.0,43.465515,0.53448486328125,0.53448486328125
8,43.7,40.6556,3.044398498535159,3.044398498535159
8,43.6,39.693756,3.9062438964843764,3.9062438964843764
8,38.9,35.093273,3.8067268371582017,3.8067268371582017
8,34.1,33.42743,0.6725708007812514,0.6725708007812514
8,30.5,33.06643,-2.5664291381835938,2.5664291381835938
8,16.6,17.839409,-1.2394088745117173,1.2394088745117173
8,19.6,24.258238,-4.658237838745116,4.658237838745116
8,4.4,3.2577498,1.142250204086304,1.142250204086304
8,37.0,35.3158,1.6842002868652344,1.6842002868652344
8,39.7,37.71859,1.981410217285159,1.981410217285159
8,28.7,25.614534,3.0854656219482415,3.0854656219482415
8,29.9,29.164,0.7360004425048814,0.7360004425048814
8,33.6,32.235252,1.3647476196289077,1.3647476196289077
8,12.9,21.896383,-8.99638328552246,8.99638328552246
8,27.1,29.221203,-2.1212028503417955,2.1212028503417955
8,27.6,30.74536,-3.1453594207763658,3.1453594207763658
8,30.3,32.974476,-2.6744758605957024,2.6744758605957024
8,33.5,32.551468,0.9485321044921875,0.9485321044921875
8,35.7,37.491936,-1.791935729980466,1.791935729980466
8,35.4,34.52269,0.8773101806640611,0.8773101806640611
8,20.1,24.362854,-4.262854003906249,4.262854003906249
8,35.4,36.73653,-1.3365303039550795,1.3365303039550795
8,33.1,33.59166,-0.4916595458984361,0.4916595458984361
8,8.7,11.994905,-3.2949054718017585,3.2949054718017585
8,31.1,27.842073,3.2579265594482436,3.2579265594482436
8,35.7,34.540554,1.1594459533691435,1.1594459533691435
8,19.1,22.424288,-3.3242877960205064,3.3242877960205064
8,8.7,7.843091,0.856908988952636,0.856908988952636
8,14.5,17.957428,-3.457427978515625,3.457427978515625
8,22.9,26.982277,-4.082276916503908,4.082276916503908
8,34.0,32.952267,1.0477333068847656,1.0477333068847656
8,11.1,13.211001,-2.1110013961791996,2.1110013961791996
8,29.2,31.526619,-2.326618957519532,2.326618957519532
8,24.8,26.443802,-1.6438018798828118,1.6438018798828118
8,33.9,36.34639,-2.446389770507814,2.446389770507814
8,31.4,30.71364,0.6863597869873033,0.6863597869873033
8,33.1,33.595142,-0.4951423645019517,0.4951423645019517
8,19.2,19.20053,-0.000529098510742898,0.000529098510742898
8,29.5,26.16484,3.3351593017578125,3.3351593017578125
8,9.3,9.661332,-0.3613321304321282,0.3613321304321282
8,32.0,33.36513,-1.3651313781738281,1.3651313781738281
8,32.6,31.831114,0.7688861846923842,0.7688861846923842
8,31.6,31.683756,-0.08375587463378764,0.08375587463378764
8,32.6,33.342323,-0.7423233032226548,0.7423233032226548
8,32.9,31.945915,0.9540847778320298,0.9540847778320298
8,33.6,33.14691,0.4530883789062514,0.4530883789062514
8,33.3,31.893724,1.4062755584716768,1.4062755584716768
8,33.0,32.614796,0.3852043151855469,0.3852043151855469
8,34.1,32.67613,1.4238716125488295,1.4238716125488295
8,34.6,31.545092,3.054908370971681,3.054908370971681
8,36.0,34.44319,1.5568084716796875,1.5568084716796875
8,34.8,31.437155,3.362845230102536,3.362845230102536
8,34.1,30.857065,3.2429347991943374,3.2429347991943374
8,30.8,28.449345,2.350655364990235,2.350655364990235
8,22.1,18.471674,3.6283260345459,3.6283260345459
8,27.9,27.702902,0.19709815979003764,0.19709815979003764
8,36.1,34.369804,1.7301956176757827,1.7301956176757827
8,36.0,34.50154,1.4984588623046875,1.4984588623046875
8,17.3,16.424433,0.8755672454833991,0.8755672454833991
8,24.2,26.491219,-2.291218566894532,2.291218566894532
8,26.8,28.163572,-1.3635723114013665,1.3635723114013665
8,16.8,15.609839,1.1901605606079109,1.1901605606079109
8,32.4,30.761202,1.6387981414794908,1.6387981414794908
8,37.5,36.141,1.3590011596679688,1.3590011596679688
8,37.1,35.70783,1.3921714782714858,1.3921714782714858
8,32.5,30.003126,2.4968738555908203,2.4968738555908203
8,22.599999999999998,24.94163,-2.341629409790041,2.341629409790041
8,30.6,31.5479,-0.9478992462158189,0.9478992462158189
8,27.7,31.293886,-3.5938861846923835,3.5938861846923835
8,32.9,34.956326,-2.056325531005861,2.056325531005861
8,36.2,38.589584,-2.3895843505859347,2.3895843505859347
8,36.0,38.296104,-2.2961044311523438,2.2961044311523438
8,36.2,37.213833,-1.0138328552246065,1.0138328552246065
8,34.1,34.058968,0.04103240966797017,0.04103240966797017
8,21.0,17.540512,3.4594879150390625,3.4594879150390625
8,7.0,4.960129,2.0398712158203125,2.0398712158203125
8,38.1,40.495495,-2.3954948425292955,2.3954948425292955
8,27.3,26.577616,0.7223842620849616,0.7223842620849616
8,28.8,29.183912,-0.383912277221679,0.383912277221679
8,39.2,40.09639,-0.8963897705078097,0.8963897705078097
8,33.6,35.022514,-1.4225143432617173,1.4225143432617173
8,30.3,36.095093,-5.795092773437499,5.795092773437499
8,40.7,42.383125,-1.6831253051757784,1.6831253051757784
8,28.4,31.542006,-3.142005538940431,3.142005538940431
8,34.7,36.860523,-2.1605232238769503,2.1605232238769503
8,5.2,6.3199615,-1.1199615478515623,1.1199615478515623
8,39.5,43.461044,-3.9610443115234375,3.9610443115234375
8,30.7,29.661865,1.0381347656249993,1.0381347656249993
8,39.2,37.511948,1.6880523681640653,1.6880523681640653
8,30.0,30.247732,-0.24773216247558594,0.24773216247558594
8,31.6,34.10789,-2.5078910827636705,2.5078910827636705
8,36.2,37.28665,-1.0866516113281222,1.0866516113281222
8,32.9,34.051395,-1.151395416259767,1.151395416259767
8,21.7,23.07633,-1.3763301849365241,1.3763301849365241
8,40.9,41.630478,-0.7304779052734389,0.7304779052734389
8,10.8,11.353301,-0.5533010482788079,0.5533010482788079
8,32.4,34.621872,-2.221871948242189,2.221871948242189
8,29.2,28.561258,0.6387416839599602,0.6387416839599602
8,4.1,2.0689576,2.031042432785034,2.031042432785034
8,46.7,47.54972,-0.8497207641601534,0.8497207641601534
8,46.1,48.431477,-2.3314765930175767,2.3314765930175767
8,45.900000000000006,48.18716,-2.2871604919433537,2.2871604919433537
8,45.199999999999996,45.604755,-0.4047554016113324,0.4047554016113324
8,45.7,46.16232,-0.46231918334960653,0.46231918334960653
8,44.4,45.73344,-1.3334403991699233,1.3334403991699233
8,44.8,45.399998,-0.5999977111816435,0.5999977111816435
8,35.3,30.924124,4.375876235961911,4.375876235961911
8,28.7,26.091825,2.608174514770507,2.608174514770507
8,45.6,47.943405,-2.343405151367186,2.343405151367186
8,46.4,47.070385,-0.6703849792480483,0.6703849792480483
8,32.2,34.691406,-2.491406249999997,2.491406249999997
8,43.9,44.99727,-1.097268676757814,1.097268676757814
8,48.1,50.83625,-2.73625030517578,2.73625030517578
8,49.400000000000006,48.938904,0.4610961914062557,0.4610961914062557
8,25.3,31.66373,-6.36373062133789,6.36373062133789
8,41.9,40.541035,1.3589653015136705,1.3589653015136705
8,24.9,23.991415,0.9085849761962876,0.9085849761962876
8,5.9,5.9547157,-0.05471572875976527,0.05471572875976527
8,21.1,24.760616,-3.660616302490233,3.660616302490233
8,45.3,50.21681,-4.9168083190918,4.9168083190918
8,29.0,27.402685,1.5973148345947266,1.5973148345947266
8,43.10000000000001,42.69881,0.4011894226074304,0.4011894226074304
8,43.2,44.904182,-1.7041824340820284,1.7041824340820284
8,45.6,47.183266,-1.5832656860351548,1.5832656860351548
8,50.099999999999994,50.73053,-0.6305297851562557,0.6305297851562557
8,42.4,40.63983,1.7601684570312486,1.7601684570312486
8,19.7,18.56204,1.137959671020507,1.137959671020507
8,54.2,52.97677,1.223231506347659,1.223231506347659
8,55.0,54.553585,0.4464149475097656,0.4464149475097656
8,54.6,55.113434,-0.5134338378906236,0.5134338378906236
8,54.0,54.20205,-0.20204925537109375,0.20204925537109375
8,25.400000000000002,24.794014,0.6059860229492209,0.6059860229492209
8,22.9,18.850206,4.049793624877928,4.049793624877928
8,10.5,9.178588,1.3214120864868164,1.3214120864868164
8,8.8,7.276646,1.5233538627624519,1.5233538627624519
8,5.3,3.9265962,1.3734038352966307,1.3734038352966307
8,3.6,2.7072258,0.8927742004394532,0.8927742004394532
8,14.4,16.251158,-1.8511577606201168,1.8511577606201168
8,34.3,33.153248,1.146752166748044,1.146752166748044
8,20.5,18.65762,1.8423805236816406,1.8423805236816406
8,17.2,17.911407,-0.7114074707031257,0.7114074707031257
8,9.6,11.394048,-1.7940477371215824,1.7940477371215824
8,34.6,35.652557,-1.0525573730468736,1.0525573730468736
8,9.5,10.034281,-0.5342807769775391,0.5342807769775391
8,4.9,3.7445798,1.1554202079772953,1.1554202079772953
8,3.5,3.5984805,-0.0984804630279541,0.0984804630279541
8,11.6,14.509918,-2.9099182128906254,2.9099182128906254
8,4.0,3.898228,0.10177206993103027,0.10177206993103027
8,7.0,6.542765,0.45723485946655273,0.45723485946655273
8,19.0,14.29862,4.701379776000977,4.701379776000977
8,47.8,43.820465,3.979534912109372,3.979534912109372
8,23.0,23.828304,-0.8283042907714844,0.8283042907714844
8,30.9,32.34404,-1.444039916992189,1.444039916992189
8,53.4,53.680286,-0.28028640747070455,0.28028640747070455
8,3.9,3.6182544,0.2817455768585204,0.2817455768585204
8,50.3,43.908695,6.3913047790527315,6.3913047790527315
8,15.7,16.731812,-1.0318115234375007,1.0318115234375007
8,7.8,9.325977,-1.5259773254394533,1.5259773254394533
8,2.6,3.2641716,-0.6641716003417968,0.6641716003417968
8,17.1,21.071245,-3.971245193481444,3.971245193481444
8,2.0,2.1815498,-0.1815497875213623,0.1815497875213623
8,4.5,4.5955663,-0.0955662727355957,0.0955662727355957
8,5.4,3.7092652,1.6907347679138187,1.6907347679138187
8,34.9,35.562416,-0.6624160766601577,0.6624160766601577
8,36.5,36.792683,-0.2926826477050781,0.2926826477050781
8,53.4,53.146797,0.25320281982421733,0.25320281982421733
8,13.4,14.117454,-0.717453575134277,0.717453575134277
8,2.3,1.9665706,0.3334293842315672,0.3334293842315672
8,1.9,1.5489597,0.35104026794433585,0.35104026794433585
8,7.0,7.414816,-0.41481590270996094,0.41481590270996094
8,26.8,27.770157,-0.9701568603515618,0.9701568603515618
8,1.4,0.61756104,0.7824389576911925,0.7824389576911925
8,20.1,22.194313,-2.094313049316405,2.094313049316405
8,5.9,5.5116353,0.3883646965026859,0.3883646965026859
8,17.5,15.611053,1.888946533203125,1.888946533203125
8,17.7,20.543768,-2.843767929077149,2.843767929077149
8,8.2,7.8618884,0.3381115913391106,0.3381115913391106
8,3.3,1.8348722,1.4651277542114256,1.4651277542114256
8,1.7,1.6047986,0.09520144462585445,0.09520144462585445
8,16.5,21.182041,-4.682041168212891,4.682041168212891
8,2.6,2.2261486,0.3738513946533204,0.3738513946533204
8,1.4,1.9654145,-0.5654145240783692,0.5654145240783692
8,13.4,15.577438,-2.177438354492187,2.177438354492187
8,5.9,4.919254,0.9807461738586429,0.9807461738586429
8,14.3,14.637764,-0.33776397705078054,0.33776397705078054
8,7.2,7.123083,0.07691688537597674,0.07691688537597674
8,28.4,31.872597,-3.4725967407226577,3.4725967407226577
8,0.8,-0.70446455,1.5044645547866822,1.5044645547866822
8,3.6,2.041537,1.558462953567505,1.558462953567505
8,2.3,2.1340199,0.1659801483154295,0.1659801483154295
8,1.1,1.1950976,-0.09509756565093985,0.09509756565093985
8,6.2,7.3091683,-1.1091683387756346,1.1091683387756346
8,8.5,11.361306,-2.8613061904907227,2.8613061904907227
8,3.9,4.366217,-0.46621713638305673,0.46621713638305673
8,12.4,13.5371,-1.1370998382568356,1.1370998382568356
8,4.0,3.1147094,0.8852906227111816,0.8852906227111816
8,18.3,13.896337,4.403663444519044,4.403663444519044
8,13.2,11.551296,1.64870376586914,1.64870376586914
8,3.7,2.814123,0.8858770847320558,0.8858770847320558
8,1.1,1.267868,-0.1678680419921874,0.1678680419921874
8,32.4,37.876472,-5.476472473144533,5.476472473144533
8,3.7,2.7778723,0.922127676010132,0.922127676010132
8,38.2,34.070118,4.12988204956055,4.12988204956055
8,37.8,40.05903,-2.259028625488284,2.259028625488284
8,37.2,37.28145,-0.08144836425780966,0.08144836425780966
8,19.4,19.916061,-0.5160614013671889,0.5160614013671889
8,24.6,19.989378,4.610622024536134,4.610622024536134
8,3.0000000000000004,2.904282,0.09571790695190474,0.09571790695190474
8,1.3,0.9643163,0.3356836915016175,0.3356836915016175
8,2.3,1.7879444,0.5120555639266966,0.5120555639266966
8,33.6,40.065193,-6.46519317626953,6.46519317626953
8,0.6,0.03562117,0.5643788300454616,0.5643788300454616
8,9.7,8.07685,1.6231500625610344,1.6231500625610344
8,4.1,3.1001372,0.9998627662658688,0.9998627662658688
8,13.7,11.381168,2.3188316345214837,2.3188316345214837
8,0.3,0.33116287,-0.031162869930267345,0.031162869930267345
8,17.8,12.708254,5.091746139526368,5.091746139526368
8,8.4,8.053063,0.3469366073608402,0.3469366073608402
8,10.8,11.473408,-0.6734077453613274,0.6734077453613274
8,1.9,1.0891225,0.8108774662017821,0.8108774662017821
8,0.3,-0.47238708,0.7723870754241944,0.7723870754241944
8,18.1,26.404377,-8.304376983642577,8.304376983642577
8,1.2,0.33183655,0.8681634485721588,0.8681634485721588
8,2.5,3.0054138,-0.5054137706756592,0.5054137706756592
8,8.1,4.109074,3.990925884246826,3.990925884246826
8,8.1,12.481279,-4.381279373168946,4.381279373168946
8,6.2,6.0861993,0.11380071640014666,0.11380071640014666
8,2.7,3.248515,-0.5485148906707762,0.5485148906707762
8,27.1,30.723898,-3.6238979339599595,3.6238979339599595
8,4.1,3.0535288,1.0464712142944332,1.0464712142944332
8,2.2,2.4432137,-0.24321370124816877,0.24321370124816877
8,23.1,26.072002,-2.9720024108886705,2.9720024108886705
8,0.4,0.3815683,0.018431687355041526,0.018431687355041526
8,1.1,0.7281249,0.3718750834465028,0.3718750834465028
8,5.3,4.1289225,1.171077537536621,1.171077537536621
8,19.3,18.31444,0.9855602264404304,0.9855602264404304
8,3.5,3.574089,-0.07408905029296875,0.07408905029296875
8,17.6,17.04561,0.5543895721435561,0.5543895721435561
8,4.5,2.7133682,1.7866318225860596,1.7866318225860596
8,1.7,0.91900265,0.780997347831726,0.780997347831726
8,3.8,4.398901,-0.5989009857177736,0.5989009857177736
8,2.6,1.8722883,0.7277116537094117,0.7277116537094117
8,18.6,18.13411,0.4658905029296889,0.4658905029296889
8,15.7,13.243159,2.4568407058715813,2.4568407058715813
8,11.2,11.673583,-0.4735830307006843,0.4735830307006843
8,5.2,4.579706,0.6202938079833986,0.6202938079833986
8,36.6,46.34986,-9.74986114501953,9.74986114501953
8,38.9,34.736454,4.163545989990233,4.163545989990233
8,1.8,1.3684355,0.4315644979476929,0.4315644979476929
8,8.9,6.436905,2.463095092773438,2.463095092773438
8,6.2,3.933712,2.266287994384766,2.266287994384766
8,45.5,46.672256,-1.1722564697265625,1.1722564697265625
8,39.9,37.033943,2.8660568237304673,2.8660568237304673
8,0.8,3.0204678,-2.220467758178711,2.220467758178711
8,3.1,2.8067193,0.2932806968688966,0.2932806968688966
8,35.7,34.367767,1.3322326660156278,1.3322326660156278
8,21.8,26.001484,-4.201483917236327,4.201483917236327
8,27.9,21.231466,6.668533706665038,6.668533706665038
8,2.5,2.5329764,-0.032976388931274414,0.032976388931274414
8,17.0,15.068113,1.9318866729736328,1.9318866729736328
8,9.8,6.931341,2.8686588287353523,2.8686588287353523
8,21.2,26.128075,-4.9280746459960945,4.9280746459960945
8,2.6,1.1198493,1.4801506757736207,1.4801506757736207
8,1.5000000000000002,0.40905577,1.0909442305564883,1.0909442305564883
8,1.5000000000000002,-0.054464918,1.5544649176299574,1.5544649176299574
8,1.0,3.0946774,-2.094677448272705,2.094677448272705
8,16.6,16.211676,0.388324356079103,0.388324356079103
8,39.3,38.25186,1.0481384277343722,1.0481384277343722
8,57.3,49.560417,7.739582824707028,7.739582824707028
8,46.2,39.31167,6.888331604003909,6.888331604003909
8,45.4,41.957237,3.442762756347655,3.442762756347655
8,31.5,31.85402,-0.3540191650390625,0.3540191650390625
8,45.7,45.011814,0.6881858825683622,0.6881858825683622
8,31.1,28.800364,2.2996364593505874,2.2996364593505874
8,28.7,24.161171,4.538829040527343,4.538829040527343
8,2.9,3.9393303,-1.0393303394317628,1.0393303394317628
8,8.8,7.7730536,1.0269463539123542,1.0269463539123542
8,53.0,52.385403,0.6145973205566406,0.6145973205566406
8,20.7,20.748297,-0.04829673767089915,0.04829673767089915
8,0.9,-1.1931907,2.0931906938552856,2.0931906938552856
8,14.7,13.588594,1.1114055633544915,1.1114055633544915
8,36.0,36.549587,-0.5495872497558594,0.5495872497558594
8,22.2,22.506855,-0.30685501098632884,0.30685501098632884
8,42.3,40.590755,1.7092445373535128,1.7092445373535128
8,45.0,47.291786,-2.2917861938476562,2.2917861938476562
8,3.3,2.2920132,1.0079868316650389,1.0079868316650389
8,38.0,35.130833,2.8691673278808594,2.8691673278808594
8,3.8,3.4393864,0.36061363220214826,0.36061363220214826
8,18.1,19.473392,-1.3733924865722642,1.3733924865722642
8,2.6,1.971936,0.6280640125274659,0.6280640125274659
8,52.3,50.876934,1.4230659484863253,1.4230659484863253
8,11.0,11.357866,-0.3578662872314453,0.3578662872314453
8,30.9,31.534885,-0.634885406494142,0.634885406494142
8,2.8,3.0528681,-0.25286812782287615,0.25286812782287615
8,17.2,17.520725,-0.32072525024414134,0.32072525024414134
8,19.5,18.674334,0.8256664276123047,0.8256664276123047
8,2.3,1.2082286,1.0917714118957518,1.0917714118957518
8,1.5000000000000002,1.3490455,0.15095448493957542,0.15095448493957542
8,10.7,9.594545,1.1054546356201165,1.1054546356201165
8,34.7,34.2875,0.4125015258789091,0.4125015258789091
8,33.6,34.245373,-0.6453727722167955,0.6453727722167955
8,2.1,0.9239727,1.176027274131775,1.176027274131775
8,22.8,21.827377,0.9726226806640632,0.9726226806640632
8,8.5,6.369792,2.1302080154418945,2.1302080154418945
8,48.9,48.959656,-0.05965576171875142,0.05965576171875142
8,22.9,25.047468,-2.147468185424806,2.147468185424806
8,58.1,58.150227,-0.050226593017576704,0.050226593017576704
8,44.9,44.894985,0.005014801025389204,0.005014801025389204
8,31.2,38.286694,-7.086693572998048,7.086693572998048
8,54.7,54.80136,-0.10136108398437216,0.10136108398437216
8,54.5,53.871067,0.6289329528808594,0.6289329528808594
8,51.4,51.68318,-0.2831817626953139,0.2831817626953139
8,1.9,4.579706,-2.6797061920166017,2.6797061920166017
8,60.9,57.152184,3.747816467285155,3.747816467285155
8,61.2,56.32572,4.874278259277347,4.874278259277347
8,60.2,56.105648,4.0943519592285185,4.0943519592285185
8,58.6,54.1632,4.436799621582033,4.436799621582033
8,45.8,43.70904,2.090958404541013,2.090958404541013
8,54.2,53.663246,0.5367538452148466,0.5367538452148466
8,53.2,54.877068,-1.677067565917966,1.677067565917966
8,6.4,3.8588324,2.5411676406860355,2.5411676406860355
8,59.8,56.224533,3.5754669189453097,3.5754669189453097
8,56.8,58.209568,-1.4095680236816435,1.4095680236816435
8,56.3,56.887096,-0.5870964050292997,0.5870964050292997
8,54.9,53.636295,1.263704681396483,1.263704681396483
8,29.7,28.009064,1.6909362792968743,1.6909362792968743
8,54.4,50.793972,3.606027984619139,3.606027984619139
8,53.5,56.096268,-2.5962677001953125,2.5962677001953125
8,52.2,53.733727,-1.533726501464841,1.533726501464841
8,50.5,49.03953,1.4604682922363281,1.4604682922363281
8,50.0,50.871723,-0.8717231750488281,0.8717231750488281
8,49.1,49.810642,-0.7106422424316392,0.7106422424316392
8,48.5,51.115967,-2.615966796875,2.615966796875
8,49.7,50.22629,-0.5262916564941378,0.5262916564941378
8,32.8,34.157715,-1.3577148437500028,1.3577148437500028
8,31.3,29.10555,2.1944492340087898,2.1944492340087898
8,53.6,53.799698,-0.19969787597656108,0.19969787597656108
8,50.0,51.271507,-1.2715072631835938,1.2715072631835938
8,41.0,40.467308,0.5326919555664062,0.5326919555664062
8,44.6,43.831123,0.7688766479492202,0.7688766479492202
8,38.1,33.549763,4.550237274169923,4.550237274169923
8,47.9,48.203857,-0.3038574218750014,0.3038574218750014
8,48.4,51.06092,-2.6609207153320327,2.6609207153320327
8,42.2,43.49036,-1.2903602600097628,1.2903602600097628
8,48.9,48.268414,0.6315864562988267,0.6315864562988267
8,48.00000000000001,47.88246,0.1175384521484446,0.1175384521484446
8,44.1,45.22262,-1.1226181030273423,1.1226181030273423
8,47.9,48.737423,-0.8374229431152358,0.8374229431152358
8,42.0,41.033924,0.9660758972167969,0.9660758972167969
8,38.7,36.556976,2.143023681640628,2.143023681640628
8,23.5,25.950947,-2.450946807861328,2.450946807861328
8,27.7,27.5152,0.18480033874511648,0.18480033874511648
8,8.6,12.6669445,-4.06694450378418,4.06694450378418
8,15.2,22.616169,-7.416168975830079,7.416168975830079
8,18.2,18.979843,-0.7798431396484382,0.7798431396484382
8,37.9,38.734104,-0.834104156494142,0.834104156494142
8,26.8,26.79457,0.0054290771484382105,0.0054290771484382105
8,7.1,6.667193,0.43280706405639613,0.43280706405639613
8,44.7,46.094532,-1.3945320129394503,1.3945320129394503
8,43.6,44.54026,-0.9402603149414048,0.9402603149414048
8,37.8,39.521015,-1.721015167236331,1.721015167236331
8,29.6,30.047539,-0.44753875732421733,0.44753875732421733
8,30.2,31.178553,-0.9785526275634773,0.9785526275634773
8,2.7,2.5311818,0.16881818771362322,0.16881818771362322
8,36.9,39.25454,-2.354539489746095,2.354539489746095
8,9.4,9.787695,-0.3876949310302731,0.3876949310302731
8,17.3,16.207258,1.092741775512696,1.092741775512696
8,37.4,38.62544,-1.2254386901855483,1.2254386901855483
8,41.1,40.14727,0.9527297973632827,0.9527297973632827
8,40.5,38.58972,1.9102783203125,1.9102783203125
8,38.7,39.481617,-0.7816169738769503,0.7816169738769503
8,38.3,41.090458,-2.7904579162597685,2.7904579162597685
8,38.3,39.135914,-0.835913848876956,0.835913848876956
8,37.9,37.7207,0.1793006896972642,0.1793006896972642
8,20.6,22.811064,-2.2110637664794908,2.2110637664794908
8,4.8,2.4605207,2.3394792556762694,2.3394792556762694
8,36.6,42.777752,-6.1777519226074205,6.1777519226074205
8,21.2,21.53179,-0.33178977966308665,0.33178977966308665
8,37.5,34.98883,2.51116943359375,2.51116943359375
8,37.1,34.80093,2.299069976806642,2.299069976806642
8,38.2,36.68158,1.5184204101562528,1.5184204101562528
8,31.5,33.42437,-1.9243698120117188,1.9243698120117188
8,35.7,34.606407,1.093592834472659,1.093592834472659
8,38.0,35.98612,2.0138816833496094,2.0138816833496094
8,35.9,34.790237,1.109762573242186,1.109762573242186
8,35.2,33.55132,1.6486808776855497,1.6486808776855497
8,22.7,21.194363,1.50563735961914,1.50563735961914
8,15.6,13.764181,1.8358188629150387,1.8358188629150387
8,8.7,10.148386,-1.4483860015869148,1.4483860015869148
8,7.8,10.98936,-3.1893598556518556,3.1893598556518556
8,22.5,25.039507,-2.5395069122314453,2.5395069122314453
8,31.9,33.609962,-1.7099624633789077,1.7099624633789077
8,9.6,9.45445,0.14555034637451136,0.14555034637451136
8,12.9,13.430293,-0.5302930831909176,0.5302930831909176
8,25.9,26.328949,-0.4289489746093764,0.4289489746093764
8,33.4,34.105988,-0.7059875488281264,0.7059875488281264
8,25.9,25.444487,0.4555133819580064,0.4555133819580064
8,9.7,10.999199,-1.2991989135742195,1.2991989135742195
8,18.0,20.074263,-2.0742626190185547,2.0742626190185547
8,20.9,26.05268,-5.15267906188965,5.15267906188965
8,8.2,7.246014,0.9539858818054192,0.9539858818054192
8,17.5,21.681374,-4.181373596191406,4.181373596191406
8,20.5,23.138903,-2.6389026641845703,2.6389026641845703
8,15.0,14.371371,0.6286287307739258,0.6286287307739258
8,28.5,28.033676,0.4663238525390625,0.4663238525390625
8,33.6,31.023272,2.576728439331056,2.576728439331056
8,33.4,30.574192,2.825807952880858,2.825807952880858
8,33.2,30.639814,2.560185623168948,2.560185623168948
8,33.1,30.108967,2.9910331726074233,2.9910331726074233
8,23.6,22.693213,0.906787490844728,0.906787490844728
8,26.0,26.355362,-0.3553619384765625,0.3553619384765625
8,21.0,23.842764,-2.842763900756836,2.842763900756836
8,25.400000000000002,28.049587,-2.6495872497558572,2.6495872497558572
8,19.1,22.086592,-2.9865917205810533,2.9865917205810533
8,27.6,25.91209,1.6879096984863295,1.6879096984863295
8,18.8,19.10073,-0.30073089599609304,0.30073089599609304
8,24.2,25.061314,-0.8613136291503913,0.8613136291503913
8,33.0,31.606236,1.3937644958496094,1.3937644958496094
8,20.4,21.8739,-1.4738994598388686,1.4738994598388686
8,32.7,33.489075,-0.7890747070312472,0.7890747070312472
8,34.4,33.59432,0.8056816101074205,0.8056816101074205
8,29.6,31.910604,-2.3106044769287095,2.3106044769287095
8,30.3,28.934418,1.3655822753906257,1.3655822753906257
8,23.5,24.478676,-0.9786758422851562,0.9786758422851562
8,33.8,36.766647,-2.9666473388671903,2.9666473388671903
8,35.8,36.14403,-0.34403152465820597,0.34403152465820597
8,36.3,37.876926,-1.5769264221191435,1.5769264221191435
8,30.6,34.024597,-3.4245971679687486,3.4245971679687486
8,14.1,15.325116,-1.2251161575317386,1.2251161575317386
8,3.2,2.1718745,1.0281254768371584,1.0281254768371584
8,25.7,29.558699,-3.8586986541748054,3.8586986541748054
8,35.1,34.779564,0.32043609619140767,0.32043609619140767
8,32.8,29.48796,3.3120391845703097,3.3120391845703097
8,30.8,33.558002,-2.7580024719238274,2.7580024719238274
8,37.7,33.655064,4.044936370849612,4.044936370849612
8,35.9,38.49472,-2.5947204589843764,2.5947204589843764
8,37.1,38.987793,-1.8877929687499986,1.8877929687499986
8,20.4,20.634632,-0.23463211059570455,0.23463211059570455
8,29.2,29.859337,-0.6593368530273445,0.6593368530273445
8,24.2,26.502863,-2.3028629302978523,2.3028629302978523
8,37.4,38.16141,-0.761411285400392,0.761411285400392
8,25.5,28.087221,-2.587221145629883,2.587221145629883
8,38.5,39.167274,-0.6672744750976562,0.6672744750976562
8,38.7,38.972775,-0.27277450561523153,0.27277450561523153
8,37.9,38.510803,-0.6108032226562514,0.6108032226562514
8,29.0,29.1035,-0.1035003662109375,0.1035003662109375
8,9.9,8.4735155,1.4264844894409183,1.4264844894409183
8,18.1,23.175098,-5.075098419189452,5.075098419189452
8,25.5,29.075401,-3.5754013061523438,3.5754013061523438
8,40.7,42.75859,-2.0585906982421847,2.0585906982421847
8,40.3,39.768444,0.5315559387207003,0.5315559387207003
8,39.2,39.21738,-0.017380523681637783,0.017380523681637783
8,39.3,37.553658,1.746342468261716,1.746342468261716
8,39.3,39.404507,-0.10450668334961222,0.10450668334961222
8,39.0,36.154457,2.8455429077148438,2.8455429077148438
8,29.0,28.802494,0.19750595092773438,0.19750595092773438
8,26.8,25.882368,0.917631912231446,0.917631912231446
8,13.9,27.421438,-13.521438217163086,13.521438217163086
8,16.6,19.232498,-2.632498168945311,2.632498168945311
8,39.1,41.58601,-2.4860099792480455,2.4860099792480455
8,31.7,30.249502,1.4504978179931634,1.4504978179931634
8,27.4,28.590326,-1.190326309204103,1.190326309204103
8,24.1,23.509192,0.590808486938478,0.590808486938478
8,34.1,35.013363,-0.913362884521483,0.913362884521483
8,43.4,42.514435,0.8855651855468736,0.8855651855468736
8,38.2,39.714203,-1.5142028808593722,1.5142028808593722
8,33.8,35.106117,-1.306117248535159,1.306117248535159
8,27.7,26.43151,1.2684890747070305,1.2684890747070305
8,32.2,35.090458,-2.890457916259763,2.890457916259763
8,17.6,20.039965,-2.439964675903319,2.439964675903319
8,47.4,51.28099,-3.880990600585939,3.880990600585939
8,35.4,36.841854,-1.4418540954589858,1.4418540954589858
8,7.9,6.6757994,1.2242006301879886,1.2242006301879886
8,17.6,17.32246,0.27753982543945455,0.27753982543945455
8,2.5,1.5407442,0.9592558145523071,0.9592558145523071
8,22.0,28.375261,-6.375261306762695,6.375261306762695
8,26.6,27.308231,-0.7082313537597642,0.7082313537597642
8,47.300000000000004,49.15097,-1.8509704589843707,1.8509704589843707
8,36.6,40.71419,-4.114191436767577,4.114191436767577
8,38.1,36.113842,1.9861579895019545,1.9861579895019545
8,26.7,27.991718,-1.2917182922363288,1.2917182922363288
8,18.6,21.005562,-2.40556182861328,2.40556182861328
8,50.2,52.092003,-1.892002868652341,1.892002868652341
8,49.2,49.66996,-0.4699600219726534,0.4699600219726534
8,49.1,49.014214,0.08578643798828267,0.08578643798828267
8,38.4,37.938118,0.46188201904296733,0.46188201904296733
8,44.3,44.993526,-0.6935264587402372,0.6935264587402372
8,43.9,44.60696,-0.7069602966308608,0.7069602966308608
8,47.5,49.16451,-1.6645088195800781,1.6645088195800781
8,46.9,46.891567,0.008432769775389204,0.008432769775389204
8,47.7,47.097916,0.6020843505859403,0.6020843505859403
8,34.1,45.09099,-10.990988159179686,10.990988159179686
8,45.8,46.649258,-0.8492576599121122,0.8492576599121122
8,48.00000000000001,50.879486,-2.879486083984368,2.879486083984368
8,45.4,47.61403,-2.214028930664064,2.214028930664064
8,48.699999999999996,48.543125,0.1568748474121051,0.1568748474121051
8,49.5,50.20227,-0.7022705078125,0.7022705078125
8,48.00000000000001,49.10045,-1.1004486083984304,1.1004486083984304
8,27.6,22.941645,4.6583553314209,4.6583553314209
8,9.5,9.124322,0.37567806243896484,0.37567806243896484
8,10.7,9.64228,1.0577203750610344,1.0577203750610344
8,1.9,0.09182707,1.8081729277968406,1.8081729277968406
8,20.1,20.292765,-0.19276466369628764,0.19276466369628764
8,36.5,39.244274,-2.744274139404297,2.744274139404297
8,3.6,3.6059065,-0.00590648651123038,0.00590648651123038
8,53.1,54.56687,-1.4668716430664048,1.4668716430664048
8,13.2,14.822144,-1.6221435546875007,1.6221435546875007
8,6.6,5.8955994,0.7044006347656246,0.7044006347656246
8,32.7,40.199654,-7.499653625488278,7.499653625488278
8,27.6,32.34932,-4.749319458007811,4.749319458007811
8,5.2,6.9044013,-1.7044013023376463,1.7044013023376463
8,14.1,15.086366,-0.9863656997680668,0.9863656997680668
8,23.8,27.940607,-4.140607070922851,4.140607070922851
8,8.7,12.053143,-3.3531425476074226,3.3531425476074226
8,12.6,14.411656,-1.8116563796997074,1.8116563796997074
8,26.9,29.844532,-2.9445320129394545,2.9445320129394545
8,6.3,5.5257463,0.7742536544799803,0.7742536544799803
8,11.4,13.358815,-1.9588151931762692,1.9588151931762692
8,5.4,37.353603,-31.95360336303711,31.95360336303711
8,5.6,40.24802,-34.64802017211914,34.64802017211914
8,0.5,1.6406581,-1.1406581401824951,1.1406581401824951
8,0.8,2.6514256,-1.8514256000518798,1.8514256000518798
8,2.6,5.6871195,-3.087119483947754,3.087119483947754
8,3.5,18.82019,-15.3201904296875,15.3201904296875
8,4.8,29.742523,-24.942523193359374,24.942523193359374
8,3.5,7.1975265,-3.697526454925537,3.697526454925537
8,1.9,3.3093154,-1.4093154430389405,1.4093154430389405
8,1.9,3.8915334,-1.991533374786377,1.991533374786377
8,0.1,2.9893148,-2.889314794540405,2.889314794540405
8,3.9,12.191105,-8.291104888916015,8.291104888916015
8,4.3,6.2231517,-1.9231516838073732,1.9231516838073732
8,0.5,-0.19023402,0.6902340203523636,0.6902340203523636
8,3.2,4.714118,-1.5141180038452147,1.5141180038452147
8,3.1,3.3368182,-0.23681821823120108,0.23681821823120108
8,1.0,2.2451286,-1.2451286315917969,1.2451286315917969
8,1.0,2.6889813,-1.688981294631958,1.688981294631958
8,4.1,12.866444,-8.766443634033203,8.766443634033203
8,0.2,-0.88306737,1.0830673694610595,1.0830673694610595
8,1.3,0.4438628,0.8561372041702271,0.8561372041702271
8,0.5,0.40893784,0.09106215834617615,0.09106215834617615
8,3.5,6.55161,-3.051609992980957,3.051609992980957
8,3.7,13.852412,-10.152412223815919,10.152412223815919
8,3.9,4.9829974,-1.0829974174499513,1.0829974174499513
8,1.7,1.6197793,0.08022065162658687,0.08022065162658687
8,1.8,1.8549049,-0.05490489006042476,0.05490489006042476
8,3.5,4.070726,-0.5707259178161621,0.5707259178161621
8,0.2,0.5520652,-0.3520651936531067,0.3520651936531067
8,0.3,-0.5546066,0.8546066164970398,0.8546066164970398
8,0.9,1.1152983,-0.2152982711791992,0.2152982711791992
8,1.8,0.84156954,0.9584304571151734,0.9584304571151734
8,3.2,7.6002746,-4.400274562835693,4.400274562835693
8,2.8,1.2540183,1.545981693267822,1.545981693267822
8,1.7,0.82805043,0.871949565410614,0.871949565410614
8,3.8,3.2354774,0.5645225524902342,0.5645225524902342
8,6.6,4.5493155,2.050684547424316,2.050684547424316
8,2.3,1.7076854,0.5923146486282347,0.5923146486282347
8,4.0,2.2321196,1.7678804397583008,1.7678804397583008
8,5.4,3.8113313,1.5886687278747562,1.5886687278747562
8,6.000000000000001,2.6649292,3.3350708484649667,3.3350708484649667
8,1.3,-0.28801373,1.5880137264728547,1.5880137264728547
8,0.1,-0.112865366,0.21286536604166031,0.21286536604166031
8,0.4,1.7053311,-1.3053310871124268,1.3053310871124268
8,1.4,1.475449,-0.07544896602630624,0.07544896602630624
8,4.8,3.7056968,1.0943031787872313,1.0943031787872313
8,1.6,1.8354224,-0.23542239665985099,0.23542239665985099
8,1.1,1.6864239,-0.586423897743225,0.586423897743225
8,3.2,2.1167285,1.0832714557647707,1.0832714557647707
8,0.2,-0.010942459,0.21094245910644532,0.21094245910644532
8,0.3,0.7592748,-0.45927478075027467,0.45927478075027467
8,1.9,-0.59659225,2.4965922474861144,2.4965922474861144
8,1.4,-0.5432021,1.9432021021842956,1.9432021021842956
8,0.1,0.9519745,-0.8519745111465454,0.8519745111465454
8,0.9,-0.19709451,1.097094514966011,1.097094514966011
8,2.8,0.6641707,2.1358293175697325,2.1358293175697325
8,0.2,-0.36242217,0.5624221682548523,0.5624221682548523
8,0.2,-0.6531445,0.8531444787979126,0.8531444787979126
8,0.7,1.1083028,-0.4083028316497803,0.4083028316497803
8,0.1,-0.19409382,0.29409382343292234,0.29409382343292234
8,1.2,0.33595625,0.8640437543392181,0.8640437543392181
8,2.9,3.7693794,-0.8693793773651124,0.8693793773651124
8,2.5,-0.10737677,2.6073767691850662,2.6073767691850662
8,0.4,3.13286,-2.7328599452972413,2.7328599452972413
8,0.9,0.6806782,0.21932181119918825,0.21932181119918825
8,1.0,0.16611408,0.8338859230279922,0.8338859230279922
8,0.2,1.3507298,-1.1507298231124878,1.1507298231124878
8,0.2,1.2055722,-1.005572247505188,1.005572247505188
8,0.2,0.34949434,-0.14949433803558348,0.14949433803558348
8,0.7,1.1409153,-0.4409152746200562,0.4409152746200562
8,1.1,2.2930434,-1.1930433750152587,1.1930433750152587
8,2.9,7.179192,-4.279192066192627,4.279192066192627
8,0.3,0.8509367,-0.5509367108345031,0.5509367108345031
8,0.8,2.0743604,-1.2743603706359863,1.2743603706359863
8,1.5000000000000002,3.764318,-2.2643179893493652,2.2643179893493652
8,0.8,2.6248894,-1.8248893737792968,1.8248893737792968
8,0.5,0.7587645,-0.25876450538635254,0.25876450538635254
8,1.2,3.8470752,-2.6470752239227293,2.6470752239227293
8,0.2,-0.11022552,0.31022552102804185,0.31022552102804185
8,0.2,0.5660431,-0.36604307889938353,0.36604307889938353
8,0.2,-0.78580594,0.9858059406280517,0.9858059406280517
8,2.6,0.87777895,1.722221052646637,1.722221052646637
8,5.0,5.9145503,-0.9145503044128418,0.9145503044128418
8,6.3,6.166809,0.13319091796874982,0.13319091796874982
8,6.000000000000001,6.5281305,-0.5281305313110343,0.5281305313110343
8,3.6,3.7135994,-0.11359944343566886,0.11359944343566886
8,0.2,0.05273518,0.14726482033729554,0.14726482033729554
8,7.2,1.3242428,5.875757169723511,5.875757169723511
8,1.2,1.4581507,-0.25815074443817143,0.25815074443817143
8,0.7,0.44689646,0.25310353636741634,0.25310353636741634
8,1.8,0.3728801,1.4271198987960816,1.4271198987960816
8,0.6,0.31470907,0.28529093265533445,0.28529093265533445
8,2.5,1.6349691,0.8650308847427368,0.8650308847427368
8,1.3,1.2045909,0.09540908336639409,0.09540908336639409
8,0.4,0.03575361,0.36424638852477076,0.36424638852477076
8,2.3,1.1200322,1.1799678087234495,1.1799678087234495
8,4.5,2.9465458,1.5534541606903076,1.5534541606903076
8,1.3,0.6010768,0.6989232182502747,0.6989232182502747
8,5.0,2.534286,2.4657139778137207,2.4657139778137207
8,0.3,-0.3024799,0.6024798929691315,0.6024798929691315
8,0.7,2.0946732,-1.3946731567382813,1.3946731567382813
8,1.4,1.235431,0.1645690441131591,0.1645690441131591
8,0.3,1.6965022,-1.3965022087097168,1.3965022087097168
8,0.1,0.095183104,0.004816895723342901,0.004816895723342901
8,1.0,0.9033248,0.09667521715164185,0.09667521715164185
8,0.3,1.0391076,-0.7391075611114502,0.7391075611114502
8,0.1,0.94393724,-0.8439372420310974,0.8439372420310974
8,3.4,9.197374,-5.79737434387207,5.79737434387207
8,0.2,-0.54443353,0.7444335341453552,0.7444335341453552
8,0.6,0.82609034,-0.2260903358459473,0.2260903358459473
8,2.5,0.6032336,1.8967664241790771,1.8967664241790771
8,10.9,0.4387613,10.461238706111908,10.461238706111908
8,9.9,17.863825,-7.963824844360351,7.963824844360351
8,9.6,3.600146,5.999853944778442,5.999853944778442
8,8.7,9.651271,-0.9512708663940437,0.9512708663940437
8,1.4,6.4193826,-5.019382572174072,5.019382572174072
8,4.6,3.045013,1.5549870491027828,1.5549870491027828
8,4.5,5.4231863,-0.9231863021850586,0.9231863021850586
8,4.4,2.7289057,1.6710943222045902,1.6710943222045902
8,5.3,2.163645,3.1363549709320067,3.1363549709320067
8,6.9,1.6310036,5.268996381759644,5.268996381759644
8,8.4,6.598971,1.8010291099548343,1.8010291099548343
8,5.4,4.88894,0.5110601425170902,0.5110601425170902
8,7.9,4.5851793,3.3148206710815433,3.3148206710815433
8,7.8,5.132355,2.6676447868347166,2.6676447868347166
8,8.7,4.6780577,4.021942329406738,4.021942329406738
8,3.5,3.5774822,-0.07748222351074219,0.07748222351074219
8,10.1,6.818503,3.2814970970153805,3.2814970970153805
8,10.2,5.647376,4.5526239395141594,4.5526239395141594
8,9.7,5.0920897,4.607910346984863,4.607910346984863
8,9.8,5.3747416,4.425258445739747,4.425258445739747
8,3.2,2.675957,0.5240430355072023,0.5240430355072023
8,5.1,2.8368204,2.2631796360015866,2.2631796360015866
8,1.2,0.18400075,1.0159992545843124,1.0159992545843124
8,10.2,6.895368,3.304631900787353,3.304631900787353
8,10.2,4.980023,5.219977092742919,5.219977092742919
8,10.4,5.772818,4.627181911468506,4.627181911468506
8,8.3,5.0173335,3.282666492462159,3.282666492462159
8,6.000000000000001,3.653269,2.3467309474945077,2.3467309474945077
8,1.1,0.2554215,0.8445785105228425,0.8445785105228425
8,5.3,3.9306235,1.369376468658447,1.369376468658447
8,0.9,0.93410504,-0.03410503864288328,0.03410503864288328
8,2.2,2.6229258,-0.42292575836181623,0.42292575836181623
8,4.8,2.6111894,2.188810634613037,2.188810634613037
8,4.8,2.364498,2.4355020999908445,2.4355020999908445
8,2.9,1.910753,0.9892469882965087,0.9892469882965087
8,7.1,5.2462106,1.8537894248962399,1.8537894248962399
8,4.2,3.845296,0.35470409393310565,0.35470409393310565
8,8.4,7.3495026,1.0504974365234379,1.0504974365234379
8,2.6,1.0492407,1.5507592916488648,1.5507592916488648
8,1.8,-0.1413584,1.9413584053516388,1.9413584053516388
8,5.8,5.3946695,0.4053304672241209,0.4053304672241209
8,8.6,29.982805,-21.382805252075194,21.382805252075194
8,9.2,15.627756,-6.427756118774415,6.427756118774415
8,10.0,14.24895,-4.248950004577637,4.248950004577637
8,9.5,5.691422,3.8085780143737793,3.8085780143737793
8,12.2,7.46545,4.734550189971923,4.734550189971923
8,44.9,8.276492,36.62350788116455,36.62350788116455
8,46.1,22.629229,23.470771408081056,23.470771408081056
8,46.7,33.83038,12.869620513916018,12.869620513916018
8,41.3,36.970078,4.32992248535156,4.32992248535156
8,49.6,39.931915,9.668084716796876,9.668084716796876
8,44.7,40.242996,4.45700378417969,4.45700378417969
8,46.7,43.109352,3.5906478881835966,3.5906478881835966
8,13.8,15.908699,-2.1086990356445305,2.1086990356445305
8,33.4,26.452791,6.947208786010741,6.947208786010741
8,8.6,8.020203,0.5797973632812496,0.5797973632812496
8,34.9,35.99096,-1.0909591674804702,1.0909591674804702
8,28.1,22.495224,5.604776000976564,5.604776000976564
8,16.8,16.190681,0.6093185424804695,0.6093185424804695
8,9.0,7.553489,1.4465107917785645,1.4465107917785645
8,26.5,30.52341,-4.023410797119141,4.023410797119141
8,42.4,45.29829,-2.8982902526855483,2.8982902526855483
8,29.1,27.631836,1.4681640625000014,1.4681640625000014
8,39.5,37.32053,2.1794700622558594,2.1794700622558594
8,20.2,19.449854,0.7501461029052727,0.7501461029052727
8,38.8,38.245327,0.5546730041503878,0.5546730041503878
8,13.7,12.517409,1.1825906753540032,1.1825906753540032
8,3.6,4.0885773,-0.4885772705078124,0.4885772705078124
8,40.2,44.26195,-4.0619514465332,4.0619514465332
8,40.9,42.02565,-1.125650024414064,1.125650024414064
8,43.6,42.80981,0.790189361572267,0.790189361572267
8,39.4,44.624344,-5.224343872070314,5.224343872070314
8,40.9,42.74406,-1.8440605163574233,1.8440605163574233
8,39.2,42.713634,-3.513634490966794,3.513634490966794
8,42.2,39.5952,2.6048004150390653,2.6048004150390653
8,39.0,41.378235,-2.37823486328125,2.37823486328125
8,28.8,26.643473,2.1565273284912116,2.1565273284912116
8,19.1,14.095184,5.004815673828126,5.004815673828126
8,6.7,4.550107,2.1498929977416994,2.1498929977416994
8,10.4,10.028484,0.3715156555175785,0.3715156555175785
8,24.700000000000003,26.691353,-1.9913528442382784,1.9913528442382784
8,29.4,28.793293,0.6067070007324205,0.6067070007324205
8,7.5,7.9251776,-0.42517757415771484,0.42517757415771484
8,30.9,29.939629,0.9603713989257798,0.9603713989257798
8,5.5,4.801558,0.6984419822692871,0.6984419822692871
8,35.2,35.75748,-0.5574806213378878,0.5574806213378878
8,25.9,26.2208,-0.32080039978027486,0.32080039978027486
8,37.8,38.070114,-0.27011413574219034,0.27011413574219034
8,5.3,4.363786,0.9362137794494627,0.9362137794494627
8,3.4,2.239506,1.1604939937591552,1.1604939937591552
8,18.9,21.691889,-2.791888809204103,2.791888809204103
8,13.9,13.309564,0.5904363632202152,0.5904363632202152
8,21.9,19.727474,2.172525787353514,2.172525787353514
8,13.9,15.841107,-1.941107368469238,1.941107368469238
8,21.0,20.923841,0.07615852355957031,0.07615852355957031
8,21.1,21.941706,-0.8417057037353501,0.8417057037353501
8,24.5,27.407824,-2.9078235626220703,2.9078235626220703
8,15.3,17.9065,-2.6064998626708977,2.6064998626708977
8,22.8,22.326223,0.4737766265869148,0.4737766265869148
8,8.5,7.008049,1.4919509887695312,1.4919509887695312
8,32.8,35.429863,-2.6298629760742216,2.6298629760742216
8,25.1,24.594284,0.5057159423828139,0.5057159423828139
8,28.2,28.36854,-0.16853981018066477,0.16853981018066477
8,19.5,20.973392,-1.4733924865722656,1.4733924865722656
8,9.1,10.117291,-1.0172914505004886,1.0172914505004886
8,18.8,20.399467,-1.599467468261718,1.599467468261718
8,36.7,36.07031,0.6296913146972685,0.6296913146972685
8,37.7,36.777058,0.9229423522949247,0.9229423522949247
8,37.2,34.332638,2.8673622131347685,2.8673622131347685
8,37.0,33.97996,3.020038604736328,3.020038604736328
8,36.0,33.01353,2.986469268798828,2.986469268798828
8,32.6,31.554432,1.0455680847167983,1.0455680847167983
8,26.8,27.789764,-0.9897644042968743,0.9897644042968743
8,28.5,28.576267,-0.07626724243164062,0.07626724243164062
8,14.1,16.715525,-2.6155246734619144,2.6155246734619144
8,5.1,4.075117,1.024882888793945,1.024882888793945
8,11.4,12.472523,-1.0725227355957028,1.0725227355957028
8,19.9,17.698523,2.201477432250975,2.201477432250975
8,29.0,30.310972,-1.3109722137451172,1.3109722137451172
8,34.8,34.19896,0.6010406494140597,0.6010406494140597
8,33.2,32.663136,0.5368644714355497,0.5368644714355497
8,32.6,30.190897,2.4091030120849624,2.4091030120849624
8,34.7,33.312344,1.3876564025878935,1.3876564025878935
8,33.8,32.961575,0.8384254455566378,0.8384254455566378
8,33.5,32.132225,1.3677749633789062,1.3677749633789062
8,33.8,31.727188,2.0728118896484347,2.0728118896484347
8,34.4,32.48542,1.9145797729492173,1.9145797729492173
8,30.0,31.460194,-1.4601936340332031,1.4601936340332031
8,32.6,32.645718,-0.045717620849607954,0.045717620849607954
8,20.9,20.946915,-0.04691467285156392,0.04691467285156392
8,27.1,28.587658,-1.4876579284667955,1.4876579284667955
8,17.2,19.413954,-2.2139537811279304,2.2139537811279304
8,29.1,31.367464,-2.2674640655517564,2.2674640655517564
8,21.4,20.952002,0.44799842834472514,0.44799842834472514
8,21.0,23.491549,-2.491548538208008,2.491548538208008
8,34.9,35.150566,-0.25056610107422017,0.25056610107422017
8,21.6,20.885918,0.7140823364257827,0.7140823364257827
8,27.2,25.62611,1.5738899230957024,1.5738899230957024
8,13.0,12.932909,0.06709098815917969,0.06709098815917969
8,11.0,10.303842,0.6961584091186523,0.6961584091186523
8,12.3,12.906761,-0.606761169433593,0.606761169433593
8,23.299999999999997,22.580278,0.7197216033935518,0.7197216033935518
8,28.4,26.305382,2.094618225097655,2.094618225097655
8,14.2,14.561375,-0.36137466430664134,0.36137466430664134
8,16.7,16.557758,0.14224166870117116,0.14224166870117116
8,4.9,2.3619394,2.538060569763184,2.538060569763184
8,32.9,31.82976,1.0702404022216783,1.0702404022216783
8,10.0,7.7258224,2.2741775512695312,2.2741775512695312
8,22.3,14.16932,8.130679893493653,8.130679893493653
8,32.5,32.223248,0.2767524719238281,0.2767524719238281
8,24.000000000000004,23.886421,0.1135787963867223,0.1135787963867223
8,18.1,20.969856,-2.86985626220703,2.86985626220703
8,10.1,7.3842373,2.7157627105712887,2.7157627105712887
8,9.2,17.920603,-8.720602798461915,8.720602798461915
8,20.9,19.181866,1.7181343078613267,1.7181343078613267
8,30.1,30.192606,-0.09260597229003764,0.09260597229003764
8,18.2,14.436324,3.763675880432128,3.763675880432128
8,36.0,37.410973,-1.4109725952148438,1.4109725952148438
8,36.0,33.04528,2.9547195434570312,2.9547195434570312
8,37.5,34.361794,3.1382064819335938,3.1382064819335938
8,37.2,35.241535,1.9584648132324247,1.9584648132324247
8,36.8,33.218555,3.581444549560544,3.581444549560544
8,37.0,33.329422,3.6705780029296875,3.6705780029296875
8,22.5,24.721375,-2.22137451171875,2.22137451171875
8,30.3,27.13467,3.1653297424316413,3.1653297424316413
8,30.4,28.967567,1.4324325561523423,1.4324325561523423
8,23.4,24.53058,-1.1305805206298842,1.1305805206298842
8,25.5,25.961966,-0.46196556091308594,0.46196556091308594
8,36.0,33.86823,2.1317710876464844,2.1317710876464844
8,27.1,26.269684,0.8303161621093764,0.8303161621093764
8,26.0,25.628984,0.3710155487060547,0.3710155487060547
8,21.9,21.250048,0.6499523162841783,0.6499523162841783
8,18.3,14.748988,3.5510118484497077,3.5510118484497077
8,17.8,20.59983,-2.7998306274414055,2.7998306274414055
8,19.1,22.311953,-3.2119525909423814,3.2119525909423814
8,20.2,21.9612,-1.7612007141113288,1.7612007141113288
8,24.3,27.264942,-2.9649421691894524,2.9649421691894524
8,7.0,8.237864,-1.237863540649414,1.237863540649414
8,32.5,31.566391,0.9336090087890625,0.9336090087890625
8,33.5,29.619402,3.8805980682373047,3.8805980682373047
8,29.7,27.953812,1.7461883544921868,1.7461883544921868
8,34.7,32.734253,1.9657470703125028,1.9657470703125028
8,39.3,36.711876,2.5881240844726534,2.5881240844726534
8,34.9,32.475903,2.4240974426269517,2.4240974426269517
8,38.9,37.878384,1.0216163635253892,1.0216163635253892
8,30.0,30.293503,-0.2935028076171875,0.2935028076171875
8,29.4,28.169533,1.2304672241210923,1.2304672241210923
8,22.3,20.82046,1.4795406341552741,1.4795406341552741
8,15.3,13.732284,1.5677164077758796,1.5677164077758796
8,14.7,17.263159,-2.563158798217774,2.563158798217774
8,34.6,35.13849,-0.5384887695312486,0.5384887695312486
8,41.1,42.020348,-0.9203475952148423,0.9203475952148423
8,10.2,8.357904,1.8420955657958977,1.8420955657958977
8,10.9,12.463801,-1.5638013839721676,1.5638013839721676
8,47.300000000000004,47.887997,-0.5879966735839801,0.5879966735839801
8,46.2,46.58797,-0.3879707336425753,0.3879707336425753
8,14.6,11.3173065,3.282693481445312,3.282693481445312
8,30.2,29.002073,1.197926712036132,1.197926712036132
8,9.8,7.9128428,1.8871572494506843,1.8871572494506843
8,5.6,4.452332,1.1476679801940914,1.1476679801940914
8,10.0,11.087837,-1.0878372192382812,1.0878372192382812
8,37.3,38.716217,-1.4162170410156278,1.4162170410156278
8,46.9,45.659298,1.2407020568847642,1.2407020568847642
8,47.7,43.38435,4.315650177001956,4.315650177001956
8,46.7,44.226334,2.4736663818359403,2.4736663818359403
8,45.4,43.91958,1.4804214477539048,1.4804214477539048
8,45.5,43.634113,1.8658866882324219,1.8658866882324219
8,46.2,44.489372,1.710627746582034,1.710627746582034
8,39.4,39.94033,-0.5403305053710952,0.5403305053710952
8,46.0,39.761326,6.238674163818359,6.238674163818359
8,10.3,11.199177,-0.8991767883300774,0.8991767883300774
8,16.8,14.346724,2.453276443481446,2.453276443481446
8,16.7,17.313345,-0.6133449554443366,0.6133449554443366
8,48.5,49.701187,-1.2011871337890625,1.2011871337890625
8,45.1,43.341763,1.758237457275392,1.758237457275392
8,24.6,23.51365,1.0863491058349624,1.0863491058349624
8,6.7,6.1167116,0.5832883834838869,0.5832883834838869
8,18.7,20.032913,-1.3329132080078132,1.3329132080078132
8,34.2,34.832508,-0.6325080871582003,0.6325080871582003
8,50.7,51.32491,-0.6249092102050753,0.6249092102050753
8,21.6,27.06325,-5.463249588012694,5.463249588012694
8,19.3,23.082048,-3.7820484161376946,3.7820484161376946
8,49.8,46.490784,3.309216308593747,3.309216308593747
8,42.6,44.325787,-1.7257865905761705,1.7257865905761705
8,53.6,51.898113,1.7018867492675795,1.7018867492675795
8,52.5,51.591095,0.908905029296875,0.908905029296875
8,42.3,34.32483,7.975170898437497,7.975170898437497
8,19.6,20.847363,-1.2473625183105455,1.2473625183105455
8,30.1,29.311728,0.7882724761962905,0.7882724761962905
8,39.3,40.907715,-1.6077148437500028,1.6077148437500028
8,17.4,18.752785,-1.3527847290039077,1.3527847290039077
8,54.7,51.757957,2.942042541503909,2.942042541503909
8,52.2,49.61272,2.5872795104980497,2.5872795104980497
8,43.6,44.183624,-0.5836242675781236,0.5836242675781236
8,2.7,4.3002644,-1.6002643585205076,1.6002643585205076
8,5.7,7.992648,-2.292648124694824,2.292648124694824
8,28.8,29.252787,-0.45278663635253835,0.45278663635253835
8,21.4,21.874992,-0.47499237060547017,0.47499237060547017
8,19.6,18.195955,1.4040447235107436,1.4040447235107436
8,46.599999999999994,50.889065,-4.289064788818365,4.289064788818365
8,55.1,53.543667,1.556333160400392,1.556333160400392
8,54.9,54.397915,0.5020851135253892,0.5020851135253892
8,20.1,21.399109,-1.2991088867187486,1.2991088867187486
8,9.5,8.387702,1.1122980117797852,1.1122980117797852
8,23.5,20.938099,2.561901092529297,2.561901092529297
8,55.4,51.377254,4.022745513916014,4.022745513916014
8,31.2,31.824556,-0.6245563507080085,0.6245563507080085
8,2.6,2.1587837,0.4412163257598878,0.4412163257598878
8,3.8,2.5681653,1.2318346977233885,1.2318346977233885
8,3.3,2.1125112,1.1874888420104979,1.1874888420104979
8,10.7,12.201048,-1.501047897338868,1.501047897338868
8,10.6,12.440281,-1.840280914306641,1.840280914306641
8,34.4,33.106094,1.293905639648436,1.293905639648436
8,50.099999999999994,44.36166,5.738339996337885,5.738339996337885
8,47.8,46.226547,1.5734527587890597,1.5734527587890597
8,49.0,42.230103,6.7698974609375,6.7698974609375
8,45.6,44.49192,1.1080795288085952,1.1080795288085952
8,17.7,13.40774,4.292260360717773,4.292260360717773
8,43.7,40.223198,3.476802062988284,3.476802062988284
8,48.699999999999996,51.048397,-2.3483970642089886,2.3483970642089886
8,30.6,26.389198,4.210801696777345,4.210801696777345
8,1.5000000000000002,1.7344661,-0.23446607589721657,0.23446607589721657
8,22.4,22.315424,0.08457603454589702,0.08457603454589702
8,8.8,9.448269,-0.6482688903808587,0.6482688903808587
8,7.5,9.57733,-2.077329635620117,2.077329635620117
8,2.2,2.4516354,-0.25163536071777326,0.25163536071777326
8,2.2,2.5656595,-0.36565952301025373,0.36565952301025373
8,3.3,4.9496293,-1.649629306793213,1.649629306793213
8,37.7,41.293224,-3.593224334716794,3.593224334716794
8,6.8,5.1863956,1.6136043548583983,1.6136043548583983
8,47.5,47.73523,-0.2352294921875,0.2352294921875
8,49.5,50.85345,-1.3534507751464844,1.3534507751464844
8,9.2,7.209859,1.9901411056518548,1.9901411056518548
8,1.6,1.018345,0.5816550016403199,0.5816550016403199
8,0.9,1.0902622,-0.19026217460632322,0.19026217460632322
8,1.9,1.9016303,-0.001630282402038663,0.001630282402038663
8,5.8,3.4599013,2.340098667144775,2.340098667144775
8,1.3,1.227823,0.07217698097229008,0.07217698097229008
8,0.3,0.3633313,-0.06333128809928895,0.06333128809928895
8,2.3,1.896844,0.4031559705734251,0.4031559705734251
8,8.5,10.059309,-1.5593090057373047,1.5593090057373047
8,1.8,1.1615325,0.6384674787521363,0.6384674787521363
8,1.7,1.0701885,0.6298114776611328,0.6298114776611328
8,3.0000000000000004,2.7445729,0.2554271221160893,0.2554271221160893
8,1.4,1.0470314,0.3529685974121093,0.3529685974121093
8,46.1,51.64125,-5.541250610351561,5.541250610351561
8,37.5,40.913353,-3.4133529663085938,3.4133529663085938
8,1.1,1.0764083,0.02359173297882089,0.02359173297882089
8,3.4,2.9308045,0.4691955089569091,0.4691955089569091
8,2.3,2.6583614,-0.3583614349365236,0.3583614349365236
8,1.8,1.3932357,0.40676431655883794,0.40676431655883794
8,16.8,21.133162,-4.333161544799804,4.333161544799804
8,0.2,-0.018500153,0.21850015297532083,0.21850015297532083
8,0.7,0.7111111,-0.011111128330230757,0.011111128330230757
8,1.9,0.69458985,1.2054101467132567,1.2054101467132567
8,19.3,25.916262,-6.616261672973632,6.616261672973632
8,0.5,-0.9490865,1.4490864872932434,1.4490864872932434
8,8.9,6.850939,2.04906120300293,2.04906120300293
8,6.2,4.020129,2.1798707962036135,2.1798707962036135
8,21.8,23.279396,-1.4793960571289055,1.4793960571289055
8,1.0,0.66164577,0.338354229927063,0.338354229927063
8,20.1,18.173508,1.926492309570314,1.926492309570314
8,1.0,1.2714987,-0.2714986801147461,0.2714986801147461
8,6.2,10.999443,-4.799443054199219,4.799443054199219
8,2.1,1.7684697,0.3315303087234498,0.3315303087234498
8,27.1,32.457058,-5.357057952880858,5.357057952880858
8,18.3,13.559372,4.740628051757813,4.740628051757813
8,0.4,0.35430974,0.04569026231765749,0.04569026231765749
8,3.3,3.9616647,-0.6616646766662599,0.6616646766662599
8,30.5,45.652637,-15.152637481689453,15.152637481689453
8,9.5,5.7060184,3.7939815521240234,3.7939815521240234
8,0.3,0.19656575,0.10343425273895263,0.10343425273895263
8,2.1,1.5211343,0.5788657426834107,0.5788657426834107
8,28.8,24.864038,3.935961532592774,3.935961532592774
8,24.700000000000003,19.507933,5.192067337036136,5.192067337036136
8,3.1,2.5442975,0.5557025432586671,0.5557025432586671
8,0.5,3.2687337,-2.7687337398529053,2.7687337398529053
8,1.5000000000000002,1.5585228,-0.05852282047271706,0.05852282047271706
8,0.8,0.47995377,0.3200462341308594,0.3200462341308594
8,7.3,11.967256,-4.667255592346192,4.667255592346192
8,2.3,2.1784098,0.1215901851654051,0.1215901851654051
8,0.5,-0.24439582,0.7443958222866058,0.7443958222866058
8,5.8,5.6942534,0.10574655532836896,0.10574655532836896
8,24.4,30.248955,-5.84895477294922,5.84895477294922
8,27.4,34.895317,-7.49531707763672,7.49531707763672
8,6.5,2.0371177,4.4628822803497314,4.4628822803497314
8,2.1,1.1777359,0.9222640752792359,0.9222640752792359
8,12.4,0.019081904,12.380918096378446,12.380918096378446
8,13.1,21.132032,-8.03203239440918,8.03203239440918
8,1.1,2.504485,-1.4044848918914794,1.4044848918914794
8,5.4,7.563087,-2.1630869865417477,2.1630869865417477
8,16.1,2.7105312,13.38946876525879,13.38946876525879
8,24.8,19.531975,5.268025207519532,5.268025207519532
8,21.4,12.055922,9.344078445434569,9.344078445434569
8,35.6,28.681833,6.918166732788087,6.918166732788087
8,16.6,17.956448,-1.356447601318358,1.356447601318358
8,19.9,13.63432,6.26567974090576,6.26567974090576
8,1.1,0.5424042,0.5575958251953126,0.5575958251953126
8,4.4,4.579706,-0.1797061920166012,0.1797061920166012
8,3.9,3.836214,0.0637859344482421,0.0637859344482421
8,21.9,18.498352,3.4016479492187486,3.4016479492187486
8,21.9,23.449118,-1.5491176605224624,1.5491176605224624
8,2.0,1.088562,0.91143798828125,0.91143798828125
8,17.5,14.263432,3.2365684509277344,3.2365684509277344
8,3.6,2.7955835,0.8044165134429933,0.8044165134429933
8,2.3,2.9203231,-0.6203231334686281,0.6203231334686281
8,45.199999999999996,41.51818,3.681819152832027,3.681819152832027
8,37.6,33.553314,4.046685791015626,4.046685791015626
8,0.5,0.30926144,0.19073855876922607,0.19073855876922607
8,2.1,1.339323,0.7606769561767579,0.7606769561767579
8,20.0,22.801132,-2.8011322021484375,2.8011322021484375
8,3.3,2.189113,1.1108870983123778,1.1108870983123778
8,30.3,31.012245,-0.7122451782226555,0.7122451782226555
8,10.3,7.704966,2.5950339317321784,2.5950339317321784
8,2.7,1.5706515,1.1293484687805178,1.1293484687805178
8,2.3,0.9751816,1.324818420410156,1.324818420410156
8,8.9,8.436777,0.4632228851318363,0.4632228851318363
8,7.9,6.194688,1.7053121566772464,1.7053121566772464
8,51.4,51.785034,-0.3850341796875014,0.3850341796875014
8,0.6,-0.23344411,0.8334441095590591,0.8334441095590591
8,15.1,14.216798,0.8832021713256832,0.8832021713256832
8,25.8,26.47421,-0.6742107391357415,0.6742107391357415
8,56.9,56.691223,0.20877685546874858,0.20877685546874858
8,9.8,13.125736,-3.325736236572265,3.325736236572265
8,17.5,15.373803,2.12619686126709,2.12619686126709
8,44.8,44.795174,0.004826354980465908,0.004826354980465908
8,55.6,57.772552,-2.1725524902343736,2.1725524902343736
8,5.9,5.044319,0.8556808471679691,0.8556808471679691
8,16.7,11.331918,5.368082237243652,5.368082237243652
8,1.0,2.5740714,-1.5740714073181152,1.5740714073181152
8,38.4,39.68749,-1.2874885559082045,1.2874885559082045
8,4.7,4.5061736,0.19382638931274432,0.19382638931274432
8,51.3,48.09126,3.2087409973144503,3.2087409973144503
8,5.8,4.473803,1.3261969566345213,1.3261969566345213
8,13.5,11.498163,2.0018367767333984,2.0018367767333984
8,8.0,7.2955804,0.7044196128845215,0.7044196128845215
8,56.2,54.15705,2.0429489135742216,2.0429489135742216
8,8.0,9.149956,-1.1499557495117188,1.1499557495117188
8,26.3,19.81993,6.480070877075196,6.480070877075196
8,47.5,48.449245,-0.9492454528808594,0.9492454528808594
8,63.3,63.248013,0.05198745727538778,0.05198745727538778
8,61.0,60.317997,0.6820030212402344,0.6820030212402344
8,55.2,54.970154,0.22984619140625284,0.22984619140625284
8,19.3,17.869884,1.4301155090332038,1.4301155090332038
8,58.6,57.12065,1.479348754882814,1.479348754882814
8,60.3,60.759285,-0.4592849731445341,0.4592849731445341
8,60.7,56.87947,3.8205291748046903,3.8205291748046903
8,58.3,59.162846,-0.8628456115722685,0.8628456115722685
8,60.3,59.622852,0.677147674560544,0.677147674560544
8,60.8,62.245857,-1.445857238769534,1.445857238769534
8,58.1,58.1354,-0.03539886474609233,0.03539886474609233
8,58.4,56.07889,2.321108245849608,2.321108245849608
8,45.6,43.370075,2.2299247741699233,2.2299247741699233
8,31.0,26.619614,4.3803863525390625,4.3803863525390625
8,27.1,29.705181,-2.6051811218261705,2.6051811218261705
8,55.8,56.645557,-0.845557403564456,0.845557403564456
8,4.8,3.4914956,1.3085043907165526,1.3085043907165526
8,7.1,6.2927704,0.8072296142578121,0.8072296142578121
8,6.9,7.828755,-0.928754901885986,0.928754901885986
8,27.8,30.136602,-2.3366024017333977,2.3366024017333977
8,55.8,57.711834,-1.9118339538574247,1.9118339538574247
8,46.0,46.98881,-0.9888114929199219,0.9888114929199219
8,47.6,48.203682,-0.6036819458007798,0.6036819458007798
8,55.3,59.8403,-4.540301513671878,4.540301513671878
8,53.5,55.916508,-2.4165077209472656,2.4165077209472656
8,53.2,56.857815,-3.6578147888183565,3.6578147888183565
8,52.4,56.40172,-4.001718139648439,4.001718139648439
8,52.8,56.732365,-3.9323646545410185,3.9323646545410185
8,53.4,56.716053,-3.3160530090332045,3.3160530090332045
8,50.0,51.132305,-1.1323051452636719,1.1323051452636719
8,25.7,21.962883,3.7371170043945305,3.7371170043945305
8,8.8,6.59596,2.2040398597717292,2.2040398597717292
8,3.7,2.776847,0.9231531143188478,0.9231531143188478
8,2.3,2.074756,0.225244092941284,0.225244092941284
8,8.8,8.383381,0.4166191101074226,0.4166191101074226
8,18.1,19.035046,-0.9350456237792955,0.9350456237792955
8,43.8,43.869385,-0.06938476562500284,0.06938476562500284
8,2.7,1.1740693,1.525930714607239,1.525930714607239
8,23.4,25.261522,-1.8615222930908217,1.8615222930908217
8,4.3,4.8351135,-0.5351135253906252,0.5351135253906252
8,4.5,3.3127673,1.1872327327728271,1.1872327327728271
8,33.1,37.453194,-4.35319366455078,4.35319366455078
8,29.9,29.576263,0.3237365722656236,0.3237365722656236
8,48.00000000000001,51.41442,-3.4144210815429616,3.4144210815429616
8,40.9,41.465412,-0.5654121398925795,0.5654121398925795
8,43.6,44.567455,-0.9674552917480455,0.9674552917480455
8,32.2,33.290825,-1.090824890136716,1.090824890136716
8,42.3,43.480534,-1.1805335998535185,1.1805335998535185
8,47.8,48.48574,-0.6857406616210966,0.6857406616210966
8,50.3,49.022194,1.277806091308591,1.277806091308591
8,49.400000000000006,48.496483,0.9035171508789119,0.9035171508789119
8,46.599999999999994,45.786587,0.8134132385253849,0.8134132385253849
8,48.699999999999996,48.212902,0.48709793090819886,0.48709793090819886
8,47.1,45.417164,1.6828361511230483,1.6828361511230483
8,48.00000000000001,46.663155,1.3368453979492259,1.3368453979492259
8,21.7,21.89668,-0.1966808319091804,0.1966808319091804
8,3.9,2.208239,1.6917609214782714,1.6917609214782714
8,19.0,21.86442,-2.864419937133789,2.864419937133789
8,27.0,29.810251,-2.810251235961914,2.810251235961914
8,25.1,22.124817,2.9751831054687514,2.9751831054687514
8,46.0,43.88225,2.117748260498047,2.117748260498047
8,30.2,28.470428,1.7295715332031243,1.7295715332031243
8,28.5,29.899714,-1.3997135162353516,1.3997135162353516
8,24.9,27.947695,-3.0476947784423842,3.0476947784423842
8,41.4,42.069366,-0.6693664550781264,0.6693664550781264
8,40.8,40.39701,0.4029891967773409,0.4029891967773409
8,28.7,31.34113,-2.6411293029785163,2.6411293029785163
8,5.7,5.6485515,0.05144853591918963,0.05144853591918963
8,37.3,37.70579,-0.4057914733886747,0.4057914733886747
8,42.1,41.040703,1.0592971801757827,1.0592971801757827
8,42.2,41.733818,0.4661819458007841,0.4661819458007841
8,40.8,40.403847,0.3961532592773409,0.3961532592773409
8,32.7,36.304623,-3.6046226501464815,3.6046226501464815
8,37.9,37.86202,0.037981414794920454,0.037981414794920454
8,22.3,22.180414,0.11958580017089915,0.11958580017089915
8,33.5,29.049513,4.45048713684082,4.45048713684082
8,39.7,39.437077,0.2629234313964872,0.2629234313964872
8,39.6,39.43196,0.16803894042968892,0.16803894042968892
8,22.4,23.57275,-1.1727500915527358,1.1727500915527358
8,38.4,36.6018,1.7982009887695298,1.7982009887695298
8,37.3,36.302376,0.9976242065429659,0.9976242065429659
8,33.0,33.29503,-0.2950286865234375,0.2950286865234375
8,27.6,24.992575,2.6074253082275405,2.6074253082275405
8,38.6,34.163616,4.4363838195800795,4.4363838195800795
8,28.1,35.77462,-7.674620056152342,7.674620056152342
8,19.9,23.830711,-3.930711364746095,3.930711364746095
8,27.2,28.881458,-1.6814582824707038,1.6814582824707038
8,27.5,27.26528,0.23472023010253906,0.23472023010253906
8,17.0,17.332384,-0.3323841094970703,0.3323841094970703
8,19.1,19.456314,-0.3563140869140611,0.3563140869140611
8,31.0,31.243471,-0.2434711456298828,0.2434711456298828
8,33.3,33.57092,-0.2709190368652372,0.2709190368652372
8,38.0,33.94013,4.059871673583984,4.059871673583984
8,29.2,30.521051,-1.3210514068603523,1.3210514068603523
8,28.0,32.830044,-4.830043792724609,4.830043792724609
8,27.1,25.930117,1.1698833465576186,1.1698833465576186
8,17.4,22.026012,-4.626012420654298,4.626012420654298
8,25.5,25.48292,0.017080307006835938,0.017080307006835938
8,22.3,22.98288,-0.6828796386718743,0.6828796386718743
8,20.4,21.368109,-0.9681087493896499,0.9681087493896499
8,2.0,18.033833,-16.033832550048828,16.033832550048828
9,0.9,20.096344,-19.196343994140626,19.196343994140626
9,27.4,19.852966,7.547033691406249,7.547033691406249
9,1.6,16.524302,-14.924301528930664,14.924301528930664
9,9.0,6.6352415,2.3647584915161133,2.3647584915161133
9,0.2,0.34696344,-0.14696343541145324,0.14696343541145324
9,0.7,-1.1908432,1.8908432245254516,1.8908432245254516
9,1.4,3.747648,-2.347648000717163,2.347648000717163
9,12.3,5.5717688,6.728231239318848,6.728231239318848
9,7.6,4.3983927,3.2016073226928707,3.2016073226928707
9,0.6,1.39657,-0.7965699672698975,0.7965699672698975
9,1.4,1.2747543,0.12524571418762198,0.12524571418762198
9,1.1,0.8745726,0.22542742490768441,0.22542742490768441
9,0.1,0.9682199,-0.8682198762893677,0.8682198762893677
9,9.8,5.050915,4.749085235595704,4.749085235595704
9,6.1,3.7958622,2.304137802124023,2.304137802124023
9,28.9,22.256935,6.643064880371092,6.643064880371092
9,18.4,15.0053,3.394700431823729,3.394700431823729
9,15.5,10.298487,5.201513290405273,5.201513290405273
9,56.5,50.3272,6.172798156738281,6.172798156738281
9,2.0,1.8318323,0.16816771030426025,0.16816771030426025
9,28.8,25.069096,3.730904388427735,3.730904388427735
9,2.4,2.7435038,-0.3435038089752198,0.3435038089752198
9,3.3,3.9629421,-0.6629421234130861,0.6629421234130861
9,1.0,0.5253634,0.47463661432266235,0.47463661432266235
9,3.5,3.7107303,-0.21073031425476074,0.21073031425476074
9,4.1,4.163429,-0.0634287834167484,0.0634287834167484
9,5.5,4.579706,0.9202938079833984,0.9202938079833984
9,1.5000000000000002,1.9904876,-0.49048757553100564,0.49048757553100564
9,29.5,32.010918,-2.5109176635742188,2.5109176635742188
9,5.2,4.560297,0.6397029876708986,0.6397029876708986
9,26.6,30.899075,-4.299074554443358,4.299074554443358
9,1.3,1.1630297,0.136970329284668,0.136970329284668
9,19.7,24.856842,-5.156842041015626,5.156842041015626
9,2.3,2.1176133,0.18238668441772443,0.18238668441772443
9,50.0,51.560486,-1.56048583984375,1.56048583984375
9,58.0,54.35164,3.6483612060546875,3.6483612060546875
9,55.9,56.96443,-1.064431762695314,1.064431762695314
9,2.5,2.7516484,-0.2516484260559082,0.2516484260559082
9,28.5,25.03101,3.4689903259277344,3.4689903259277344
9,9.3,6.278285,3.0217149734497077,3.0217149734497077
9,2.2,1.9530967,0.2469032526016237,0.2469032526016237
9,13.3,12.668962,0.6310384750366218,0.6310384750366218
9,20.3,20.572063,-0.27206344604492116,0.27206344604492116
9,63.9,60.447628,3.452371978759764,3.452371978759764
9,64.6,60.515553,4.084447479248041,4.084447479248041
9,64.0,59.370003,4.629997253417969,4.629997253417969
9,65.3,64.08653,1.2134674072265597,1.2134674072265597
9,78.65,64.76153,13.888471984863287,13.888471984863287
9,34.95,63.9579,-29.00790100097656,29.00790100097656
9,4.6,3.306729,1.293270921707153,1.293270921707153
9,46.8,34.111343,12.688656616210935,12.688656616210935
9,49.400000000000006,40.00003,9.39996948242188,9.39996948242188
9,16.3,14.437393,1.8626068115234382,1.8626068115234382
9,54.9,48.35575,6.544248962402342,6.544248962402342
9,67.9,61.512844,6.387155914306646,6.387155914306646
9,66.0,60.273815,5.726184844970703,5.726184844970703
9,62.7,61.64393,1.0560714721679716,1.0560714721679716
9,65.3,63.237617,2.062382507324216,2.062382507324216
9,58.0,58.970306,-0.970306396484375,0.970306396484375
9,3.0000000000000004,1.4701602,1.5298397541046147,1.5298397541046147
9,10.7,9.234747,1.4652530670166009,1.4652530670166009
9,6.000000000000001,5.2225823,0.7774176597595224,0.7774176597595224
9,16.7,15.50221,1.197790336608886,1.197790336608886
9,5.4,4.2356105,1.164389514923096,1.164389514923096
9,30.6,30.413132,0.18686828613281392,0.18686828613281392
9,31.6,33.44115,-1.8411506652832017,1.8411506652832017
9,35.2,34.513447,0.6865531921386747,0.6865531921386747
9,4.3,6.0556016,-1.7556015968322756,1.7556015968322756
9,32.7,39.05606,-6.356060791015622,6.356060791015622
9,30.5,34.051823,-3.5518226623535156,3.5518226623535156
9,36.1,32.773094,3.3269058227539077,3.3269058227539077
9,34.6,34.729008,-0.1290077209472642,0.1290077209472642
9,2.3,2.2912405,0.008759546279907049,0.008759546279907049
9,1.5000000000000002,1.7087713,-0.20877134799957253,0.20877134799957253
9,36.6,38.749504,-2.1495040893554673,2.1495040893554673
9,16.9,15.21349,1.6865104675292955,1.6865104675292955
9,20.7,21.509382,-0.8093822479248054,0.8093822479248054
9,52.8,51.15642,1.643578338623044,1.643578338623044
9,63.1,60.787655,2.312345123291017,2.312345123291017
9,62.9,60.612724,2.28727569580078,2.28727569580078
9,57.9,58.480465,-0.5804649353027358,0.5804649353027358
9,59.7,57.176636,2.523364257812503,2.523364257812503
9,53.7,53.224094,0.4759056091308622,0.4759056091308622
9,33.6,36.24127,-2.641268157958983,2.641268157958983
9,37.6,31.445387,6.154613113403322,6.154613113403322
9,49.7,48.883873,0.8161270141601591,0.8161270141601591
9,58.8,56.711296,2.0887039184570284,2.0887039184570284
9,58.6,57.4236,1.176400756835939,1.176400756835939
9,56.9,55.3039,1.5960983276367173,1.5960983276367173
9,56.0,55.116703,0.8832969665527344,0.8832969665527344
9,54.9,56.48002,-1.5800186157226577,1.5800186157226577
9,40.2,36.13867,4.061328125000003,4.061328125000003
9,1.3,-1.474916,2.7749159812927244,2.7749159812927244
9,3.8,2.9299324,0.8700676441192625,0.8700676441192625
9,12.6,11.471611,1.128388977050781,1.128388977050781
9,15.45,36.17104,-20.72103958129883,20.72103958129883
9,18.3,18.428825,-0.12882537841796804,0.12882537841796804
9,13.8,10.600176,3.1998241424560554,3.1998241424560554
9,3.7,2.8597445,0.8402554512023928,0.8402554512023928
9,8.7,7.0750837,1.6249162673950188,1.6249162673950188
9,56.7,52.629696,4.0703041076660185,4.0703041076660185
9,50.4,43.559395,6.840605163574217,6.840605163574217
9,15.6,16.561039,-0.961038970947266,0.961038970947266
9,13.1,12.392807,0.7071929931640621,0.7071929931640621
9,51.6,50.17321,1.4267898559570327,1.4267898559570327
9,29.4,27.060055,2.339945220947264,2.339945220947264
9,41.8,34.90338,6.896618652343747,6.896618652343747
9,50.3,46.478798,3.821202087402341,3.821202087402341
9,49.9,47.306442,2.593557739257811,2.593557739257811
9,49.3,47.32848,1.971520233154294,1.971520233154294
9,49.6,46.718132,2.8818679809570327,2.8818679809570327
9,47.5,44.533302,2.9666976928710938,2.9666976928710938
9,35.7,34.254135,1.4458648681640653,1.4458648681640653
9,34.8,37.19549,-2.395491790771487,2.395491790771487
9,31.3,29.242987,2.0570133209228523,2.0570133209228523
9,13.3,11.609078,1.690921592712403,1.690921592712403
9,11.7,9.258931,2.4410688400268548,2.4410688400268548
9,32.8,31.572468,1.227532196044919,1.227532196044919
9,30.9,27.721292,3.1787075042724595,3.1787075042724595
9,23.8,23.471413,0.32858734130859446,0.32858734130859446
9,46.8,45.067253,1.7327468872070284,1.7327468872070284
9,23.8,23.415598,0.38440208435058665,0.38440208435058665
9,22.9,22.407906,0.49209442138671733,0.49209442138671733
9,6.4,6.351573,0.048427009582519887,0.048427009582519887
9,26.5,30.796045,-4.296045303344727,4.296045303344727
9,27.4,24.68289,2.7171100616455064,2.7171100616455064
9,46.1,44.39522,1.7047782897949233,1.7047782897949233
9,7.2,6.7962785,0.4037215232849123,0.4037215232849123
9,9.3,7.933368,1.3666317939758308,1.3666317939758308
9,26.4,26.239193,0.1608070373535142,0.1608070373535142
9,21.0,22.76547,-1.7654705047607422,1.7654705047607422
9,33.7,36.99373,-3.2937286376953097,3.2937286376953097
9,43.4,45.310604,-1.9106040954589858,1.9106040954589858
9,42.8,41.152023,1.6479766845703097,1.6479766845703097
9,42.7,39.617325,3.0826751708984403,3.0826751708984403
9,40.1,34.668724,5.431275939941408,5.431275939941408
9,34.3,33.86876,0.43124084472655966,0.43124084472655966
9,32.4,33.236156,-0.8361564636230483,0.8361564636230483
9,17.9,17.964249,-0.06424865722656392,0.06424865722656392
9,20.9,24.721851,-3.8218513488769545,3.8218513488769545
9,4.9,3.331452,1.5685481071472172,1.5685481071472172
9,38.2,35.51494,2.6850616455078153,2.6850616455078153
9,39.6,38.58816,1.011838531494142,1.011838531494142
9,30.4,26.019524,4.38047637939453,4.38047637939453
9,31.7,30.253498,1.4465019226074212,1.4465019226074212
9,34.8,33.150543,1.6494567871093722,1.6494567871093722
9,14.6,23.543242,-8.943241500854493,8.943241500854493
9,28.7,30.283335,-1.5833347320556648,1.5833347320556648
9,28.4,32.043064,-3.643064117431642,3.643064117431642
9,30.7,33.98823,-3.2882316589355476,3.2882316589355476
9,33.1,33.261917,-0.16191711425781108,0.16191711425781108
9,34.7,38.066307,-3.366307067871091,3.366307067871091
9,34.5,33.801434,0.6985664367675781,0.6985664367675781
9,20.6,23.89072,-3.290720367431639,3.290720367431639
9,35.8,36.59816,-0.7981597900390653,0.7981597900390653
9,33.5,33.767174,-0.26717376708984375,0.26717376708984375
9,9.8,12.302447,-2.502447319030761,2.502447319030761
9,31.3,28.547104,2.752896118164063,2.752896118164063
9,36.1,34.98911,1.1108909606933608,1.1108909606933608
9,20.5,22.614548,-2.1145477294921875,2.1145477294921875
9,9.8,7.892215,1.9077852249145515,1.9077852249145515
9,16.2,18.237885,-2.0378845214843757,2.0378845214843757
9,24.2,27.295969,-3.0959690093994148,3.0959690093994148
9,33.5,33.489697,0.010303497314453125,0.010303497314453125
9,12.3,13.379993,-1.0799934387207024,1.0799934387207024
9,30.7,31.781996,-1.0819957733154304,1.0819957733154304
9,26.1,26.804106,-0.7041057586669908,0.7041057586669908
9,33.2,36.887356,-3.6873558044433565,3.6873558044433565
9,32.9,30.94589,1.9541095733642564,1.9541095733642564
9,34.4,34.07183,0.32816925048827983,0.32816925048827983
9,20.6,19.973238,0.6267620086669936,0.6267620086669936
9,31.1,27.05197,4.048030471801759,4.048030471801759
9,10.3,10.174319,0.1256807327270515,0.1256807327270515
9,32.8,34.173397,-1.3733970642089872,1.3733970642089872
9,32.4,32.629055,-0.2290550231933608,0.2290550231933608
9,32.1,32.16514,-0.06513824462890483,0.06513824462890483
9,32.5,33.693565,-1.1935653686523438,1.1935653686523438
9,33.1,32.19826,0.9017387390136733,0.9017387390136733
9,32.5,33.424694,-0.9246940612792969,0.9246940612792969
9,32.3,31.461424,0.83857612609863,0.83857612609863
9,32.8,32.15159,0.6484115600585909,0.6484115600585909
9,34.8,32.34375,2.456249999999997,2.456249999999997
9,34.5,31.64011,2.8598899841308594,2.8598899841308594
9,36.3,34.45671,1.8432891845703097,1.8432891845703097
9,34.2,31.537863,2.662137222290042,2.662137222290042
9,33.5,30.540442,2.9595584869384766,2.9595584869384766
9,32.1,28.070616,4.029384231567384,4.029384231567384
9,24.000000000000004,18.521566,5.478433609008793,5.478433609008793
9,29.4,27.979141,1.420858764648436,1.420858764648436
9,35.8,34.609276,1.1907241821289034,1.1907241821289034
9,35.0,34.702126,0.29787445068359375,0.29787445068359375
9,18.4,16.265991,2.1340087890624986,2.1340087890624986
9,26.1,26.332045,-0.23204460144042827,0.23204460144042827
9,28.6,28.056454,0.543546295166017,0.543546295166017
9,18.5,15.997928,2.502072334289551,2.502072334289551
9,34.6,31.262268,3.3377319335937514,3.3377319335937514
9,37.5,36.847137,0.652862548828125,0.652862548828125
9,37.4,36.022312,1.377687835693358,1.377687835693358
9,33.5,30.37279,3.1272106170654297,3.1272106170654297
9,24.700000000000003,25.380997,-0.6809967041015597,0.6809967041015597
9,31.9,31.95668,-0.05668029785156392,0.05668029785156392
9,29.6,32.042767,-2.4427665710449205,2.4427665710449205
9,34.3,36.03846,-1.738459777832034,1.738459777832034
9,35.8,39.958057,-4.158057403564456,4.158057403564456
9,36.1,38.764587,-2.6645874023437486,2.6645874023437486
9,36.7,37.545456,-0.8454559326171847,0.8454559326171847
9,35.6,34.469532,1.1304679870605483,1.1304679870605483
9,23.4,18.28683,5.113169097900389,5.113169097900389
9,7.8,5.155878,2.6441219329833983,2.6441219329833983
9,38.9,41.181995,-2.2819953918457045,2.2819953918457045
9,27.4,27.081114,0.3188861846923814,0.3188861846923814
9,31.2,29.666092,1.5339080810546868,1.5339080810546868
9,39.8,41.547226,-1.7472259521484403,1.7472259521484403
9,35.4,35.9439,-0.5439010620117202,0.5439010620117202
9,32.1,37.38506,-5.285059356689452,5.285059356689452
9,41.4,43.40606,-2.00605926513672,2.00605926513672
9,30.2,32.454006,-2.25400619506836,2.25400619506836
9,36.5,38.33966,-1.83966064453125,1.83966064453125
9,5.7,6.778955,-1.0789549827575682,1.0789549827575682
9,40.3,44.677216,-4.377215576171878,4.377215576171878
9,32.3,30.411364,1.8886363983154268,1.8886363983154268
9,40.6,38.318855,2.28114471435547,2.28114471435547
9,31.1,30.970068,0.12993202209472798,0.12993202209472798
9,33.0,35.097145,-2.0971450805664062,2.0971450805664062
9,38.3,38.317936,-0.017935943603518467,0.017935943603518467
9,36.3,35.365322,0.9346778869628878,0.9346778869628878
9,22.7,24.938877,-2.2388771057128913,2.2388771057128913
9,43.3,43.940777,-0.6407768249511747,0.6407768249511747
9,12.5,12.030773,0.4692268371582031,0.4692268371582031
9,33.5,36.597584,-3.097583770751953,3.097583770751953
9,32.3,29.981962,2.318037796020505,2.318037796020505
9,4.7,2.7384837,1.961516332626343,1.961516332626343
9,48.9,49.340176,-0.4401756286621108,0.4401756286621108
9,48.00000000000001,50.54417,-2.5441703796386648,2.5441703796386648
9,48.00000000000001,50.21018,-2.2101783752441335,2.2101783752441335
9,47.8,47.524204,0.27579574584960653,0.27579574584960653
9,47.8,48.025112,-0.22511215209961222,0.22511215209961222
9,28.6,47.367775,-18.767774963378905,18.767774963378905
9,47.7,39.063503,8.636496734619143,8.636496734619143
9,36.4,32.796677,3.603323364257811,3.603323364257811
9,30.8,24.449526,6.350474166870118,6.350474166870118
9,48.3,48.82573,-0.5257293701171903,0.5257293701171903
9,49.3,47.6649,1.6350982666015597,1.6350982666015597
9,34.4,35.756897,-1.3568969726562514,1.3568969726562514
9,48.2,46.361153,1.8388473510742216,1.8388473510742216
9,51.49999999999999,53.295372,-1.7953720092773509,1.7953720092773509
9,52.7,51.083557,1.6164428710937528,1.6164428710937528
9,29.4,34.117325,-4.717324829101564,4.717324829101564
9,45.0,43.68656,1.3134384155273438,1.3134384155273438
9,25.9,26.408615,-0.5086151123046889,0.5086151123046889
9,6.7,6.1706076,0.5293924331665041,0.5293924331665041
9,23.9,24.6477,-0.747699356079103,0.747699356079103
9,49.7,53.105698,-3.4056976318359347,3.4056976318359347
9,31.3,28.720903,2.5790966033935554,2.5790966033935554
9,48.699999999999996,45.044186,3.6558143615722614,3.6558143615722614
9,48.2,48.15217,0.04783172607422159,0.04783172607422159
9,50.0,51.659363,-1.65936279296875,1.65936279296875
9,54.5,55.314243,-0.8142433166503906,0.8142433166503906
9,45.1,44.533657,0.566342926025392,0.566342926025392
9,23.6,20.031364,3.5686355590820327,3.5686355590820327
9,59.2,56.97702,2.222979736328128,2.222979736328128
9,59.8,58.93379,0.8662117004394503,0.8662117004394503
9,59.6,59.46961,0.1303916931152358,0.1303916931152358
9,59.0,58.526623,0.4733772277832031,0.4733772277832031
9,28.7,28.869495,-0.16949539184570384,0.16949539184570384
9,23.4,21.193285,2.2067150115966783,2.2067150115966783
9,12.000000000000002,10.221084,1.7789163589477557,1.7789163589477557
9,10.3,7.7797813,2.5202186584472663,2.5202186584472663
9,5.9,4.4564443,1.4435557365417484,1.4435557365417484
9,4.1,2.5513132,1.548686838150024,1.548686838150024
9,17.4,18.386839,-0.9868389129638686,0.9868389129638686
9,38.6,36.019764,2.5802360534667983,2.5802360534667983
9,25.1,20.516356,4.583644485473634,4.583644485473634
9,19.3,19.685787,-0.38578720092773366,0.38578720092773366
9,11.6,12.409744,-0.8097442626953129,0.8097442626953129
9,38.4,39.6544,-1.2543998718261733,1.2543998718261733
9,11.5,11.243203,0.25679683685302734,0.25679683685302734
9,5.5,4.296007,1.2039928436279297,1.2039928436279297
9,3.9,4.1256104,-0.2256103515625001,0.2256103515625001
9,14.4,17.185457,-2.7854572296142575,2.7854572296142575
9,4.4,4.314475,0.08552494049072301,0.08552494049072301
9,8.7,7.555967,1.1440331459045403,1.1440331459045403
9,22.0,16.67743,5.32257080078125,5.32257080078125
9,50.7,48.34451,2.3554908752441435,2.3554908752441435
9,27.9,25.269365,2.6306346893310533,2.6306346893310533
9,37.2,35.866478,1.333522033691409,1.333522033691409
9,58.3,58.79763,-0.4976303100585966,0.4976303100585966
9,5.6,4.048646,1.5513540267944332,1.5513540267944332
9,54.2,48.28283,5.917170715332034,5.917170715332034
9,17.4,18.654488,-1.2544876098632827,1.2544876098632827
9,9.7,11.4134655,-1.7134654998779304,1.7134654998779304
9,2.8,4.036374,-1.236374092102051,1.236374092102051
9,20.3,22.263573,-1.963572692871093,1.963572692871093
9,2.2,2.5732794,-0.37327938079833967,0.37327938079833967
9,4.8,5.1970253,-0.3970252990722658,0.3970252990722658
9,6.7,4.2722898,2.427710247039795,2.427710247039795
9,38.4,38.336277,0.06372299194335795,0.06372299194335795
9,41.1,39.51852,1.581479644775392,1.581479644775392
9,59.0,57.09088,1.90911865234375,1.90911865234375
9,16.0,15.114481,0.8855190277099609,0.8855190277099609
9,2.4,2.3633351,0.03666486740112296,0.03666486740112296
9,2.0,1.6113403,0.3886597156524658,0.3886597156524658
9,8.0,8.762621,-0.7626209259033203,0.7626209259033203
9,30.2,30.25249,-0.05248908996582102,0.05248908996582102
9,1.6,0.8364183,0.7635817289352418,0.7635817289352418
9,21.7,24.634932,-2.9349315643310554,2.9349315643310554
9,6.9,6.438495,0.46150484085083043,0.46150484085083043
9,19.1,17.822046,1.2779537200927749,1.2779537200927749
9,22.2,22.558355,-0.35835533142089915,0.35835533142089915
9,9.6,10.336663,-0.7366632461547855,0.7366632461547855
9,3.9,1.8588037,2.0411962509155273,2.0411962509155273
9,1.8,1.6816422,0.11835782527923588,0.11835782527923588
9,19.4,22.73899,-3.3389907836914077,3.3389907836914077
9,2.9,2.3947647,0.5052353382110595,0.5052353382110595
9,1.4,2.229912,-0.8299120426177979,0.8299120426177979
9,15.8,18.106401,-2.3064014434814446,2.3064014434814446
9,8.4,5.572367,2.827632808685303,2.827632808685303
9,17.4,16.163204,1.2367958068847642,1.2367958068847642
9,8.3,8.233472,0.06652812957763743,0.06652812957763743
9,33.0,36.08626,-3.086261749267578,3.086261749267578
9,0.9,-0.45230436,1.3523043632507323,1.3523043632507323
9,4.0,2.1721742,1.8278257846832275,1.8278257846832275
9,2.4,2.6592853,-0.2592853069305421,0.2592853069305421
9,1.2,1.4353765,-0.23537652492523198,0.23537652492523198
9,8.8,8.570466,0.2295339584350593,0.2295339584350593
9,12.2,12.6773,-0.47730045318603587,0.47730045318603587
9,4.6,4.8081956,-0.20819559097290075,0.20819559097290075
9,16.8,15.32842,1.4715803146362312,1.4715803146362312
9,4.2,3.2152815,0.9847185134887697,0.9847185134887697
9,23.5,14.457499,9.042501449584961,9.042501449584961
9,15.4,13.105788,2.2942117691040043,2.2942117691040043
9,4.1,3.5922651,0.5077348709106442,0.5077348709106442
9,1.1,1.6215243,-0.5215243339538573,0.5215243339538573
9,47.1,40.665924,6.434075927734376,6.434075927734376
9,3.8,3.7713902,0.02860980033874494,0.02860980033874494
9,48.1,43.550198,4.549802398681642,4.549802398681642
9,51.4,49.280243,2.1197570800781236,2.1197570800781236
9,49.2,48.470116,0.7298843383789091,0.7298843383789091
9,24.1,27.610172,-3.510172271728514,3.510172271728514
9,29.7,27.875492,1.8245079040527337,1.8245079040527337
9,3.2,3.3953812,-0.1953812122344969,0.1953812122344969
9,1.5000000000000002,1.5988373,-0.09883725643157937,0.09883725643157937
9,2.5,2.104496,0.3955039978027344,0.3955039978027344
9,46.599999999999994,46.66446,-0.06445922851563068,0.06445922851563068
9,0.6,0.66630274,-0.06630274057388308,0.06630274057388308
9,10.9,10.046868,0.8531316757202152,0.8531316757202152
9,4.5,3.6372085,0.8627915382385254,0.8627915382385254
9,15.2,14.862306,0.3376943588256829,0.3376943588256829
9,0.4,0.4208726,-0.020872598886489846,0.020872598886489846
9,21.8,19.119892,2.6801078796386726,2.6801078796386726
9,12.6,11.93871,0.6612897872924801,0.6612897872924801
9,13.1,15.5313015,-2.4313014984130863,2.4313014984130863
9,1.9,1.4115222,0.48847784996032706,0.48847784996032706
9,0.3,-0.02139039,0.3213903896510601,0.3213903896510601
9,24.8,30.18285,-5.382849884033202,5.382849884033202
9,1.2,0.9534274,0.2465726256370544,0.2465726256370544
9,3.6,3.4870977,0.11290225982666025,0.11290225982666025
9,13.7,6.4067693,7.293230724334716,7.293230724334716
9,8.4,15.86205,-7.462050056457519,7.462050056457519
9,7.3,8.076208,-0.7762081146240236,0.7762081146240236
9,3.6,3.7014763,-0.1014763355255126,0.1014763355255126
9,32.8,36.336002,-3.5360023498535185,3.5360023498535185
9,7.6,6.8978863,0.7021137237548825,0.7021137237548825
9,2.0,2.6966627,-0.6966626644134521,0.6966626644134521
9,32.5,31.658175,0.8418254852294922,0.8418254852294922
9,0.4,0.9792548,-0.5792547821998596,0.5792547821998596
9,1.1,1.1670316,-0.06703164577484122,0.06703164577484122
9,6.2,4.9430175,1.2569825172424318,1.2569825172424318
9,26.1,24.756006,1.3439937591552749,1.3439937591552749
9,4.0,4.669452,-0.6694521903991699,0.6694521903991699
9,22.8,22.6236,0.17639999389648509,0.17639999389648509
9,5.2,3.7001143,1.4998857498168947,1.4998857498168947
9,1.8,1.1939776,0.6060224056243897,0.6060224056243897
9,4.2,5.227912,-1.0279119491577147,1.0279119491577147
9,2.8,2.094326,0.7056739807128904,0.7056739807128904
9,21.7,22.206532,-0.5065315246582038,0.5065315246582038
9,18.4,17.146482,1.2535175323486314,1.2535175323486314
9,15.9,15.298047,0.6019529342651371,0.6019529342651371
9,5.9,4.579706,1.3202938079833988,1.3202938079833988
9,49.9,50.244843,-0.3448425292968764,0.3448425292968764
9,45.5,43.455273,2.044727325439453,2.044727325439453
9,2.5,1.8060086,0.6939914226531982,0.6939914226531982
9,10.6,7.5438733,3.0561266899108883,3.0561266899108883
9,6.7,4.809863,1.8901369094848635,1.8901369094848635
9,55.8,53.79881,2.0011909484863253,2.0011909484863253
9,50.0,45.984142,4.015857696533203,4.015857696533203
9,0.7,3.430322,-2.730321931838989,2.730321931838989
9,3.1,3.1808608,-0.0808607578277587,0.0808607578277587
9,43.9,40.10963,3.7903694152832017,3.7903694152832017
9,24.1,30.230215,-6.1302150726318345,6.1302150726318345
9,29.5,25.890924,3.6090755462646484,3.6090755462646484
9,2.8,2.457047,0.3429530143737791,0.3429530143737791
9,19.0,18.414192,0.5858078002929688,0.5858078002929688
9,11.9,9.146058,2.753941917419434,2.753941917419434
9,26.0,28.878283,-2.8782825469970703,2.8782825469970703
9,2.7,1.3133491,1.38665087223053,1.38665087223053
9,1.9,0.37986654,1.5201334595680236,1.5201334595680236
9,1.4,0.31765926,1.0823407411575316,1.0823407411575316
9,1.0,2.7942712,-1.7942712306976318,1.7942712306976318
9,18.2,20.6828,-2.4828002929687507,2.4828002929687507
9,48.4,42.078674,6.321325683593749,6.321325683593749
9,62.8,58.001625,4.798374938964841,4.798374938964841
9,51.7,44.881886,6.81811447143555,6.81811447143555
9,49.6,47.59653,2.003469085693361,2.003469085693361
9,35.4,34.206924,1.193075561523436,1.193075561523436
9,49.5,49.954338,-0.45433807373046875,0.45433807373046875
9,33.6,31.564877,2.035123443603517,2.035123443603517
9,30.8,27.431656,3.368344116210938,3.368344116210938
9,3.1,4.347026,-1.2470258712768554,1.2470258712768554
9,9.3,9.299002,0.000998306274414773,0.000998306274414773
9,57.2,56.18553,1.0144683837890653,1.0144683837890653
9,21.8,22.182594,-0.38259429931640554,0.38259429931640554
9,0.8,-0.9796956,1.7796956181526185,1.7796956181526185
9,15.8,16.081713,-0.2817127227783196,0.2817127227783196
9,38.3,38.398922,-0.09892196655273722,0.09892196655273722
9,24.3,24.369923,-0.06992263793945241,0.06992263793945241
9,46.1,42.384594,3.7154060363769545,3.7154060363769545
9,48.4,50.07428,-1.6742797851562514,1.6742797851562514
9,3.3,2.3028564,0.9971435546874998,0.9971435546874998
9,39.4,43.556026,-4.156026458740236,4.156026458740236
9,4.2,4.61282,-0.4128201484680174,0.4128201484680174
9,19.0,20.86617,-1.866170883178711,1.866170883178711
9,2.8,2.156686,0.6433139324188231,0.6433139324188231
9,55.6,53.328735,2.2712646484375014,2.2712646484375014
9,11.7,12.506674,-0.8066738128662116,0.8066738128662116
9,32.4,33.680172,-1.2801719665527358,1.2801719665527358
9,3.0000000000000004,3.1329718,-0.1329717636108394,0.1329717636108394
9,18.9,17.943712,0.9562877655029283,0.9562877655029283
9,20.3,21.01472,-0.7147209167480462,0.7147209167480462
9,2.3,1.1053474,1.1946526050567625,1.1946526050567625
9,1.5000000000000002,1.6126287,-0.1126286983489988,0.1126286983489988
9,11.5,10.382129,1.1178712844848633,1.1178712844848633
9,35.7,36.597435,-0.8974349975585909,0.8974349975585909
9,37.6,36.028137,1.5718627929687514,1.5718627929687514
9,2.2,1.1727864,1.0272136449813845,1.0272136449813845
9,23.8,23.642494,0.15750579833984446,0.15750579833984446
9,10.1,7.309501,2.790498828887939,2.790498828887939
9,53.5,52.069214,1.4307861328125,1.4307861328125
9,23.6,26.311693,-2.711693191528319,2.711693191528319
9,60.6,61.785866,-1.1858657836914048,1.1858657836914048
9,46.599999999999994,47.130287,-0.5302871704101619,0.5302871704101619
9,33.6,40.860336,-7.260336303710936,7.260336303710936
9,59.1,57.91274,1.1872611999511733,1.1872611999511733
9,58.1,57.799034,0.30096588134765767,0.30096588134765767
9,54.2,55.223026,-1.0230262756347628,1.0230262756347628
9,1.9,5.027942,-3.127942180633545,3.127942180633545
9,65.2,59.81011,5.38989181518555,5.38989181518555
9,65.4,59.227634,6.172365570068365,6.172365570068365
9,64.1,58.96722,5.13277969360351,5.13277969360351
9,62.4,57.042767,5.357233428955077,5.357233428955077
9,47.7,46.055164,1.6448356628417997,1.6448356628417997
9,57.8,55.836212,1.9637878417968722,1.9637878417968722
9,56.9,57.758877,-0.8588768005371108,0.8588768005371108
9,6.4,4.443142,1.956858062744141,1.956858062744141
9,63.9,58.9995,4.9004997253417955,4.9004997253417955
9,60.6,61.086918,-0.4869178771972642,0.4869178771972642
9,60.3,59.430313,0.8696868896484347,0.8696868896484347
9,58.9,57.034393,1.8656066894531236,1.8656066894531236
9,30.1,29.755701,0.34429893493652486,0.34429893493652486
9,57.5,53.477333,4.022666931152344,4.022666931152344
9,56.8,58.963806,-2.163806152343753,2.163806152343753
9,55.4,56.465923,-1.0659233093261733,1.0659233093261733
9,53.7,51.355145,2.344855499267581,2.344855499267581
9,53.4,53.315327,0.08467330932617045,0.08467330932617045
9,52.2,52.681747,-0.48174743652343466,0.48174743652343466
9,51.8,54.04554,-2.245539855957034,2.245539855957034
9,52.5,53.38611,-0.8861083984375,0.8861083984375
9,35.3,35.89586,-0.5958587646484403,0.5958587646484403
9,34.3,31.467236,2.8327644348144503,2.8327644348144503
9,55.7,56.98732,-1.2873199462890597,1.2873199462890597
9,51.7,53.80436,-2.1043594360351534,2.1043594360351534
9,42.4,42.794704,-0.3947044372558608,0.3947044372558608
9,45.8,45.775906,0.024094390869137783,0.024094390869137783
9,40.8,35.081783,5.718216705322263,5.718216705322263
9,48.9,50.88042,-1.9804206848144545,1.9804206848144545
9,49.6,52.842052,-3.2420524597167955,3.2420524597167955
9,44.4,44.969807,-0.5698066711425795,0.5698066711425795
9,49.5,49.80702,-0.3070182800292969,0.3070182800292969
9,48.5,49.227283,-0.7272834777832031,0.7272834777832031
9,46.3,46.45324,-0.1532394409179716,0.1532394409179716
9,48.9,50.42044,-1.5204406738281264,1.5204406738281264
9,42.4,42.208282,0.19171752929687358,0.19171752929687358
9,40.1,37.23373,2.866269683837892,2.866269683837892
9,26.0,26.661423,-0.6614227294921875,0.6614227294921875
9,28.4,28.720602,-0.32060203552246236,0.32060203552246236
9,9.9,12.876106,-2.976106262207031,2.976106262207031
9,17.2,23.363617,-6.163616943359376,6.163616943359376
9,20.2,19.84096,0.359040451049804,0.359040451049804
9,39.5,40.106728,-0.6067276000976562,0.6067276000976562
9,29.1,27.745125,1.3548751831054702,1.3548751831054702
9,8.1,6.862484,1.2375160217285153,1.2375160217285153
9,44.8,47.424557,-2.624556732177737,2.624556732177737
9,43.2,45.56908,-2.3690803527832003,2.3690803527832003
9,38.3,39.81497,-1.5149681091308622,1.5149681091308622
9,31.3,31.26544,0.03456001281738352,0.03456001281738352
9,31.8,32.01536,-0.21536178588867116,0.21536178588867116
9,2.9,2.6161056,0.2838944435119628,0.2838944435119628
9,37.6,40.007572,-2.407572174072264,2.407572174072264
9,10.4,10.24007,0.15992965698242223,0.15992965698242223
9,18.7,16.81931,1.8806907653808587,1.8806907653808587
9,38.7,39.35485,-0.6548507690429659,0.6548507690429659
9,41.2,41.075695,0.12430496215820597,0.12430496215820597
9,40.2,39.135128,1.0648719787597685,1.0648719787597685
9,38.3,39.75276,-1.4527618408203153,1.4527618408203153
9,37.6,40.99808,-3.398081207275389,3.398081207275389
9,38.1,38.769867,-0.6698669433593736,0.6698669433593736
9,37.6,37.43094,0.16906127929687642,0.16906127929687642
9,22.4,22.659761,-0.25976142883300923,0.25976142883300923
9,5.4,2.4246047,2.9753953456878666,2.9753953456878666
9,38.5,43.1387,-4.638698577880859,4.638698577880859
9,23.299999999999997,22.088455,1.2115447998046847,1.2115447998046847
9,37.6,36.02122,1.5787788391113295,1.5787788391113295
9,36.5,35.40287,1.0971298217773438,1.0971298217773438
9,38.2,36.664116,1.535884094238284,1.535884094238284
9,31.2,33.334164,-2.134163665771485,2.134163665771485
9,35.5,34.637417,0.8625831604003906,0.8625831604003906
9,37.4,35.858124,1.5418762207031236,1.5418762207031236
9,35.2,34.51543,0.6845695495605497,0.6845695495605497
9,35.1,33.211468,1.8885322570800795,1.8885322570800795
9,24.1,21.196117,2.9038825988769545,2.9038825988769545
9,16.9,13.870248,3.029752159118651,3.029752159118651
9,9.7,10.068415,-0.3684146881103523,0.3684146881103523
9,8.9,10.963671,-2.06367073059082,2.06367073059082
9,24.4,24.962927,-0.5629268646240249,0.5629268646240249
9,34.0,33.901787,0.09821319580078125,0.09821319580078125
9,10.8,9.69363,1.1063697814941413,1.1063697814941413
9,13.9,13.688009,0.21199073791503942,0.21199073791503942
9,27.5,26.901785,0.5982151031494141,0.5982151031494141
9,33.5,35.05854,-1.5585403442382812,1.5585403442382812
9,28.3,26.3502,1.9497993469238288,1.9497993469238288
9,10.8,11.426101,-0.6261007308959954,0.6261007308959954
9,19.9,20.981754,-1.081754302978517,1.081754302978517
9,23.5,26.56617,-3.0661697387695312,3.0661697387695312
9,9.1,7.46409,1.6359101295471188,1.6359101295471188
9,19.2,21.432768,-2.232767868041993,2.232767868041993
9,22.9,23.693104,-0.7931037902832045,0.7931037902832045
9,16.9,16.139496,0.7605041503906236,0.7605041503906236
9,29.4,29.719814,-0.3198143005371108,0.3198143005371108
9,33.4,32.634712,0.7652877807617173,0.7652877807617173
9,33.1,31.114641,1.985358810424806,1.985358810424806
9,32.8,30.971558,1.8284423828124972,1.8284423828124972
9,32.4,30.234245,2.16575469970703,2.16575469970703
9,24.6,22.42736,2.1726394653320327,2.1726394653320327
9,27.9,26.341436,1.5585636138916001,1.5585636138916001
9,22.5,24.15888,-1.6588802337646484,1.6588802337646484
9,27.5,28.682867,-1.1828670501708984,1.1828670501708984
9,21.5,22.375696,-0.8756961822509766,0.8756961822509766
9,27.9,26.761185,1.138815307617186,1.138815307617186
9,20.3,19.501343,0.7986572265625007,0.7986572265625007
9,26.2,25.544239,0.6557609558105462,0.6557609558105462
9,33.5,33.030556,0.46944427490234375,0.46944427490234375
9,22.3,22.776226,-0.47622604370117116,0.47622604370117116
9,33.7,34.927635,-1.227635192871091,1.227635192871091
9,34.4,34.514366,-0.11436614990234517,0.11436614990234517
9,30.6,32.584606,-1.9846061706542955,1.9846061706542955
9,30.9,29.506283,1.3937171936035142,1.3937171936035142
9,25.2,25.238104,-0.03810386657714915,0.03810386657714915
9,33.8,37.65772,-3.8577186584472685,3.8577186584472685
9,35.1,36.61201,-1.5120109558105455,1.5120109558105455
9,36.8,37.927097,-1.1270973205566435,1.1270973205566435
9,32.0,34.292145,-2.292144775390625,2.292144775390625
9,16.1,15.398852,0.7011476516723647,0.7011476516723647
9,3.6,2.2019522,1.3980477809906007,1.3980477809906007
9,26.2,29.999334,-3.799334335327149,3.799334335327149
9,35.0,35.162277,-0.1622772216796875,0.1622772216796875
9,33.6,29.774136,3.825864410400392,3.825864410400392
9,32.2,33.984776,-1.7847755432128878,1.7847755432128878
9,38.5,34.30227,4.197731018066406,4.197731018066406
9,36.8,39.266335,-2.466334533691409,2.466334533691409
9,37.5,39.65722,-2.1572189331054688,2.1572189331054688
9,16.6,21.003254,-4.403253936767577,4.403253936767577
9,11.8,30.238653,-18.438653182983398,18.438653182983398
9,26.3,25.123072,1.1769283294677741,1.1769283294677741
9,37.1,33.955124,3.144876098632814,3.144876098632814
9,28.0,25.176258,2.823741912841797,2.823741912841797
9,38.8,36.906963,1.8930366516113253,1.8930366516113253
9,38.3,37.569798,0.7302024841308565,0.7302024841308565
9,38.0,36.834072,1.1659278869628906,1.1659278869628906
9,30.3,28.226168,2.073832321166993,2.073832321166993
9,11.2,7.91412,3.2858798027038567,3.2858798027038567
9,19.8,22.772306,-2.9723064422607415,2.9723064422607415
9,28.6,29.583408,-0.9834083557128892,0.9834083557128892
9,41.3,42.642345,-1.3423454284667997,1.3423454284667997
9,40.7,40.135235,0.564765167236331,0.564765167236331
9,39.8,39.401726,0.3982742309570284,0.3982742309570284
9,40.2,38.115883,2.0841171264648466,2.0841171264648466
9,40.4,39.942966,0.45703353881835795,0.45703353881835795
9,40.3,36.943527,3.3564727783203097,3.3564727783203097
9,31.3,29.582762,1.7172382354736335,1.7172382354736335
9,28.9,26.78649,2.1135105133056626,2.1135105133056626
9,15.1,28.943642,-13.843641662597657,13.843641662597657
9,18.4,19.878786,-1.4787860870361342,1.4787860870361342
9,40.3,42.55969,-2.259688568115237,2.259688568115237
9,33.0,31.539091,1.4609088897705078,1.4609088897705078
9,30.3,29.796381,0.5036190032958991,0.5036190032958991
9,26.7,24.414278,2.2857219696044915,2.2857219696044915
9,36.8,36.667053,0.13294677734374716,0.13294677734374716
9,44.9,44.603775,0.2962249755859361,0.2962249755859361
9,40.4,41.492764,-1.0927635192871108,1.0927635192871108
9,35.95,36.81046,-0.8604591369628878,0.8604591369628878
9,31.5,27.543036,3.9569644927978516,3.9569644927978516
9,35.1,37.143642,-2.043642425537108,2.043642425537108
9,20.6,21.411863,-0.8118633270263658,0.8118633270263658
9,49.5,53.640182,-4.1401824951171875,4.1401824951171875
9,49.1,38.470173,10.629827117919923,10.629827117919923
9,8.8,8.675212,0.12478809356689524,0.12478809356689524
9,20.1,20.233955,-0.13395538330077983,0.13395538330077983
9,2.8,1.7356439,1.0643561363220213,1.0643561363220213
9,25.8,30.93235,-5.1323501586914055,5.1323501586914055
9,27.3,29.104057,-1.804057312011718,1.804057312011718
9,52.5,52.605026,-0.1050262451171875,0.1050262451171875
9,39.6,44.044518,-4.444517517089842,4.444517517089842
9,40.9,38.88111,2.0188888549804673,2.0188888549804673
9,28.7,30.893873,-2.1938732147216804,2.1938732147216804
9,21.6,23.06286,-1.4628604888916001,1.4628604888916001
9,54.5,56.14855,-1.6485481262207031,1.6485481262207031
9,54.4,53.62312,0.7768806457519517,0.7768806457519517
9,54.0,52.999905,1.0000953674316406,1.0000953674316406
9,42.1,42.35742,-0.2574218749999986,0.2574218749999986
9,47.300000000000004,49.1613,-1.8613006591796832,1.8613006591796832
9,48.8,48.46395,0.3360488891601534,0.3360488891601534
9,53.4,53.943825,-0.5438247680664077,0.5438247680664077
9,52.5,51.589417,0.91058349609375,0.91058349609375
9,52.8,52.119728,0.6802719116210909,0.6802719116210909
9,36.9,49.56955,-12.669549560546876,12.669549560546876
9,50.800000000000004,51.80737,-1.0073692321777301,1.0073692321777301
9,53.2,55.708336,-2.508335876464841,2.508335876464841
9,49.5,51.81489,-2.314891815185547,2.314891815185547
9,52.89999999999999,52.16466,0.7353385925292883,0.7353385925292883
9,54.8,54.546635,0.25336532592773153,0.25336532592773153
9,52.3,54.129738,-1.829737854003909,1.829737854003909
9,30.7,25.240583,5.459416580200195,5.459416580200195
9,10.4,10.175105,0.2248949050903324,0.2248949050903324
9,12.3,10.902247,1.3977525711059577,1.3977525711059577
9,2.0,-0.09895146,2.0989514589309692,2.0989514589309692
9,23.6,22.385254,1.2147460937500014,1.2147460937500014
9,41.9,42.986755,-1.0867553710937514,1.0867553710937514
9,3.8,3.646048,0.15395193099975568,0.15395193099975568
9,58.1,59.056236,-0.9562362670898423,0.9562362670898423
9,17.7,16.22257,1.4774295806884759,1.4774295806884759
9,8.1,7.6396723,0.4603277206420895,0.4603277206420895
9,38.1,43.25771,-5.157709503173827,5.157709503173827
9,32.4,35.627968,-3.2279678344726577,3.2279678344726577
9,6.2,8.990947,-2.7909467697143553,2.7909467697143553
9,16.6,17.725206,-1.125206375122069,1.125206375122069
9,26.8,31.013988,-4.213988494873046,4.213988494873046
9,10.4,13.557235,-3.1572347640991207,3.1572347640991207
9,14.4,16.465223,-2.0652233123779293,2.0652233123779293
9,30.5,33.741962,-3.241962432861328,3.241962432861328
9,7.6,6.6139727,0.9860273361206051,0.9860273361206051
9,16.7,15.539158,1.1608421325683587,1.1608421325683587
9,35.6,42.476315,-6.876314544677733,6.876314544677733
9,51.6,49.774498,1.8255020141601577,1.8255020141601577
9,2.5,3.3516002,-0.851600170135498,0.851600170135498
9,3.5,4.0117745,-0.5117745399475098,0.5117745399475098
9,10.6,12.100514,-1.5005144119262699,1.5005144119262699
9,25.5,30.478693,-4.978693008422852,4.978693008422852
9,46.9,50.83362,-3.9336181640625014,3.9336181640625014
9,22.1,19.509848,2.5901523590087905,2.5901523590087905
9,8.4,9.111849,-0.7118488311767575,0.7118488311767575
9,7.8,8.52661,-0.7266103744506838,0.7266103744506838
9,1.1,1.8117303,-0.7117302656173705,0.7117302656173705
9,41.6,38.53935,3.0606513977050795,3.0606513977050795
9,35.1,28.977615,6.122384643554689,6.122384643554689
9,2.5,2.239522,0.26047801971435547,0.26047801971435547
9,24.700000000000003,27.630707,-2.930706787109372,2.930706787109372
9,18.0,18.113804,-0.11380386352539062,0.11380386352539062
9,4.2,6.034968,-1.8349678993225096,1.8349678993225096
9,4.6,3.0539331,1.546066856384277,1.546066856384277
9,59.2,60.582935,-1.3829353332519503,1.3829353332519503
9,1.5000000000000002,0.68078214,0.8192178606987002,0.8192178606987002
9,6.000000000000001,8.040728,-2.0407276153564444,2.0407276153564444
9,5.3,1.7197865,3.580213475227356,3.580213475227356
9,30.3,35.579205,-5.279204559326171,5.279204559326171
9,59.6,66.3958,-6.795797729492186,6.795797729492186
9,53.3,55.462994,-2.1629936218261747,2.1629936218261747
9,6.7,7.5777974,-0.8777974128723143,0.8777974128723143
9,13.6,9.740637,3.859363174438476,3.859363174438476
9,50.3,48.94255,1.3574493408203097,1.3574493408203097
9,1.5000000000000002,0.38489586,1.115104138851166,1.115104138851166
9,1.6,1.7253369,-0.12533690929412833,0.12533690929412833
9,6.6,6.0035005,0.5964995384216305,0.5964995384216305
9,10.2,10.032778,0.16722221374511648,0.16722221374511648
9,49.8,47.83925,1.9607513427734347,1.9607513427734347
9,46.0,44.069218,1.9307823181152344,1.9307823181152344
9,10.9,10.16557,0.7344297409057621,0.7344297409057621
9,22.0,23.643251,-1.6432514190673828,1.6432514190673828
9,55.9,54.38021,1.5197891235351548,1.5197891235351548
9,12.8,11.695757,1.1042430877685554,1.1042430877685554
9,31.9,26.849394,5.050606155395506,5.050606155395506
9,39.2,35.595837,3.604163360595706,3.604163360595706
9,47.1,50.18727,-3.087271118164061,3.087271118164061
9,5.7,8.226942,-2.5269420623779295,2.5269420623779295
9,1.0,0.9869197,0.013080298900604248,0.013080298900604248
9,2.1,2.0547764,0.045223569869995206,0.045223569869995206
9,6.7,5.083501,1.6164991378784181,1.6164991378784181
9,34.4,36.708694,-2.308694458007814,2.308694458007814
9,11.9,13.051022,-1.151021575927734,1.151021575927734
9,8.3,7.4284415,0.8715584754943855,0.8715584754943855
9,23.8,23.58615,0.21385078430175852,0.21385078430175852
9,1.3,2.3465047,-1.0465046882629394,1.0465046882629394
9,1.9,2.399983,-0.4999829292297364,0.4999829292297364
9,12.1,10.291226,1.8087736129760739,1.8087736129760739
9,0.7,1.4848808,-0.784880805015564,0.784880805015564
9,7.8,10.658716,-2.8587162017822267,2.8587162017822267
9,1.2,0.5836129,0.6163870811462402,0.6163870811462402
9,6.3,4.218922,2.0810778617858885,2.0810778617858885
9,18.9,21.895271,-2.9952713012695327,2.9952713012695327
9,1.2,0.8939136,0.30608637332916255,0.30608637332916255
9,1.3,0.5299946,0.7700053930282593,0.7700053930282593
9,4.4,5.183893,-0.7838932037353512,0.7838932037353512
9,1.1,0.60805845,0.4919415473937989,0.4919415473937989
9,7.4,7.1333165,0.26668348312377965,0.26668348312377965
9,20.9,21.584621,-0.6846214294433608,0.6846214294433608
9,0.3,0.94316506,-0.6431650638580322,0.6431650638580322
9,18.3,16.532167,1.767832565307618,1.767832565307618
9,2.0,1.3483328,0.6516672372817993,0.6516672372817993
9,7.4,13.247896,-5.8478961944580075,5.8478961944580075
9,7.4,4.8352704,2.5647295951843265,2.5647295951843265
9,1.3,1.3405787,-0.04057867527008052,0.04057867527008052
9,1.7,1.981634,-0.28163402080535893,0.28163402080535893
9,1.3,1.5091217,-0.20912165641784664,0.20912165641784664
9,0.3,0.5044403,-0.2044403076171875,0.2044403076171875
9,3.6,2.839355,0.7606450080871583,0.7606450080871583
9,11.2,11.137563,0.06243724822997976,0.06243724822997976
9,20.8,18.459568,2.34043197631836,2.34043197631836
9,1.8,0.95555514,0.8444448590278626,0.8444448590278626
9,6.5,5.6099176,0.8900823593139648,0.8900823593139648
9,10.5,9.000284,1.499715805053711,1.499715805053711
9,4.5,6.1472864,-1.6472864151000977,1.6472864151000977
9,2.5,1.7780858,0.7219141721725464,0.7219141721725464
9,6.9,8.095154,-1.1951538085937496,1.1951538085937496
9,0.6,0.65733016,-0.05733015537261965,0.05733015537261965
9,1.3,1.0624547,0.23754529953002934,0.23754529953002934
9,0.5,0.32601961,0.17398038506507874,0.17398038506507874
9,1.1,0.18785405,0.9121459484100343,0.9121459484100343
9,1.8,0.9739334,0.8260666012763977,0.8260666012763977
9,14.5,7.646539,6.853460788726807,6.853460788726807
9,40.2,33.10807,7.091929626464847,7.091929626464847
9,55.1,47.289425,7.810575103759767,7.810575103759767
9,53.9,50.000008,3.8999923706054673,3.8999923706054673
9,0.1,0.3360587,-0.23605870604515075,0.23605870604515075
9,22.1,20.73834,1.3616596221923842,1.3616596221923842
9,1.3,0.85580057,0.44419943094253544,0.44419943094253544
9,50.2,52.949295,-2.7492950439453097,2.7492950439453097
9,4.4,3.4338617,0.9661382675170902,0.9661382675170902
9,2.9,3.416344,-0.5163439273834229,0.5163439273834229
9,8.3,7.06405,1.2359498023986824,1.2359498023986824
9,3.5,3.398832,0.10116791725158691,0.10116791725158691
9,14.2,15.618864,-1.418864059448243,1.418864059448243
9,7.7,8.279157,-0.5791566848754881,0.5791566848754881
9,2.2,2.6676803,-0.46768026351928693,0.46768026351928693
9,13.7,13.103502,0.596497726440429,0.596497726440429
9,31.0,34.879208,-3.8792076110839844,3.8792076110839844
9,7.2,7.9009986,-0.7009985923767088,0.7009985923767088
9,34.3,36.82929,-2.5292884826660185,2.5292884826660185
9,1.7,1.3661792,0.33382077217102046,0.33382077217102046
9,4.9,3.104448,1.7955519199371341,1.7955519199371341
9,8.9,8.376703,0.5232967376708988,0.5232967376708988
9,1.8,1.5675634,0.2324365854263306,0.2324365854263306
9,1.4,1.4079759,-0.0079759120941163,0.0079759120941163
9,6.000000000000001,5.834499,0.16550111770629972,0.16550111770629972
9,1.9,1.2520062,0.6479938268661498,0.6479938268661498
9,1.1,0.43521908,0.6647809207439423,0.6647809207439423
9,19.7,17.147175,2.552825164794921,2.552825164794921
9,1.4,-0.09102543,1.4910254269838332,1.4910254269838332
9,53.5,1.009026,52.49097394943237,52.49097394943237
9,25.1,3.7927313,21.307268714904787,21.307268714904787
9,0.8,0.194818,0.6051819950342179,0.6051819950342179
9,0.7,-0.2944909,0.9944909036159515,0.9944909036159515
9,7.5,8.076926,-0.5769262313842773,0.5769262313842773
9,69.2,63.98425,5.2157508850097685,5.2157508850097685
9,65.0,59.215256,5.7847442626953125,5.7847442626953125
9,71.6,63.047115,8.55288467407226,8.55288467407226
9,59.9,58.844616,1.0553840637207017,1.0553840637207017
9,6.2,4.168078,2.0319220542907717,2.0319220542907717
9,25.3,22.70147,2.598530578613282,2.598530578613282
9,26.4,23.938652,2.46134796142578,2.46134796142578
9,24.4,22.28841,2.1115898132324205,2.1115898132324205
9,31.5,28.634768,2.865232467651367,2.865232467651367
9,46.0,42.66991,3.330089569091797,3.330089569091797
9,65.4,63.744392,1.6556076049804744,1.6556076049804744
9,30.6,29.721498,0.8785015106201186,0.8785015106201186
9,51.1,48.109474,2.990525817871095,2.990525817871095
9,48.5,48.006214,0.4937858581542969,0.4937858581542969
9,58.0,56.739746,1.26025390625,1.26025390625
9,15.7,15.421728,0.27827186584472585,0.27827186584472585
9,67.2,63.19102,4.008979034423831,4.008979034423831
9,66.8,65.15398,1.6460235595703097,1.6460235595703097
9,65.6,65.87259,-0.2725891113281307,0.2725891113281307
9,62.9,63.245476,-0.34547576904297017,0.34547576904297017
9,12.5,11.773953,0.7260465621948242,0.7260465621948242
9,22.4,17.109772,5.290228271484374,5.290228271484374
9,3.0000000000000004,4.0004582,-1.0004582405090328,1.0004582405090328
9,17.0,68.25804,-51.25804138183594,51.25804138183594
9,11.8,36.94569,-25.145690155029296,25.145690155029296
9,17.2,20.109377,-2.9093769073486335,2.9093769073486335
9,11.2,11.775241,-0.5752408981323249,0.5752408981323249
9,5.9,6.8374686,-0.9374686241149899,0.9374686241149899
9,0.9,2.777421,-1.877420997619629,1.877420997619629
9,4.9,6.3554254,-1.4554253578186032,1.4554253578186032
9,0.8,1.5529933,-0.7529932975769043,0.7529932975769043
9,2.0,3.6701727,-1.6701726913452148,1.6701726913452148
9,4.3,4.156541,0.14345912933349592,0.14345912933349592
9,4.3,3.4311676,0.8688323974609373,0.8688323974609373
9,2.4,2.741362,-0.3413620948791505,0.3413620948791505
9,5.9,6.306296,-0.4062958717346188,0.4062958717346188
9,3.7,3.8988836,-0.19888358116149885,0.19888358116149885
9,7.5,7.097684,0.4023160934448242,0.4023160934448242
9,2.3,1.3497962,0.9502038240432737,0.9502038240432737
9,1.6,0.18832935,1.411670646071434,1.411670646071434
9,5.6,5.7353816,-0.13538160324096715,0.13538160324096715
9,7.0,30.09195,-23.091949462890625,23.091949462890625
9,8.4,15.35114,-6.951140022277832,6.951140022277832
9,8.9,13.936954,-5.036953544616699,5.036953544616699
9,5.6,4.8804975,0.7195025444030758,0.7195025444030758
9,8.0,7.0719,0.9281001091003418,0.9281001091003418
9,7.3,7.6079125,-0.3079125404357912,0.3079125404357912
9,7.1,7.0922427,0.007757282257079723,0.007757282257079723
9,7.8,6.765535,1.0344651222229002,1.0344651222229002
9,9.6,7.048775,2.55122480392456,2.55122480392456
9,9.7,7.841954,1.8580457687377923,1.8580457687377923
9,9.9,6.6480894,3.2519105911254886,3.2519105911254886
9,9.6,7.5419784,2.0580216407775875,2.0580216407775875
9,4.1,5.056296,-0.9562958717346195,0.9562958717346195
9,7.7,3.1030216,4.596978378295899,4.596978378295899
9,2.4,2.4167814,-0.016781425476074308,0.016781425476074308
9,8.7,5.8688083,2.831191730499267,2.831191730499267
9,7.8,4.2021737,3.597826290130615,3.597826290130615
9,4.4,3.7183304,0.6816696166992191,0.6816696166992191
9,2.7,2.952623,-0.25262289047241193,0.25262289047241193
9,6.5,5.7955227,0.7044773101806641,0.7044773101806641
9,6.95,7.3356485,-0.38564853668212873,0.38564853668212873
9,7.4,4.4025054,2.9974946022033695,2.9974946022033695
9,9.3,7.473464,1.8265359878540046,1.8265359878540046
9,5.8,3.5524125,2.247587490081787,2.247587490081787
9,9.9,7.429343,2.470656776428223,2.470656776428223
9,4.1,3.1671965,0.9328034877777096,0.9328034877777096
9,0.6,3.3188527,-2.718852663040161,2.718852663040161
9,9.3,7.0009317,2.299068260192872,2.299068260192872
9,10.5,7.6370387,2.8629612922668457,2.8629612922668457
9,11.1,8.687219,2.4127813339233395,2.4127813339233395
9,8.9,8.298719,0.6012805938720707,0.6012805938720707
9,9.2,8.713443,0.48655719757080007,0.48655719757080007
9,9.1,7.9756093,1.1243906974792477,1.1243906974792477
9,9.6,7.540168,2.059832191467285,2.059832191467285
9,9.5,8.639844,0.8601560592651367,0.8601560592651367
9,7.8,7.406245,0.39375476837158185,0.39375476837158185
9,5.6,4.28179,1.3182102203369137,1.3182102203369137
9,1.8,1.1354612,0.6645387887954712,0.6645387887954712
9,3.1,2.5013578,0.5986422061920167,0.5986422061920167
9,7.3,7.146437,0.15356283187866193,0.15356283187866193
9,8.4,9.323027,-0.9230266571044918,0.9230266571044918
9,2.1,2.6805964,-0.5805963516235351,0.5805963516235351
9,7.4,8.639038,-1.2390380859374996,1.2390380859374996
9,1.2,3.0933049,-1.8933048725128174,1.8933048725128174
9,8.6,6.1514287,2.4485713005065914,2.4485713005065914
9,8.1,5.124922,2.975078201293945,2.975078201293945
9,9.0,11.16967,-2.1696701049804688,2.1696701049804688
9,1.1,2.0887992,-0.988799238204956,0.988799238204956
9,0.5,2.8230822,-2.323082208633423,2.323082208633423
9,5.4,4.933584,0.4664157867431644,0.4664157867431644
9,3.9,4.0386386,-0.1386385917663575,0.1386385917663575
9,5.8,6.9086003,-1.1086003303527834,1.1086003303527834
9,4.2,7.5760484,-3.376048374176025,3.376048374176025
9,6.5,7.0234566,-0.5234565734863281,0.5234565734863281
9,5.8,6.9780188,-1.1780187606811525,1.1780187606811525
9,6.5,8.415879,-1.915879249572754,1.915879249572754
9,4.7,3.685108,1.0148920536041262,1.0148920536041262
9,6.6,5.5216966,1.0783034324645993,1.0783034324645993
9,2.1,2.5823967,-0.4823967456817626,0.4823967456817626
9,8.0,10.527534,-2.527533531188965,2.527533531188965
9,7.3,7.40897,-0.1089698791503908,0.1089698791503908
9,7.9,6.5473957,1.3526042938232425,1.3526042938232425
9,5.6,6.9134684,-1.3134683609008793,1.3134683609008793
9,2.6,4.3587055,-1.7587055206298827,1.7587055206298827
9,6.1,3.1769183,2.9230817317962643,2.9230817317962643
9,6.5,12.476595,-5.976594924926758,5.976594924926758
9,8.4,7.679386,0.7206138610839847,0.7206138610839847
9,7.2,7.046009,0.15399093627929705,0.15399093627929705
9,7.0,6.9555182,0.044481754302978516,0.044481754302978516
9,6.9,7.0781374,-0.17813739776611293,0.17813739776611293
9,7.7,6.676455,1.0235449790954592,1.0235449790954592
9,8.0,4.7024164,3.29758358001709,3.29758358001709
9,7.4,7.4207544,-0.0207544326782223,0.0207544326782223
9,4.0,3.065461,0.9345390796661377,0.9345390796661377
9,1.0,2.324483,-1.3244829177856445,1.3244829177856445
9,3.2,3.1504567,0.049543333053589045,0.049543333053589045
9,6.1,3.5856633,2.5143366813659664,2.5143366813659664
9,7.55,5.314965,2.235035228729248,2.235035228729248
9,9.0,4.6001353,4.399864673614502,4.399864673614502
9,8.1,6.550002,1.5499979019165036,1.5499979019165036
9,8.8,8.133982,0.6660182952880866,0.6660182952880866
9,6.9,8.94992,-2.0499197006225582,2.0499197006225582
9,6.5,8.285389,-1.7853889465332031,1.7853889465332031
9,7.9,7.603349,0.29665079116821325,0.29665079116821325
9,8.55,6.1775823,2.3724177360534675,2.3724177360534675
9,9.2,5.491804,3.7081958770751946,3.7081958770751946
9,3.5,6.1111274,-2.6111273765563965,2.6111273765563965
9,5.5,6.24643,-0.7464299201965332,0.7464299201965332
9,6.5,3.489976,3.010024070739746,3.010024070739746
9,7.5,4.527191,2.972808837890625,2.972808837890625
9,4.6,3.3160527,1.2839473247528073,1.2839473247528073
9,7.8,5.6419206,2.158079433441162,2.158079433441162
9,6.2,4.759528,1.4404718399047853,1.4404718399047853
9,5.3,4.0047235,1.2952764511108397,1.2952764511108397
9,8.6,6.9436293,1.6563707351684567,1.6563707351684567
9,5.9,5.0777144,0.8222855567932132,0.8222855567932132
9,6.9,5.805532,1.0944680213928226,1.0944680213928226
9,3.8,4.507016,-0.707016181945801,0.707016181945801
9,2.8,5.608588,-2.808588218688965,2.808588218688965
9,3.6,3.9173837,-0.3173836708068847,0.3173836708068847
9,4.2,7.4495115,-3.2495115280151365,3.2495115280151365
9,6.6,6.37737,0.2226301193237301,0.2226301193237301
9,3.9,5.7189813,-1.8189812660217286,1.8189812660217286
9,4.3,6.1514745,-1.8514744758605959,1.8514744758605959
9,1.1,6.9379406,-5.83794059753418,5.83794059753418
9,8.3,11.325883,-3.025882911682128,3.025882911682128
9,2.6,3.7422948,-1.1422947883605956,1.1422947883605956
9,6.1,3.2216527,2.878347253799438,2.878347253799438
9,7.4,7.2511,0.14889993667602575,0.14889993667602575
9,6.2,5.2699165,0.930083465576172,0.930083465576172
9,5.5,4.3575764,1.1424236297607422,1.1424236297607422
9,2.8,3.0102968,-0.21029682159423846,0.21029682159423846
9,2.5,4.5791464,-2.079146385192871,2.079146385192871
9,6.000000000000001,2.6117887,3.3882112503051767,3.3882112503051767
9,7.1,6.284694,0.8153058052062985,0.8153058052062985
9,5.3,2.5734193,2.7265806674957274,2.7265806674957274
9,7.7,10.889264,-3.189264106750488,3.189264106750488
9,7.1,7.2538714,-0.15387144088745153,0.15387144088745153
9,8.4,8.444687,-0.044686889648437145,0.044686889648437145
9,8.1,9.273236,-1.1732362747192386,1.1732362747192386
9,8.3,8.890306,-0.5903064727783196,0.5903064727783196
9,8.0,8.247588,-0.2475881576538086,0.2475881576538086
9,6.1,3.9120884,2.1879116058349606,2.1879116058349606
9,7.3,6.2770157,1.0229843139648436,1.0229843139648436
9,7.6,6.293491,1.3065091133117672,1.3065091133117672
9,6.9,7.966074,-1.0660739898681637,1.0660739898681637
9,6.000000000000001,6.760342,-0.7603421211242667,0.7603421211242667
9,7.8,7.2914386,0.5085614204406737,0.5085614204406737
9,6.9,5.7773705,1.122629547119141,1.122629547119141
9,6.9,5.7655234,1.1344765663146976,1.1344765663146976
9,5.1,4.6894236,0.41057643890380824,0.41057643890380824
9,5.0,3.224542,1.7754580974578857,1.7754580974578857
9,4.3,3.8832226,0.41677742004394513,0.41677742004394513
9,5.5,5.6804276,-0.18042755126953125,0.18042755126953125
9,5.4,6.33604,-0.9360400199890133,0.9360400199890133
9,12.2,6.680558,5.51944179534912,5.51944179534912
9,1.5000000000000002,1.2207943,0.2792056798934939,0.2792056798934939
9,7.5,9.7069,-2.206899642944336,2.206899642944336
9,8.4,8.912278,-0.5122781753540036,0.5122781753540036
9,7.8,6.548532,1.251467990875244,1.251467990875244
9,8.3,9.802355,-1.5023548126220696,1.5023548126220696
9,8.8,9.211778,-0.4117776870727532,0.4117776870727532
9,8.9,7.207857,1.6921428680419925,1.6921428680419925
9,8.7,8.684272,0.015728187561034446,0.015728187561034446
9,7.6,6.5944467,1.0055533409118649,1.0055533409118649
9,7.2,7.656786,-0.45678596496582013,0.45678596496582013
9,6.5,6.3327107,0.16728925704956055,0.16728925704956055
9,4.5,7.817016,-3.317016124725342,3.317016124725342
9,4.5,6.0031443,-1.5031442642211914,1.5031442642211914
9,8.7,9.275279,-0.5752790451049812,0.5752790451049812
9,9.7,10.10698,-0.4069803237915046,0.4069803237915046
9,2.6,1.7422249,0.8577750682830811,0.8577750682830811
9,3.3,1.9765329,1.3234670639038084,1.3234670639038084
9,10.6,12.205787,-1.6057867050170902,1.6057867050170902
9,8.9,7.29471,1.6052898406982425,1.6052898406982425
9,5.7,2.8402822,2.8597177982330324,2.8597177982330324
9,9.8,7.4222565,2.377743530273438,2.377743530273438
9,3.9,1.6442358,2.2557641506195067,2.2557641506195067
9,2.0,1.9352133,0.06478667259216309,0.06478667259216309
9,4.1,2.126275,1.9737249374389645,1.9737249374389645
9,16.4,9.124802,7.275198364257811,7.275198364257811
9,14.3,12.570519,1.7294805526733406,1.7294805526733406
9,8.1,9.953183,-1.8531831741333011,1.8531831741333011
9,8.4,10.600907,-2.2009073257446286,2.2009073257446286
9,16.3,10.580668,5.719331550598145,5.719331550598145
9,18.9,11.021714,7.878285789489745,7.878285789489745
9,17.8,10.794877,7.005122947692872,7.005122947692872
9,37.0,9.147129,27.85287094116211,27.85287094116211
9,51.6,25.923033,25.676967239379884,25.676967239379884
9,11.8,15.121293,-3.321293067932128,3.321293067932128
9,18.6,15.440498,3.15950164794922,3.15950164794922
9,20.3,20.663857,-0.36385650634765554,0.36385650634765554
9,54.0,47.596043,6.403957366943359,6.403957366943359
9,50.6,38.900143,11.699857330322267,11.699857330322267
9,28.3,23.759365,4.540634918212891,4.540634918212891
9,7.7,6.6890755,1.010924530029297,1.010924530029297
9,19.8,14.136405,5.663595008850098,5.663595008850098
9,37.7,34.870243,2.829756927490237,2.829756927490237
9,55.9,50.26518,5.634821319580077,5.634821319580077
9,14.6,32.62147,-18.021471405029295,18.021471405029295
9,22.8,20.98451,1.815489578247071,1.815489578247071
9,54.0,48.886047,5.11395263671875,5.11395263671875
9,47.8,48.634766,-0.8347656250000028,0.8347656250000028
9,60.0,51.08304,8.916961669921875,8.916961669921875
9,59.0,53.365047,5.634952545166016,5.634952545166016
9,47.6,33.768345,13.83165512084961,13.83165512084961
9,21.1,23.435104,-2.335104370117186,2.335104370117186
9,35.5,33.034176,2.4658241271972656,2.4658241271972656
9,44.9,45.255386,-0.3553863525390639,0.3553863525390639
9,22.1,21.81396,0.28604087829589986,0.28604087829589986
9,61.3,56.89776,4.402241516113278,4.402241516113278
9,58.2,62.545288,-4.345288085937497,4.345288085937497
9,49.1,49.470654,-0.37065353393554545,0.37065353393554545
9,3.0000000000000004,5.344568,-2.344567775726318,2.344567775726318
9,28.8,10.1315975,18.668402481079102,18.668402481079102
9,57.0,34.53588,22.46411895751953,22.46411895751953
9,26.2,26.385918,-0.18591766357421946,0.18591766357421946
9,24.5,20.736647,3.7633533477783203,3.7633533477783203
9,53.4,62.382694,-8.982694244384767,8.982694244384767
9,61.6,66.81899,-5.218992614746092,5.218992614746092
9,62.0,61.93245,0.0675506591796875,0.0675506591796875
9,22.5,24.821215,-2.3212146759033203,2.3212146759033203
9,10.7,11.266974,-0.5669744491577156,0.5669744491577156
9,29.4,24.730232,4.669767761230467,4.669767761230467
9,63.1,55.13248,7.967519378662111,7.967519378662111
9,38.8,37.665886,1.1341140747070284,1.1341140747070284
9,2.8,3.8619225,-1.0619225025177004,1.0619225025177004
9,4.3,3.1940503,1.1059496879577635,1.1059496879577635
9,3.6,2.4540231,1.1459768772125245,1.1459768772125245
9,11.8,17.965796,-6.165795516967773,6.165795516967773
9,15.8,14.8342085,0.9657915115356452,0.9657915115356452
9,37.4,39.188442,-1.7884422302246108,1.7884422302246108
9,58.3,50.09736,8.202641296386716,8.202641296386716
9,54.6,52.02848,2.571519470214845,2.571519470214845
9,27.4,47.5294,-20.129399871826173,20.129399871826173
9,51.3,40.873024,10.426976013183591,10.426976013183591
9,20.3,13.056739,7.243261146545411,7.243261146545411
9,60.3,40.448425,19.851574707031247,19.851574707031247
9,58.1,54.564026,3.5359741210937514,3.5359741210937514
9,33.8,33.155872,0.644127655029294,0.644127655029294
9,1.5000000000000002,2.376974,-0.8769741058349607,0.8769741058349607
9,27.9,25.118536,2.7814640045166,2.7814640045166
9,9.9,11.390752,-1.4907518386840817,1.4907518386840817
9,9.2,9.724626,-0.5246255874633796,0.5246255874633796
9,2.3,2.797867,-0.4978670597076418,0.4978670597076418
9,2.4,3.200788,-0.8007880210876466,0.8007880210876466
9,3.7,5.405534,-1.7055337905883787,1.7055337905883787
9,45.0,44.11718,0.8828201293945312,0.8828201293945312
9,8.2,5.869259,2.330741119384765,2.330741119384765
9,57.8,50.871513,6.928486633300778,6.928486633300778
9,59.3,56.32759,2.9724090576171847,2.9724090576171847
9,10.8,10.992576,-0.19257564544677663,0.19257564544677663
9,1.7,1.1743947,0.5256052732467651,0.5256052732467651
9,1.0,1.2432151,-0.24321508407592773,0.24321508407592773
9,2.3,2.282062,0.0179379463195799,0.0179379463195799
9,6.9,3.7297187,3.170281314849854,3.170281314849854
9,1.3,1.1630229,0.1369771242141724,0.1369771242141724
9,0.3,0.94577545,-0.6457754492759704,0.6457754492759704
9,2.3,3.9131289,-1.6131288528442385,1.6131288528442385
9,12.1,15.608321,-3.5083211898803714,3.5083211898803714
9,1.8,1.1503185,0.6496814966201783,0.6496814966201783
9,2.1,1.5177554,0.5822446107864381,0.5822446107864381
9,3.5,4.9563212,-1.4563212394714355,1.4563212394714355
9,1.6,1.2541715,0.3458285093307496,0.3458285093307496
9,57.7,55.53912,2.1608802795410185,2.1608802795410185
9,49.2,48.470116,0.7298843383789091,0.7298843383789091
9,1.1,1.8802168,-0.7802168369293212,0.7802168369293212
9,3.6,3.2966683,0.30333170890808114,0.30333170890808114
9,4.1,2.7291467,1.3708532810211178,1.3708532810211178
9,2.0,1.6046294,0.39537060260772705,0.39537060260772705
9,23.2,25.296818,-2.0968177795410163,2.0968177795410163
9,0.2,0.0015675671,0.1984324328834191,0.1984324328834191
9,0.6,0.81047666,-0.2104766607284546,0.2104766607284546
9,1.9,0.45281687,1.4471831262111663,1.4471831262111663
9,27.7,32.061703,-4.361702728271485,4.361702728271485
9,0.5,-0.64722407,1.1472240686416626,1.1472240686416626
9,11.2,9.695026,1.5049736022949212,1.5049736022949212
9,6.05,5.8461795,0.2038205146789549,0.2038205146789549
9,3.48,31.483868,-28.00386764526367,28.00386764526367
9,0.9,0.6521024,0.24789758920669558,0.24789758920669558
9,24.2,23.394974,0.8050262451171868,0.8050262451171868
9,1.0,1.2642978,-0.26429784297943115,0.26429784297943115
9,9.5,13.005125,-3.505125045776367,3.505125045776367
9,2.2,1.96688,0.23312003612518328,0.23312003612518328
9,41.1,39.948956,1.1510444641113295,1.1510444641113295
9,23.299999999999997,22.70797,0.5920303344726534,0.5920303344726534
9,0.4,0.4783902,-0.07839018702507017,0.07839018702507017
9,5.5,4.826321,0.6736788749694824,0.6736788749694824
9,50.7,53.53212,-2.8321197509765597,2.8321197509765597
9,10.8,11.942796,-1.1427957534790032,1.1427957534790032
9,0.3,0.7801699,-0.48016990423202516,0.48016990423202516
9,2.2,2.541463,-0.34146289825439435,0.34146289825439435
9,2.8,40.136868,-37.33686752319336,37.33686752319336
9,3.1,23.495258,-20.395258331298827,20.395258331298827
9,3.4,2.739742,0.6602579593658446,0.6602579593658446
9,0.4,6.614214,-6.214213943481445,6.214213943481445
9,1.5000000000000002,0.86022115,0.6397788524627688,0.6397788524627688
9,0.8,0.29206896,0.5079310417175293,0.5079310417175293
9,13.5,13.5702305,-0.07023048400878906,0.07023048400878906
9,2.6,3.5908806,-0.9908806324005126,0.9908806324005126
9,0.5,0.22725132,0.2727486789226532,0.2727486789226532
9,27.0,6.525069,20.47493076324463,20.47493076324463
9,46.5,38.343117,8.156883239746094,8.156883239746094
9,46.8,47.75235,-0.9523498535156278,0.9523498535156278
9,8.8,8.050399,0.7496011734008796,0.7496011734008796
9,2.5,2.826579,-0.32657909393310547,0.32657909393310547
9,16.2,0.413113,15.786887001991271,15.786887001991271
9,17.2,37.92142,-20.72142105102539,20.72142105102539
9,1.1,3.8020837,-2.7020837306976317,2.7020837306976317
9,8.9,11.536122,-2.636122322082519,2.636122322082519
9,19.1,3.1903763,15.90962371826172,15.90962371826172
9,29.6,24.64958,4.950419998168947,4.950419998168947
9,26.7,20.953049,5.746951293945312,5.746951293945312
9,51.4,36.7063,14.693701171874999,14.693701171874999
9,25.9,27.573713,-1.673713302612306,1.673713302612306
9,24.5,21.189922,3.310077667236328,3.310077667236328
9,34.8,0.9956379,33.80436210632324,33.80436210632324
9,50.4,8.937401,41.462599182128905,41.462599182128905
9,4.5,3.9413342,0.5586657524108887,0.5586657524108887
9,25.9,21.83951,4.060490036010741,4.060490036010741
9,31.4,30.903849,0.4961513519287095,0.4961513519287095
9,2.3,2.098489,0.20151095390319806,0.20151095390319806
9,20.9,15.688492,5.211508178710936,5.211508178710936
9,3.9,4.443767,-0.5437670707702638,0.5437670707702638
9,2.4,7.898894,-5.4988938331604,5.4988938331604
9,57.6,52.15491,5.445088958740236,5.445088958740236
9,45.6,41.916153,3.683847045898439,3.683847045898439
9,0.4,1.4428622,-1.0428621530532838,1.0428621530532838
9,2.1,3.100093,-1.0000928878784179,1.0000928878784179
9,24.5,24.79959,-0.2995891571044922,0.2995891571044922
9,3.5,5.2949715,-1.7949714660644531,1.7949714660644531
9,36.8,34.12314,2.676861572265622,2.676861572265622
9,11.9,9.96864,1.931359672546387,1.931359672546387
9,2.9,1.6315042,1.2684958219528197,1.2684958219528197
9,2.2,0.8623937,1.3376063227653505,1.3376063227653505
9,9.8,9.33885,0.461149978637696,0.461149978637696
9,9.7,8.042156,1.6578437805175774,1.6578437805175774
9,61.0,60.247326,0.7526741027832031,0.7526741027832031
9,0.6,-0.0350724,0.6350724011659622,0.6350724011659622
9,19.0,15.886615,3.1133852005004883,3.1133852005004883
9,28.6,31.88791,-3.2879108428955064,3.2879108428955064
9,65.3,65.67628,-0.3762771606445341,0.3762771606445341
9,14.8,15.806604,-1.0066043853759759,1.0066043853759759
9,22.7,18.462114,4.237885665893554,4.237885665893554
9,52.1,51.740078,0.35992202758789205,0.35992202758789205
9,62.9,65.83024,-2.9302383422851577,2.9302383422851577
9,6.000000000000001,5.571674,0.42832612991333097,0.42832612991333097
9,18.6,14.713976,3.886024093627931,3.886024093627931
9,1.0,2.6123655,-1.612365484237671,1.612365484237671
9,42.6,45.6615,-3.0614990234374986,3.0614990234374986
9,4.8,5.4086986,-0.6086985588073732,0.6086985588073732
9,55.4,54.379826,1.020174407958983,1.020174407958983
9,5.8,5.2308292,0.5691707611083983,0.5691707611083983
9,15.9,15.551096,0.3489040374755863,0.3489040374755863
9,8.6,8.8315,-0.23150005340576207,0.23150005340576207
9,61.5,57.386936,4.113063812255859,4.113063812255859
9,10.0,11.198376,-1.1983757019042969,1.1983757019042969
9,28.6,22.033682,6.5663181304931655,6.5663181304931655
9,53.0,52.83053,0.16947174072265625,0.16947174072265625
9,40.6,69.2944,-28.694403076171874,28.694403076171874
9,66.9,55.83839,11.061609649658209,11.061609649658209
9,60.3,54.47584,5.8241584777832,5.8241584777832
9,20.3,21.059814,-0.7598144531249993,0.7598144531249993
9,64.1,58.149315,5.950685119628901,5.950685119628901
9,65.6,64.75408,0.8459182739257756,0.8459182739257756
9,66.1,60.421673,5.678327178955072,5.678327178955072
9,63.3,62.50312,0.7968795776367159,0.7968795776367159
9,65.4,62.9485,2.451498413085943,2.451498413085943
9,67.0,66.02608,0.9739227294921875,0.9739227294921875
9,63.5,61.605465,1.8945350646972656,1.8945350646972656
9,55.0,60.192036,-5.192035675048828,5.192035675048828
9,50.75,42.497826,8.252174377441406,8.252174377441406
9,46.5,29.749914,16.750085830688477,16.750085830688477
9,28.6,32.053314,-3.4533142089843736,3.4533142089843736
9,59.0,58.61081,0.389190673828125,0.389190673828125
9,4.8,4.1036963,0.6963036537170408,0.6963036537170408
9,7.3,6.638582,0.661417770385742,0.661417770385742
9,7.2,8.413087,-1.2130868911743162,1.2130868911743162
9,29.1,32.095165,-2.9951652526855455,2.9951652526855455
9,61.1,60.585545,0.5144554138183608,0.5144554138183608
9,48.5,50.020638,-1.5206375122070312,1.5206375122070312
9,49.5,51.36568,-1.8656806945800781,1.8656806945800781
9,59.9,63.381073,-3.4810729980468764,3.4810729980468764
9,58.2,59.721603,-1.5216033935546847,1.5216033935546847
9,57.9,60.670605,-2.7706047058105483,2.7706047058105483
9,56.4,60.670387,-4.270387268066408,4.270387268066408
9,57.2,60.899887,-3.6998870849609347,3.6998870849609347
9,57.9,61.12151,-3.2215095520019545,3.2215095520019545
9,53.6,54.98432,-1.3843215942382798,1.3843215942382798
9,26.4,23.829414,2.5705856323242173,2.5705856323242173
9,9.1,7.2323446,1.8676553726196286,1.8676553726196286
9,3.7,2.8343916,0.8656084060668947,0.8656084060668947
9,2.2,2.9328132,-0.7328131675720213,0.7328131675720213
9,9.1,9.385858,-0.2858575820922855,0.2858575820922855
9,20.2,20.363625,-0.16362457275390696,0.16362457275390696
9,46.1,46.56938,-0.4693817138671861,0.4693817138671861
9,2.7,1.1227854,1.577214550971985,1.577214550971985
9,25.1,27.00025,-1.900249862670897,1.900249862670897
9,4.6,5.455799,-0.8557991027832035,0.8557991027832035
9,4.7,3.2645273,1.4354726791381838,1.4354726791381838
9,36.8,39.045376,-2.245375823974612,2.245375823974612
9,33.8,31.294218,2.505781936645505,2.505781936645505
9,51.0,53.890995,-2.8909950256347656,2.8909950256347656
9,42.3,44.578514,-2.2785140991210966,2.2785140991210966
9,46.5,46.69759,-0.19758987426757812,0.19758987426757812
9,34.6,35.480335,-0.8803352355957017,0.8803352355957017
9,53.7,45.52036,8.179640960693362,8.179640960693362
9,60.2,53.13158,7.0684196472168,7.0684196472168
9,52.3,55.862553,-3.5625526428222685,3.5625526428222685
9,51.49999999999999,53.088055,-1.588054656982429,1.588054656982429
9,48.5,48.733723,-0.23372268676757812,0.23372268676757812
9,50.7,51.0293,-0.3293006896972628,0.3293006896972628
9,49.3,47.53383,1.7661712646484347,1.7661712646484347
9,50.800000000000004,48.937153,1.8628471374511761,1.8628471374511761
9,23.7,23.79174,-0.09174041748046946,0.09174041748046946
9,4.3,2.5127137,1.787286329269409,1.787286329269409
9,20.1,21.810686,-1.710686111450194,1.710686111450194
9,29.4,31.056698,-1.6566978454589858,1.6566978454589858
9,27.1,23.97507,3.124929046630861,3.124929046630861
9,46.9,45.933266,0.9667343139648423,0.9667343139648423
9,37.7,29.523909,8.176091384887698,8.176091384887698
9,31.6,31.328135,0.27186546325683736,0.27186546325683736
9,26.7,29.516382,-2.8163822174072273,2.8163822174072273
9,43.3,43.569637,-0.2696372985839872,0.2696372985839872
9,52.0,42.286797,9.713203430175781,9.713203430175781
9,38.2,37.946785,0.2532150268554716,0.2532150268554716
9,6.6,8.7960005,-2.196000480651856,2.196000480651856
9,39.4,44.859825,-5.459825134277345,5.459825134277345
9,43.3,44.52338,-1.2233802795410185,1.2233802795410185
9,43.5,45.222107,-1.72210693359375,1.72210693359375
9,42.0,42.937202,-0.9372024536132812,0.9372024536132812
9,35.0,38.368847,-3.368846893310547,3.368846893310547
9,39.2,39.056885,0.14311523437500284,0.14311523437500284
9,24.8,22.808653,1.9913471221923835,1.9913471221923835
9,35.3,29.982897,5.317103195190427,5.317103195190427
9,39.9,41.621506,-1.721505737304689,1.721505737304689
9,40.3,40.800976,-0.5009757995605497,0.5009757995605497
9,24.5,23.527264,0.9727363586425781,0.9727363586425781
9,40.0,37.388542,2.6114578247070312,2.6114578247070312
9,37.7,37.83572,-0.13572006225585653,0.13572006225585653
9,35.4,33.909256,1.490744018554686,1.490744018554686
9,29.2,25.995428,3.204571914672851,3.204571914672851
9,39.7,35.46956,4.23044128417969,4.23044128417969
9,30.2,37.037758,-6.837757873535157,6.837757873535157
9,20.9,25.85954,-4.959540939331056,4.959540939331056
9,29.4,30.080715,-0.6807151794433608,0.6807151794433608
9,28.9,28.161428,0.7385715484619126,0.7385715484619126
9,19.2,18.568375,0.6316253662109368,0.6316253662109368
9,21.9,20.490778,1.409222030639647,1.409222030639647
9,32.6,32.852547,-0.25254669189452983,0.25254669189452983
9,36.0,34.56399,1.4360084533691406,1.4360084533691406
9,38.3,35.766468,2.533531951904294,2.533531951904294
9,31.7,31.395523,0.3044769287109368,0.3044769287109368
9,30.8,34.37861,-3.5786087036132805,3.5786087036132805
9,29.2,27.656677,1.5433227539062493,1.5433227539062493
9,19.7,23.946676,-4.246676254272462,4.246676254272462
9,26.1,27.289654,-1.1896537780761705,1.1896537780761705
9,24.700000000000003,24.101421,0.598578643798831,0.598578643798831
9,23.2,22.424034,0.7759658813476555,0.7759658813476555
9,0.1,19.399347,-19.29934730529785,19.29934730529785
