Dataset,MAE e-base,MSE e-base,R2 e-base,T(entrainement-e-base)[s],PSO best R2,PSO best cost (val_loss),Paramètres optimisés,T(PSO)[s],T(entrainement-optimisé)[s],MAE optimisé,MSE optimisé,R2 optimisé,T(evaluation-inference)[s],Nombre d'époques e-base,Nombre d'époques optimisé
batiment_1,0.27605404655082844,0.09374045418641572,-0.5650327405706363,4.338371515274048,-0.7931805761120663,0.2298400104045868,"lr=0.00615, f1=117, f2=65, dense=84",273.9482355117798,5.3263280391693115,0.29604781614839887,0.10740577962714956,-0.7931805761120663,0.6286885738372803,30,50
